id,svg
fa1d8fa7-080f-4269-a9cf-a17562c9a0ca,"<svg xmlns=""http://www.w3.org/2000/svg"" width=""256"" height=""256"" fill=""none"" viewBox=""0 0 256 256""><path stroke=""#000"" stroke-linecap=""round"" stroke-linejoin=""round"" stroke-width=""21.33"" d=""M48 96v-74.67m0 21.34V64m0 21.33V85.33m0 21.34V106.67m0 21.34V128m0 21.33V149.33m0 21.34V170.67m0 21.34V192m0 21.33V213.33m0 21.34V234.67m0 21.33V256""/></svg>"
6eede943219547c22ac56085027d33cc,"<svg xmlns=""http://www.w3.org/2000/svg"" width=""256"" height=""256"" viewBox=""0 0 256 256""><path fill=""#4d4d4d"" d=""M0 8a8 8 0 0 1 8-8h192a8 8 0 0 1 8 8v16H0zm0 72a8 8 0 0 1 8-8h192a8 8 0 0 1 8 8v16H0zM0 144a8 8 0 0 1 8-8h192a8 8 0 0 1 8 8v16H0z""/></svg>"
ea045c7a247166f061ce504d9b7ccaab,"<svg xmlns=""http://www.w3.org/2000/svg"" width=""256"" height=""256"" viewBox=""0 0 256 256""><path fill=""#4d4d4d"" d=""M178.93 178.93H21.33V21.33h157.6zm-157.6-16v157.6h157.6V21.33zM128 128a10.67 10.67 0 0 1-10.67-10.67V10.67A10.67 10.67 0 0 1 128 0h106.67a10.67 10.67 0 0 1 10.66 10.67v106.66A10.67 10.67 0 0 1 128 128m-10.67-10.67v106.66c0 5.87-4.78 10.67-10.66 10.67H10.67A10.67 10.67 0 0 1 0 138.67V10.67C0 4.78 4.78 0 10.67 0z""/><path fill=""#4d4d4d"" d=""M128 128a10.67 10.67 0 0 1-10.67-10.67V10.67A10.67 10.67 0 0 1 128 0h106.67a10.67 10.67 0 0 1 10.66 10.67v106.66A10.67 10.67 0 0 1 128 128m-10.67-10.67v106.66c0 5.87-4.78 10.67-10.66 10.67H10.67A10.67 10.67 0 0 1 0 138.67V10.67C0 4.78 4.78 0 10.67 0z""/></svg>"
8fe82f3af89e487b31236ca829c3f071,"<svg xmlns=""http://www.w3.org/2000/svg"" width=""256"" height=""256"" viewBox=""0 0 256 256""><path d=""M184 72h-16v-8a8 8 0 0 0-16 0v8H96V64a8 8 0 0 0-16 0v8H80a8 8 0 0 0 0 16h8v16H8a8 8 0 0 0 0 16h8v16a8 8 0 0 0 16 0v-8h80v8a8 8 0 0 0 16 0v-8h80a8 8 0 0 0 0-16h-8v-16h8a8 8 0 0 0 0-16h-8zm-16 16v16h-16v-16zM16 16v16h16V16z""/></svg>"
600464e4d92c75338462271a09b3f176,"<svg xmlns=""http://www.w3.org/2000/svg"" width=""256"" height=""256"" viewBox=""0 0 256 256""><path fill=""#4e5969"" d=""M87.5 192.5c-1.5 0-3-.5-4.5-1.5L1.5 101.5a5.5 5.5 0 0 1 0-7.5l81-81A5.5 5.5 0 0 1 92 0h.5c2.5 0 4.5 1.5 4.5 4.5v181c0 2.5-2 4.5-4.5 4.5""/></svg>"
9e831fb6831745f4d15156b7a95e4f92,"<svg xmlns=""http://www.w3.org/2000/svg"" width=""256"" height=""256"" fill=""none"" viewBox=""0 0 256 256""><path stroke=""#ff9f43"" stroke-linecap=""round"" stroke-width=""16"" d=""M87.2 10.67c-1.6 0-3.2 0-4.8 1.07L1.07 85.33a10.67 10.67 0 0 0 0 19.2l85.34 74.66A10.67 10.67 0 0 0 128 160h85.33a10.67 10.67 0 0 0 10.67-10.67v-128A10.67 10.67 0 0 0 128 0z""/><g stroke=""#ff9f43"" stroke-linecap=""round"" stroke-width=""16""><path d=""m128 106.67 10.67-10.66V85.33H128zm-10.67 0v21.34H128zM128 128v21.33H128z""/><path d=""M128 128v21.33H128z""/></g></svg>"
8cbefcd53fd5dfa2cbe1b374356ed709,"<svg xmlns=""http://www.w3.org/2000/svg"" width=""256"" height=""256"" viewBox=""0 0 256 256""><path fill=""#4e8cee"" d=""M97.28 194.56a97.28 97.28 0 1 1 97.28-97.28 97.4 97.4 0 0 1-97.28 97.28m0-181.76A84.48 84.48 0 1 0 181.76 97.28 84.5 84.5 0 0 0 97.28 16""/><path fill=""#4e8cee"" d=""M102.4 153.6H89.6v-12.8h12.8zm0-38.4H89.6V96h12.8z""/><path fill=""#4e8cee"" d=""M102.4 153.6H89.6v-12.8h12.8zm0-38.4H89.6V96h12.8zM102.4 128H89.6v-12.8h12.8zm0-38.4H89.6V96h12.8z""/></svg>"
625181a2-600d-4db5-83c6-1a34676eb0dc,"<svg xmlns=""http://www.w3.org/2000/svg"" width=""256"" height=""256"" fill=""none"" viewBox=""0 0 256 256""><g stroke=""#000"" stroke-linecap=""round"" stroke-linejoin=""round"" stroke-width=""21.33""><path d=""M85.33 42.67a42.67 42.67 0 1 0-85.33 0A42.67 42.67 0 1 0 85.33 42.67""/><path d=""m96 106.67-10.67-10.66L96 85.33""/></g></svg>"
8ba1bd7c-211c-43b0-a4aa-0e6e33c92486,"<svg xmlns=""http://www.w3.org/2000/svg"" width=""256"" height=""256"" fill=""none"" viewBox=""0 0 256 256""><path stroke=""#000"" stroke-linecap=""round"" stroke-linejoin=""round"" stroke-width=""21.33"" d=""M85.33 42.67c-17.92 0-32 14.08-32 32v106.66a32 32 0 0 0 32 32h106.66a32 32 0 0 0 32-32V74.67c0-17.92-14.08-32-32-32m-32 0H32C14.08 42.67 0 56.75 0 74.67v106.66c0 17.92 14.08 32 32 32h106.67c17.92 0 32-14.08 32-32V74.67c0-17.92-14.08-32-32-32""/></svg>"
4e56e508270eb0d02291927638d3c685,"<svg xmlns=""http://www.w3.org/2000/svg"" width=""256"" height=""256"" viewBox=""0 0 256 256""><rect x=""0"" y=""0"" width=""256"" height=""256"" fill=""white""/><circle cx=""128"" cy=""128"" r=""64"" fill=""#4e5969""/></svg>"
bef2864d9a862b7436c73435346f1c64,"<svg xmlns=""http://www.w3.org/2000/svg"" width=""256"" height=""256"" viewBox=""0 0 256 256""><path d=""M84.97 0H16A16 16 0 0 0 0 16v16a16 16 0 0 0 16 16h68.97c8.85 0 16-7.15 16-16V16c0-8.85-7.15-16-16-16m0 16v16H16V16zm104 0h-68.97c-8.85 0-16 7.15-16 16v16c0 8.85 7.15 16 16 16h68.97c8.85 0 16-7.15 16-16V16c0-8.85-7.15-16-16-16m0 16v16h-68.97V16zM16 128h68.97c8.85 0 16-7.15 16-16v-16c0-8.85-7.15-16-16-16H16C7.15 0 0 7.15 0 16v16c0 8.85 7.15 16 16 16m0 16v16H16V128z""/></svg>"
7f11068772653f283977d9c2f5612a02,"<svg xmlns=""http://www.w3.org/2000/svg"" width=""256"" height=""256"" viewBox=""0 0 256 256""><rect x=""0"" y=""0"" width=""256"" height=""256"" fill=""white""/><circle cx=""128"" cy=""128"" r=""64"" fill=""#4789f9""/></svg>"
cc1df4dd3f0cc361daa667ee0f05eaf7,"<svg xmlns=""http://www.w3.org/2000/svg"" width=""256"" height=""256"" fill=""none"" viewBox=""0 0 256 256""><g stroke=""#000"" stroke-linecap=""round"" stroke-linejoin=""round"" stroke-width=""21.33""><path d=""M85.33 42.67c-9.06 0-16 7.46-16 16s6.94 16 16 16 16-7.46 16-16-6.94-16-16-16""/><path d=""M106.67 42.67C117.33 42.67 128 32 128 21.33S117.33 0 106.67 0 96 10.67 96 21.33s10.67 10.66 21.33 10.66""/><path d=""M106.67 42.67c-9.06 0-16 7.46-16 16s6.94 16 16 16 16-7.46 16-16-6.94-16-16-16""/><path d=""M128 42.67c-9.06 0-16 7.46-16 16s6.94 16 16 16 16-7.46 16-16-6.94-16-16-16""/></g></svg>"
8821c406-676c-4fdf-b18f-fe01c00d793f,"<svg xmlns=""http://www.w3.org/2000/svg"" width=""256"" height=""256"" fill=""none"" viewBox=""0 0 256 256""><g stroke=""#1c274c"" stroke-linecap=""round"" stroke-width=""16""><path d=""M85.33 96H64V64h21.33""/><path d=""M128 96H106.67v-21.33H128""/><path d=""M128 128H106.67v-21.33H128""/><path d=""M128 160H106.67v-21.33H128""/><path d=""M128 192H106.67v-21.33H128""/><path d=""M128 224H106.67v-21.33H128""/><path d=""M128 256H106.67v-21.33H128""/><path d=""M128 0H0v213.33h128z""/></g></svg>"
8390a1ddd68fc7de495d11dffab32031,"<svg xmlns=""http://www.w3.org/2000/svg"" width=""256"" height=""256"" viewBox=""0 0 256 256""><path fill=""#4e8cee"" d=""M0 112a112 112 0 1 0 224 0 112 112 0 1 0-224 0""/><path fill=""#fff"" d=""m179.2 112-25.6-25.6c-1.28-1.28-3.84-1.28-5.12 0l-25.6 25.6c-1.28 1.28-1.28 3.84 0 5.12s3.84 1.28 5.12 0l25.6-25.6c1.28-1.28 3.84-1.28 5.12 0s1.28 3.84 0 5.12""/><path fill=""#fff"" d=""M112 192C50.14 192 0 141.86 0 90.14S50.14 0 112 0s112 50.14 112 90.14-50.14 90.14-112 90.14m0-179.2C60.16 12.8 12.8 60.16 12.8 112s47.36 99.2 102.4 99.2 102.4-47.36 102.4-99.2S163.84 12.8 112 12.8""/></svg>"
48fba8b033c732c00f1a288dfc34aedc,"<svg xmlns=""http://www.w3.org/2000/svg"" width=""256"" height=""256"" viewBox=""0 0 256 256""><path d=""M197.48 10.67a10.67 10.67 0 0 0-10.67-10.67H10.67A10.67 10.67 0 0 0 0 10.67v128a10.67 10.67 0 0 0 10.67 10.66h176a10.67 10.67 0 0 0 10.66-10.66zM10.67 160V21.33h176v138.67zm176-10.67c0 5.89-4.78 10.67-10.67 10.67H10.67c-5.89 0-10.67-4.78-10.67-10.67V21.33h197.48z""/><path d=""M106.67 106.67a10.67 10.67 0 0 0 10.66-10.66V64a10.67 10.67 0 0 0-21.33 0v32a10.67 10.67 0 0 0 10.67 10.66m-10.66 0a10.67 10.67 0 0 0 10.66-10.66V64a10.67 10.67 0 0 0-21.33 0v32a10.67 10.67 0 0 0 10.67 10.66""/></svg>"
1d800968d7d3aa76b9e097cee61fbe60,"<svg xmlns=""http://www.w3.org/2000/svg"" width=""256"" height=""256"" viewBox=""0 0 256 256""><path fill=""#4d4d4d"" d=""M117.33 0C52.59 0 0 52.59 0 117.33c0 64.74 52.59 117.33 117.33 117.33s117.34-52.59 117.34-117.33S181.97 0 117.33 0m0 21.33a96 96 0 0 1 96 96 96 96 0 0 1-96 96 96 96 0 0 1-96-96 96 96 0 0 1 96-96""/><path fill=""#4d4d4d"" d=""M117.33 160a10.67 10.67 0 0 1-10.66-10.67V74.67H85.33v74.66a10.67 10.67 0 0 1-21.33 0V74.67h-21.34v74.66a10.67 10.67 0 0 1-21.34 0V74.67H42.67v74.66a10.67 10.67 0 0 1-21.34 0V74.67H10.67A10.67 10.67 0 0 1 0 64V10.67A10.67 10.67 0 0 1 10.67 0h106.66A10.67 10.67 0 0 1 128 10.67z""/></svg>"
5f4a048069086cff1d5f8d424af1b8ca,"<svg xmlns=""http://www.w3.org/2000/svg"" width=""256"" height=""256"" viewBox=""0 0 256 256""><path fill=""#4d4d4d"" d=""M97.8 104.4a44.4 44.4 0 0 1-44.4-44.4c0-24.2 19.8-44.4 44.4-44.4s44.4 19.8 44.4 44.4S122 128.6 97.8 128.6m0-74.4C43.6 30 30 43.6 30 58.4v11.2h138V58.4c0-14.8-13.6-28.4-30-28.4""/><path fill=""#4d4d4d"" d=""M108.4 160.4H58.4c-14.8 0-28.4-13.6-28.4-28.4s13.6-28.4 28.4-28.4h50.4c14.8 0 28.4 13.6 28.4 28.4s-13.6 28.4-28.4 28.4m0-44.4H58.4c-14.8 0-28.4 13.6-28.4 28.4s13.6 28.4 28.4 28.4h50.4c14.8 0 28.4-13.6 28.4-28.4s-13.6-28.4-28.4-28.4""/></svg>"
363e052b0457c60892eab6c887dd5b27,"<svg xmlns=""http://www.w3.org/2000/svg"" width=""256"" height=""256"" viewBox=""0 0 256 256""><rect x=""0"" y=""0"" width=""256"" height=""256"" fill=""white""/><circle cx=""128"" cy=""128"" r=""64"" fill=""#4d4d4d""/></svg>"
d942c8be4045344396e6a113f7c58a3f,"<svg xmlns=""http://www.w3.org/2000/svg"" width=""256"" height=""256"" viewBox=""0 0 256 256""><path fill=""#444"" d=""M197.87 10.67h-16V0H10.67v10.67H0v128a10.67 10.67 0 0 0 10.67 10.66h187.2a10.67 10.67 0 0 0 10.66-10.66V10.67zM10.67 16h176v10.67H10.67zm187.2 128H10.67V16h176z""/><path fill=""#444"" d=""m160 106.67-16-16c-1.07-1.07-2.13-2.13-3.2-3.2l-16-16C128 69.33 128 69.33 128 70.4s0 1.07-.53 2.13L128 80l-16 16c-1.07 1.07-2.13 2.13-3.2 3.2s-2.13 1.07-3.2 1.07l-16-16c-1.07-1.07-2.13-2.13-3.2-3.2S80 80 80 78.93l16-16c1.07-1.07 2.13-2.13 3.2-3.2s2.13-1.07 3.2-1.07l16 16c1.07 1.07 2.13 2.13 3.2 3.2s1.07 2.13 1.07 3.2l-16 16c-1.07 1.07-2.13 2.13-3.2 3.2""/></svg>"
5486017c6c4d153449d07c7c4f7afbd4,"<svg xmlns=""http://www.w3.org/2000/svg"" width=""256"" height=""256"" viewBox=""0 0 256 256""><rect x=""0"" y=""0"" width=""256"" height=""256"" fill=""white""/><circle cx=""128"" cy=""128"" r=""64"" fill=""#e8dfff""/></svg>"
7e63b44725fd31b7ee98d8ba88fe29cd,"<svg xmlns=""http://www.w3.org/2000/svg"" width=""256"" height=""256"" viewBox=""0 0 256 256""><path fill=""#4d4d4d"" d=""M178.93 178.93a10.67 10.67 0 0 1-15.08 0l-32-32a10.67 10.67 0 0 1 0-15.08L163.85 128H10.67A10.67 10.67 0 0 1 0 117.33V10.67A10.67 10.67 0 0 1 10.67 0h149.33a10.67 10.67 0 0 1 10.66 10.67v106.66a10.67 10.67 0 0 1-10.66 10.67m-160-160a10.67 10.67 0 0 0-15.08 0L12.6 12.6a10.67 10.67 0 0 0 0 15.08l32 32a10.67 10.67 0 0 0 15.08 0l32-32a10.67 10.67 0 0 0 0-15.08z""/></svg>"
75ea7d1de57013d3d210046f6cec14d5,"<svg xmlns=""http://www.w3.org/2000/svg"" width=""256"" height=""256"" viewBox=""0 0 256 256""><path fill=""currentColor"" d=""M128 0C57.42 0 0 57.42 0 128s57.42 128 128 128 128-57.42 128-128S198.58 0 128 0m0 234.67c-58.88 0-106.67-47.79-106.67-106.67S69.12 21.33 128 21.33 234.67 69.12 234.67 128 186.88 234.67 128 234.67""/><path fill=""currentColor"" d=""M128 106.67a10.67 10.67 0 0 1 10.67 10.66v42.66H160V128h-42.67v42.67A10.67 10.67 0 0 1 128 160H85.33v-42.67H128z""/></svg>"
9bda86e2078baf4d4fa15be8de3bcdce,"<svg xmlns=""http://www.w3.org/2000/svg"" width=""256"" height=""256"" viewBox=""0 0 256 256""><rect x=""0"" y=""0"" width=""256"" height=""256"" fill=""white""/><circle cx=""128"" cy=""128"" r=""64"" fill=""#fff""/></svg>"
5847d7d98926031f8b9ca1eb61fa7163,"<svg xmlns=""http://www.w3.org/2000/svg"" viewBox=""0 0 256 256""><rect fill=""black"" height = ""256"" width=""256""/></svg>"
c97c8f66ce177e81c529de16b5bd4118,"<svg xmlns=""http://www.w3.org/2000/svg"" width=""256"" height=""256"" viewBox=""0 0 256 256""><path fill=""#4d4d4d"" d=""M197.87 10.67h-16V0H10.67v10.67H0l10.67 10.66L197.87 106.67zM192 128a10.67 10.67 0 0 1-10.67 10.67H10.67A10.67 10.67 0 0 1 0 138.67V10.67A10.67 10.67 0 0 1 10.67 0h170.66A10.67 10.67 0 0 1 192 10.67z""/><path fill=""#4d4d4d"" d=""m181.33 106.67-10.66-10.66v-16c0-6.4-5.33-10.67-10.66-10.67s-10.67 4.27-10.67 10.67v16l-10.66-10.66C149.33 42.67 160 53.33 160 64v106.67c0 10.67-10.67 10.67-10.67 10.67S149.33 192 160 192""/></svg>"
e41ccb9c836340147df2ccb127e8dde6,"<svg xmlns=""http://www.w3.org/2000/svg"" width=""256"" height=""256"" viewBox=""0 0 256 256""><rect x=""0"" y=""0"" width=""256"" height=""256"" fill=""white""/><circle cx=""128"" cy=""128"" r=""64"" fill=""#fff""/></svg>"
1bb91e93-817e-484d-859c-428ec68c30f9,"<svg xmlns=""http://www.w3.org/2000/svg"" width=""256"" height=""256"" fill=""none"" viewBox=""0 0 256 256""><path stroke=""#000"" stroke-linecap=""round"" stroke-linejoin=""round"" stroke-width=""21.33"" d=""M85.33 42.67V0m-32 0v42.67M96 0h21.33m-21.33 0H64m-32 0h21.33m-21.33 0H32""/></svg>"
643a84fa96883ea934fdf60cd6b58513,"<svg xmlns=""http://www.w3.org/2000/svg"" width=""256"" height=""256"" viewBox=""0 0 256 256""><path fill=""#444"" d=""M97.8 18.2c-1.8-.2-3.6-.4-5.4-.6L1.8 100.2a10.6 10.6 0 0 0 .2 14.4l86.4 86.4a10.6 10.6 0 0 0 14.4.2l86.4-86.4a10.6 10.6 0 0 0 .2-14.4L103.2 1.8a10.6 10.6 0 0 0-14.4-.2m-1.8 16.2v100.2H10.6V34.4zm-1.8 16.2h100.2v100.2H18.2z""/></svg>"
7116d593ba10694dbf864f192ff2f07b,"<svg xmlns=""http://www.w3.org/2000/svg"" width=""256"" height=""256"" viewBox=""0 0 256 256""><path fill=""#4d4d4d"" d=""M197.87 0H18.13C8.53 0 0 8.53 0 18.13v179.2c0 9.6 8.53 18.13 18.13 18.13h179.2c9.6 0 18.13-8.53 18.13-18.13V18.13C216 8.53 207.47 0 197.87 0m-17.07 197.87H17.07V17.07h163.73z""/><path fill=""#ff9f00"" d=""M106.67 128a21.33 21.33 0 1 0 42.67 0 21.33 21.33 0 1 0-42.67 0""/></svg>"
d14ffebbc58e451c3d713e66e59414e0,"<svg xmlns=""http://www.w3.org/2000/svg"" width=""256"" height=""256"" viewBox=""0 0 256 256""><rect x=""0"" y=""0"" width=""256"" height=""256"" fill=""white""/><circle cx=""128"" cy=""128"" r=""64"" fill=""black""/></svg>"
42ec3240e21ab822adca80d09707c527,"<svg xmlns=""http://www.w3.org/2000/svg"" width=""256"" height=""256"" viewBox=""0 0 256 256""><path fill=""#979797"" d=""M128 0C57.42 0 0 57.42 0 128s57.42 128 128 128 128-57.42 128-128S198.58 0 128 0m0 234.67c-58.88 0-106.67-47.79-106.67-106.67S69.12 21.33 128 21.33 234.67 69.12 234.67 128 186.88 234.67 128 234.67""/><path fill=""#979797"" d=""M128 106.67a10.67 10.67 0 0 1 10.67 10.66v21.34A10.67 10.67 0 0 1 128 160H96a10.67 10.67 0 0 1-10.67-10.67V128a10.67 10.67 0 0 1 10.67-10.67zm0 42.66a10.67 10.67 0 0 1 10.67 10.66h21.34a10.67 10.67 0 0 1 10.67-10.66V128a10.67 10.67 0 0 1-10.67-10.67h-21.34A10.67 10.67 0 0 1 128 117.33zM128 192a10.67 10.67 0 0 1 10.67-10.67h21.34a10.67 10.67 0 0 1 10.67 10.67v21.33a10.67 10.67 0 0 1-10.67 10.66h-21.34A10.67 10.67 0 0 1 128 213.33z""/></svg>"
fb7d61688fa296dea40d7e579db49428,"<svg xmlns=""http://www.w3.org/2000/svg"" width=""256"" height=""256"" viewBox=""0 0 256 256""><path fill=""#94d8a7"" d=""M192 0H21.33A21.33 21.33 0 0 0 0 21.33V192a21.33 21.33 0 0 0 21.33 21.33h170.67A21.33 21.33 0 0 0 192 192V21.33A21.33 21.33 0 0 0 170.67 0zM128 106.67H64v-21.34h64zm0-42.66H64V64h64z""/></svg>"
2dc79da3-62ee-49ab-815d-ebcd832cfd2d,"<svg xmlns=""http://www.w3.org/2000/svg"" width=""256"" height=""256"" fill=""none"" viewBox=""0 0 256 256""><g stroke=""#000"" stroke-linecap=""round"" stroke-width=""21.33""><path d=""M42.67 96h-32c-17.71 0-32-14.29-32-32V32C0 14.29 14.29 0 32 0h32c17.71 0 32 14.29 32 32v32c0 17.71-14.29 32-32 32""/><path d=""m106.67 106.67 21.34-21.34""/></g></svg>"
1d716bd624982a0e450cbdd9abbc21f6,"<svg xmlns=""http://www.w3.org/2000/svg"" width=""256"" height=""256"" viewBox=""0 0 256 256""><path fill=""#4e5969"" d=""M187.73 187.73H10.67A10.67 10.67 0 0 1 0 177.07V10.67C0 4.77 4.77 0 10.67 0h177.06c5.9 0 10.67 4.77 10.67 10.67v166.4c0 5.9-4.77 10.67-10.67 10.67""/><path fill=""#4e5969"" d=""M10.67 177.07a10.67 10.67 0 0 1-10.67-10.67V10.67A10.67 10.67 0 0 1 10.67 0h177.06a10.67 10.67 0 0 1 10.67 10.67v166.4a10.67 10.67 0 0 1-10.67 10.67z""/></svg>"
c323393eac394f19afec9f714b63976d,"<svg xmlns=""http://www.w3.org/2000/svg"" width=""256"" height=""256"" viewBox=""0 0 256 256""><path d=""M98.47 192a98.47 98.47 0 1 1 98.47-98.47A98.5 98.5 0 0 1 98.47 192m0-181.33c-47.04 0-85.34 38.3-85.34 85.33s38.3 85.34 85.34 85.34 85.33-38.3 85.33-85.34S145.51 10.67 98.47 10.67""/><path d=""M192 106.67h-21.33V85.33H192zm-106.67 0v-21.34H96V85.33z""/></svg>"
25ac054b53cc1e9443ba87fbb4f3f25d,"<svg xmlns=""http://www.w3.org/2000/svg"" width=""256"" height=""256"" viewBox=""0 0 256 256""><path fill=""currentColor"" d=""M197.48 10.67H10.67v170.66h186.81l-10.66-10.66zM10.67 192V0L192 10.67z""/><path fill=""currentColor"" d=""m192 10.67 10.67 10.66v170.66H0V10.67zm-10.67 192H10.67V0L192 10.67z""/></svg>"
8aeed0decb8802edd77fde5e026eb915,"<svg xmlns=""http://www.w3.org/2000/svg"" width=""256"" height=""256"" viewBox=""0 0 256 256""><path fill=""currentColor"" d=""M128 0C57.42 0 0 57.42 0 128s57.42 128 128 128 128-57.42 128-128S198.58 0 128 0m0 240c-59.65 0-108-48.35-108-108S68.35 20 128 20s108 48.35 108 108-48.35 108-108 108""/></svg>"
81ef4bd0b6d6d5e1980b8e39646d5097,"<svg xmlns=""http://www.w3.org/2000/svg"" width=""256"" height=""256"" viewBox=""0 0 256 256""><path fill=""#272636"" d=""M128 0C57.42 0 0 57.42 0 128s57.42 128 128 128 128-57.42 128-128S198.58 0 128 0m0 240c-59.65 0-108-48.35-108-108S68.35 20 128 20s108 48.35 108 108-48.35 108-108 108""/><path fill=""#272636"" d=""M128 16a102 102 0 0 0-70.72 31.28A102 102 0 0 0 16 128a102 102 0 0 0 31.28 70.72A102 102 0 0 0 128 232a102 102 0 0 0 70.72-31.28A102 102 0 0 0 232 128a102 102 0 0 0-31.28-70.72A102 102 0 0 0 128 16m0-16C57.31 0 0 57.31 0 128s57.31 128 128 128 128-57.31 128-128S198.69 0 128 0""/><path fill=""#272636"" d=""M128 104a16 16 0 1 0 0 32 16 16 0 0 0 0-32m0-16a32 32 0 1 1 0 64 32 32 0 0 1 0-64""/></svg>"
4a77266da26727f9ae4858d0a368d168,"<svg xmlns=""http://www.w3.org/2000/svg"" width=""256"" height=""256"" viewBox=""0 0 256 256""><path fill=""currentColor"" d=""M84.97 16H16v16h68.97a8 8 0 0 0 0-16m0 16v16h68.97a8 8 0 0 0 0-16zm0 16v16h68.97a8 8 0 0 0 0-16zM16 16v16h68.97a8 8 0 0 0 0-16z""/></svg>"
e3eb16f93299028540e0ca713c279086,"<svg xmlns=""http://www.w3.org/2000/svg"" width=""256"" height=""256"" viewBox=""0 0 256 256""><path fill=""#fff"" d=""M0 0h248v248H0z""/><path fill=""#f79c42"" d=""m248 16-16 16V16zm-16 16v16l-16-16zM16 248v-16L0 248zm16-16v16h16z""/></svg>"
8d4aea82-e57e-4019-aff5-c8383c34c2a3,"<svg xmlns=""http://www.w3.org/2000/svg"" width=""256"" height=""256"" fill=""none"" stroke=""#000"" stroke-linecap=""round"" stroke-linejoin=""round"" stroke-width=""21.33"" viewBox=""0 0 256 256""><path d=""M85.33 42.67c-19.2 0-32 12.8-32 25.6s12.8 25.6 32 25.6a32 32 0 0 0 32-32C117.33 55.47 96 42.67 85.33 42.67""/><path d=""m117.33 106.67-10.66-10.66L128 128l-10.67 10.67z""/></svg>"
42774b275712fad4243e86e2805aadc6,"<svg xmlns=""http://www.w3.org/2000/svg"" width=""256"" height=""256"" viewBox=""0 0 256 256""><path fill=""#444"" d=""M178.93 10.67a10.67 10.67 0 0 1-10.66 10.66H10.67A10.67 10.67 0 0 1 0 10.67V0h192v10.67zm-160 0a10.67 10.67 0 0 1-10.66 10.66H10.67A10.67 10.67 0 0 1 0 10.67V0h160z""/><path fill=""#444"" d=""M106.67 106.67c-21.34 0-42.67-8.53-58.67-21.33C21.33 74.67 0 96 0 117.33s21.33 42.66 58.67 42.66c16 0 32-8.53 42.67-21.33 16-12.8 26.67-34.13 26.67-58.66S122.67 106.67 106.67 106.67m0-10.67c-17.07 0-32 14.93-32 32s14.93 32 32 32 32-14.93 32-32-14.93-32-32-32""/><path fill=""#444"" d=""M106.67 160c-17.07 0-32 14.93-32 32s14.93 32 32 32 32-14.93 32-32-14.94-32-32-32m0-10.67c-17.07 0-32 14.93-32 32s14.93 32 32 32 32-14.93 32-32-14.93-32-32-32""/></svg>"
46985c942079349b8c4d5fcc20999368,"<svg xmlns=""http://www.w3.org/2000/svg"" width=""256"" height=""256"" viewBox=""0 0 256 256""><path fill=""#fff"" d=""M0 0h245.76v245.76H0z""/><path d=""M189.76 102.4a38.4 38.4 0 1 0-76.8 0 38.4 38.4 0 1 0 76.8 0m-38.4 0c-17.92 0-32 14.08-32 32s14.08 32 32 32 32-14.08 32-32-14.08-32-32-32m-38.4 0A51.2 51.2 0 1 1 128 153.6a51.2 51.2 0 0 1-51.2-51.2m38.4 0c-17.92 0-32 14.08-32 32s14.08 32 32 32 32-14.08 32-32-14.08-32-32-32""/></svg>"
e3e0fff5ead535daf599d302dd645b45,"<svg xmlns=""http://www.w3.org/2000/svg"" width=""256"" height=""256"" viewBox=""0 0 256 256""><path fill=""currentColor"" d=""M197.48 10.67a10.67 10.67 0 0 0-15.04 0l-64 64L10.67 10.67A10.67 10.67 0 0 0 0 21.33v128a10.67 10.67 0 0 0 10.67 10.66h128a10.67 10.67 0 0 0 10.66-10.66V21.33c0-3.2-1.07-6.4-3.2-8.53m-128 128H10.67v-128h128zm128-106.66H10.67v128h128z""/></svg>"
912205c69e8d840c623389740a95c61c,"<svg xmlns=""http://www.w3.org/2000/svg"" width=""256"" height=""256"" viewBox=""0 0 256 256""><path fill=""currentColor"" d=""M197.48 0H18.52A18.5 18.5 0 0 0 0 18.52v178.96a18.5 18.5 0 0 0 18.52 18.52h178.96a18.5 18.5 0 0 0 18.52-18.52V18.52A18.5 18.5 0 0 0 197.48 0m-17.9 197.48H17.9V17.9h161.68z""/><path fill=""currentColor"" d=""M109.74 137.48H46.82a7.5 7.5 0 0 1-7.5-7.5c0-4.13 3.37-7.5 7.5-7.5h62.92c4.13 0 7.5 3.37 7.5 7.5s-3.37 7.5-7.5 7.5""/></svg>"
73d9382bff01f823b41e1b5956f067d9,"<svg xmlns=""http://www.w3.org/2000/svg"" width=""256"" height=""256"" viewBox=""0 0 256 256""><rect x=""0"" y=""0"" width=""256"" height=""256"" fill=""white""/><circle cx=""128"" cy=""128"" r=""64"" fill=""#333""/></svg>"
53265889-a906-470a-8717-f3af3c5e5ccd,"<svg xmlns=""http://www.w3.org/2000/svg"" width=""256"" height=""256"" fill=""none"" viewBox=""0 0 256 256""><path stroke=""#000"" stroke-linecap=""round"" stroke-linejoin=""round"" stroke-width=""21.33"" d=""M85.33 42.67c-17.71 0-32 14.29-32 32s14.29 32 32 32 32-14.29 32-32-14.29-32-32-32m0 10.66C58.67 53.33 32 68.27 32 96v21.33h106.67V96c0-27.73-26.67-42.66-53.33-42.66""/></svg>"
b1ca02cfeedcd872a55c70ce6b3ff09c,"<svg xmlns=""http://www.w3.org/2000/svg"" width=""256"" height=""256"" viewBox=""0 0 256 256""><path fill=""#333"" d=""M149.33 85.33a21.33 21.33 0 1 0-42.67 0 21.33 21.33 0 1 0 42.67 0""/><path fill=""#333"" d=""m170.67 106.67-21.34-21.34v-16h-16V64l-21.33 21.33H85.33v16H64v16h16v21.33L64 149.33h16v16h16v-16h21.33l21.34 21.34v16h16v-16h16z""/></svg>"
thesantatitan_deepseek-svg-dataset_0004683,"<svg xmlns=""http://www.w3.org/2000/svg"" width=""256"" height=""256"" fill=""none"" stroke=""#000"" stroke-linecap=""round"" stroke-linejoin=""round"" stroke-width=""21.33""><rect width=""192"" height=""85.33"" x=""32"" y=""74.67"" rx=""10.67""/><path d=""M0 0h192v170.67H0z""/></svg>"
thesantatitan_deepseek-svg-dataset_0003059,"<svg xmlns=""http://www.w3.org/2000/svg"" width=""256"" height=""256"" viewBox=""0 0 256 256""><rect width=""256"" height=""256""/><g transform=""translate(128 128)""><circle r=""19.2"" fill=""#fff""/><path fill=""red"" d=""M44.8 76.8q-25.6 0-25.6-25.6t25.6-25.6T44.8 0l25.6 25.6z""/><path fill=""red"" d=""M44.8 76.8Q25.6 51.2 0 76.8t25.6 25.6L0 128l25.6-25.6z""/><path fill=""red"" d=""M44.8 76.8Q25.6 51.2 0 76.8t25.6 25.6l25.6 25.6 25.6-25.6z""/><path fill=""red"" d=""M44.8 76.8Q25.6 51.2 0 76.8t25.6 25.6L0 128l25.6-25.6z""/></g></svg>"
2ee5815d274c932d7595db413c0d45a8,"<svg xmlns=""http://www.w3.org/2000/svg"" width=""256"" height=""256"" viewBox=""0 0 256 256""><path fill=""#fff"" d=""M0 0h245.76v245.76H0z""/><path fill=""#f9c84a"" d=""M122.88 122.88a40.96 40.96 0 1 0 81.92 0 40.96 40.96 0 1 0-81.92 0""/><path fill=""#eef2ff"" d=""M122.88 122.88a40.96 40.96 0 1 0 81.92 0 40.96 40.96 0 1 0-81.92 0""/><path fill=""#dfeaf9"" d=""M122.88 122.88a40.96 40.96 0 1 0 81.92 0 40.96 40.96 0 1 0-81.92 0""/><path fill=""#bfcfd9"" d=""M122.88 122.88a40.96 40.96 0 1 0 81.92 0 40.96 40.96 0 1 0-81.92 0""/><path fill=""#9dbed3"" d=""M122.88 122.88a40.96 40.96 0 1 0 81.92 0 40.96 40.96 0 1 0-81.92 0""/><path fill=""#eef2ff"" d=""M122.88 122.88a40.96 40.96 0 1 0 81.92 0 40.96 40.96 0 1 0-81.92 0""/><path fill=""#dfeaf9"" d=""M122.88 122.88a40.96 40.96 0 1 0 81.92 0 40.96 40.96 0 1 0-81.92 0""/><path fill=""#bfcfd9"" d=""M122.88 122.88a40.96 40.96 0 1 0 81.92 0 40.96 40.96 0 1 0-81.92 0""/><path fill=""#9dbed3"" d=""M122.88 122.88a40.96 40.96 0 1 0 81.92 0 40.96 40.96 0 1 0-81.92 0""/><path fill=""#eef2ff"" d=""M122.88 122.88a40.96 40.96 0 1 0 81.92 0 40.96 40.96 0 1 0-81.92 0""/><path fill=""#dfeaf9"" d=""M122.88 122.88a40.96 40.96 0 1 0 81.92 0 40.96 40.96 0 1 0-81.92 0""/><path fill=""#bfcfd9"" d=""M122.88 122.88a40.96 40.96 0 1 0 81.92 0 40.96 40.96 0 1 0-81.92 0""/><path fill=""#9dbed3"" d=""M122.88 122.88a40.96 40.96 0 1 0 81.92 0 40.96 40.96 0 1 0-81.92 0""/><path fill=""#eef2ff"" d=""M122.88 122.88a40.96 40.96 0 1 0 81.92 0 40.96 40.96 0 1 0-81.92 0""/><path fill=""#dfeaf9"" d=""M122.88 122.88a40.96 40.96 0 1 0 81.92 0 40.96 40.96 0 1 0-81.92 0""/><path fill=""#bfcfd9"" d=""M122.88 122.88a40.96 40.96 0 1 0 81.92 0 40.96 40.96 0 1 0-81.92 0""/><path fill=""#9dbed3"" d=""M122.88 122.88a40.96 40.96 0 1 0 81.92 0 40.96 40.96 0 1 0-81.92 0""/></svg>"
22c9af1ee5c39d0f2c1cfced7b303b31,"<svg xmlns=""http://www.w3.org/2000/svg"" width=""256"" height=""256"" viewBox=""0 0 256 256""><path fill=""#fff"" d=""M94.78 10.67a10.67 10.67 0 0 1 15.08 15.08L10.67 199.7l-15.08 15.08a10.67 10.67 0 0 1-15.08-15.08L199.7 10.67a10.67 10.67 0 0 1 15.08 15.08L10.67 199.7l15.08 15.08a10.67 10.67 0 0 1-15.08 15.08L199.7 10.67a10.67 10.67 0 0 1 15.08-15.08z""/></svg>"
6ffc093dac031f57dedbff4c54ad6b53,"<svg xmlns=""http://www.w3.org/2000/svg"" width=""256"" height=""256"" viewBox=""0 0 256 256""><rect x=""0"" y=""0"" width=""256"" height=""256"" fill=""white""/><circle cx=""128"" cy=""128"" r=""64"" fill=""#e47a89""/></svg>"
3307888a6e369e7b8fe8f97b1d5ca059,"<svg xmlns=""http://www.w3.org/2000/svg"" width=""256"" height=""256"" viewBox=""0 0 256 256""><path fill=""#4a89dc"" d=""M176.01 0H24C10.8 0 0 10.8 0 24v144c0 13.2 10.8 24 24 24h152c13.2 0 24-10.8 24-24V24c-.4-13.2-10.8-24-24-24m-16 160c0 4.4-3.6 8-8 8H32c-4.4 0-8-3.6-8-8V32c0-4.4 3.6-8 8-8h136c4.4 0 8 3.6 8 8z""/><path fill=""#4a89dc"" d=""M128 160c-4.4 0-8-3.6-8-8s3.6-8 8-8 8 3.6 8 8-3.6 8-8 8m0-16c-8.8 0-16-7.2-16-16s7.2-16 16-16 16 7.2 16 16-7.2 16-16 16""/></svg>"
thesantatitan_deepseek-svg-dataset_0003803,"<svg xmlns=""http://www.w3.org/2000/svg"" width=""256"" height=""256"" fill=""none"" stroke=""#fff"" stroke-width=""21.33"" viewBox=""0 0 256 256""><circle cx=""128"" cy=""128"" r=""106.67""/><path d=""M42.67 0h-32A10.67 10.67 0 0 0 0 10.67v32a10.67 10.67 0 0 0 10.67 10.66H42.67V96H32a10.67 10.67 0 0 0-10.67 10.67v32A10.67 10.67 0 0 0 32 160h32a10.67 10.67 0 0 0 10.67-10.67v-32A10.67 10.67 0 0 0 85.33 96h-32V64h32A10.67 10.67 0 0 0 128 53.33v-32A10.67 10.67 0 0 0 117.33 0z""/></svg>"
thesantatitan_deepseek-svg-dataset_0001862,"<svg xmlns=""http://www.w3.org/2000/svg"" width=""256"" height=""256"" viewBox=""0 0 256 256""><rect width=""256"" height=""256""/><g transform=""translate(128 128)""><circle r=""19.2"" fill=""#fff""/><path fill=""red"" d=""M44.8 76.8q-12.8 12.8-25.6 0t-25.6-12.8Q0 76.8 0 64q0-12.8 12.8-25.6T25.6 0q12.8 12.8 25.6 0t25.6 12.8q12.8-12.8 25.6 0t25.6 12.8q12.8 12.8 0 25.6t-25.6 12.8""/><path fill=""red"" d=""M44.8 76.8q-12.8 12.8-25.6 0t-25.6-12.8Q0 76.8 0 64q0-12.8 12.8-25.6T25.6 0q12.8 12.8 25.6 0t25.6 12.8q12.8 12.8 0 25.6t-25.6 12.8""/><path fill=""red"" d=""M44.8 76.8q-12.8 12.8-25.6 0t-25.6-12.8Q0 76.8 0 64q0-12.8 12.8-25.6T25.6 0q12.8 12.8 25.6 0t25.6 12.8q12.8 12.8 0 25.6t-25.6 12.8""/></g></svg>"
d3662fd819d68f1d3ea300f7ffbafaf1,"<svg xmlns=""http://www.w3.org/2000/svg"" width=""256"" height=""256"" viewBox=""0 0 256 256""><path fill=""currentColor"" d=""M128 0C57.42 0 0 57.42 0 128s57.42 128 128 128 128-57.42 128-128S198.58 0 128 0m42.67 170.67a10.67 10.67 0 0 1-15.08 15.08l-.09-.09L128 149.33l-37.59 37.59a10.67 10.67 0 0 1-15.08-15.08l.09-.09L128 133.92l-37.59 37.59a10.67 10.67 0 0 1-15.08-15.08l.09-.09L112 128l-37.59-37.59a10.67 10.67 0 0 1 15.08-15.08l.09.09L128 112l37.59-37.59a10.67 10.67 0 0 1 15.08 15.08l-.09.09z""/></svg>"
805e13c9-09d2-4828-a754-1939092246f4,"<svg xmlns=""http://www.w3.org/2000/svg"" width=""256"" height=""256"" fill=""none"" viewBox=""0 0 256 256""><path stroke=""#000"" stroke-linecap=""round"" stroke-linejoin=""round"" stroke-width=""21.33"" d=""M85.33 42.67c-17.71 0-32 14.29-32 32s14.29 32 32 32 32-14.29 32-32-14.29-32-32-32m0 10.66C58.67 53.33 32 68.27 32 96v21.33h106.67V96c0-27.73-26.67-42.66-53.33-42.66""/></svg>"
f317b1db71a938871c811c8e3a64ff78,"<svg xmlns=""http://www.w3.org/2000/svg"" width=""256"" height=""256"" viewBox=""0 0 256 256""><path fill=""currentColor"" d=""M84.79 10.67a10.67 10.67 0 0 1-10.66-10.66A10.67 10.67 0 0 1 84.79 0c10.66 0 10.66 10.67 0 10.67m0 128a10.67 10.67 0 0 1-10.66-10.66v-10.66h-10.66V128H64v-10.67h-10.67v-10.66h10.67V128H53.33v-10.67H42.67v-10.66h10.66V128H32v-10.67H21.33v-10.66h10.66V128H10.67A10.67 10.67 0 0 1 0 117.33C0 128 0 138.67 10.67 138.67zm106.66 0a10.67 10.67 0 0 1-10.66-10.67V10.67A10.67 10.67 0 0 1 192 0a10.67 10.67 0 0 1 10.67 10.67v106.66a10.67 10.67 0 0 1-10.67 10.67""/></svg>"
de3d096a9919e2d36bfab7d98f12471b,"<svg xmlns=""http://www.w3.org/2000/svg"" width=""256"" height=""256"" viewBox=""0 0 256 256""><rect x=""0"" y=""0"" width=""256"" height=""256"" fill=""white""/><circle cx=""128"" cy=""128"" r=""64"" fill=""#f44336""/></svg>"
6a23eaf9af94f1dc2c6757965b09958b,"<svg xmlns=""http://www.w3.org/2000/svg"" width=""256"" height=""256"" viewBox=""0 0 256 256""><path fill=""#fff"" d=""M84.79 10.67a10.67 10.67 0 1 0 21.33 0 10.67 10.67 0 1 0-21.33 0""/><path fill=""#fff"" d=""M106.67 10.67A10.67 10.67 0 1 0 117.33 0a10.67 10.67 0 0 0-10.66 10.67m0 106.66a10.67 10.67 0 1 0 21.33 0 10.67 10.67 0 0 0-21.33 0""/><path fill=""#fff"" d=""M106.67 106.67H85.33v21.34h21.34z""/><path fill=""#fff"" d=""M106.67 106.67H85.33V128h21.34zm0-42.67H85.33V64h21.34zM106.67 10.67H85.33v21.34h21.34z""/></svg>"
f82a1d17293a309f41c745a2dd9e3057,"<svg xmlns=""http://www.w3.org/2000/svg"" width=""256"" height=""256"" viewBox=""0 0 256 256""><path d=""M84.79 10.67a74.67 74.67 0 1 0-149.33 0A74.67 74.67 0 0 0 84.79 10.67m0-10.67C38.29 0 0 38.29 0 84.79s38.29 84.78 84.79 84.78c46.51 0 84.78-38.28 84.78-84.78S131.3 0 84.79 0""/><path d=""M106.67 106.67H85.33v21.34h21.34zm0 42.66H85.33V192h21.34z""/></svg>"
36395e670d119b48df4895776d5b74c2,"<svg xmlns=""http://www.w3.org/2000/svg"" width=""256"" height=""256"" viewBox=""0 0 256 256""><rect x=""0"" y=""0"" width=""256"" height=""256"" fill=""white""/><circle cx=""128"" cy=""128"" r=""64"" fill=""black""/></svg>"
0feb0f573c27675b0d3a4d9a314f8127,"<svg xmlns=""http://www.w3.org/2000/svg"" width=""256"" height=""256"" viewBox=""0 0 256 256""><path d=""M94.78 19.2c-1.28-.64-2.56-1.28-3.84-1.92l-48.64 19.2C1.28 38.4 0 43.52 0 48v102.4c0 4.48 3.84 8.32 8.32 8.32h128c4.48 0 8.32-3.84 8.32-8.32V48c0-4.48-3.84-8.32-8.32-8.32H98.56L50.88 19.2zm-1.28 12.8a12.8 12.8 0 0 1 12.8-12.8h12.8v12.8z""/></svg>"
580d7d5cdf416645f13d6d9e3aa2590b,"<svg xmlns=""http://www.w3.org/2000/svg"" width=""256"" height=""256"" viewBox=""0 0 256 256""><path fill=""currentColor"" d=""M184 0H24C10.77 0 0 10.77 0 24v160c0 13.23 10.77 24 24 24h160c13.23 0 24-10.77 24-24V24c0-13.23-10.77-24-24-24m-9.33 160a8 8 0 0 1-5.66 2.34l-64 64a8 8 0 0 1-11.32-.02L16 176.67a8 8 0 0 1 .02-11.32l64-64a8 8 0 0 1 11.32.02z""/></svg>"
fa6ccf7e-9549-47c5-8c05-0b96ec5d56f3,"<svg xmlns=""http://www.w3.org/2000/svg"" width=""256"" height=""256"" fill=""none"" viewBox=""0 0 256 256""><g stroke=""#1c274c"" stroke-width=""16""><path d=""M85.33 96h-64C0 96 0 85.33 0 74.67V53.33c0-10.66 0-10.66 10.67-10.66H85.33""/><path d=""M106.67 106.67v-64a10.67 10.67 0 0 0-21.34 0v64""/><path d=""m106.67 106.67-10.66-10.66L128 128l-10.67-10.67z""/></g></svg>"
a0e1e594-d8ab-43e1-a395-eeb8db7132a5,"<svg xmlns=""http://www.w3.org/2000/svg"" width=""256"" height=""256"" fill=""none"" viewBox=""0 0 256 256""><path stroke=""#000"" stroke-linecap=""round"" stroke-linejoin=""round"" stroke-width=""21.33"" d=""M85.33 42.67c-9.06 0-16 7.46-16 16s6.94 16 16 16h106.66C192 68.27 184.53 42.67 176 42.67H85.33""/></svg>"
c8d9f86a253c3316308f642ebf1df890,"<svg xmlns=""http://www.w3.org/2000/svg"" width=""256"" height=""256"" viewBox=""0 0 256 256""><path fill=""#444"" d=""M197.87 0H18.13C8.53 0 0 8.53 0 18.13v179.2c0 9.6 8.53 18.13 18.13 18.13h179.2c9.6 0 18.13-8.53 18.13-18.13V18.13C215.99 8.53 207.46 0 197.87 0m-17.06 197.87H17.06V17.06h163.71z""/></svg>"
6533809323284ce30427cde779fff269,"<svg xmlns=""http://www.w3.org/2000/svg"" width=""256"" height=""256"" viewBox=""0 0 256 256""><path fill=""#48c7bc"" d=""M192 128a128 128 0 1 1-256 0 128 128 0 1 1 256 0""/><path fill=""#fff"" d=""m128 128 128 128H0z""/><path fill=""#48c7bc"" d=""M128 128h128v128H128z""/><path fill=""#48c7bc"" d=""M128 128V0l128 128z""/></svg>"
db5e492cdd2ef3eff0a1a5798a2e1e03,"<svg xmlns=""http://www.w3.org/2000/svg"" width=""256"" height=""256"" viewBox=""0 0 256 256""><path fill=""#4a90e2"" d=""M178.67 106.67c-1.07 0-2.13-.53-2.67-1.07l-1.6-1.6A10.67 10.67 0 0 0 160 96v-1.07c0-5.33 4.27-9.6 9.6-9.6h1.07c5.33 0 9.6 4.27 9.6 9.6V96c0 1.07-.53 2.13-1.07 2.67L176 105.07c-.53.53-1.07 1.07-1.6 1.07m-10.67 0H160v-1.07c0-5.33 4.27-9.6 9.6-9.6h1.07c5.33 0 9.6 4.27 9.6 9.6V96c0 1.07-.53 2.13-1.07 2.67L176 105.07c-.53.53-1.07 1.07-1.6 1.07""/><path fill=""#4a90e2"" d=""M178.67 106.67c-1.07 0-2.13-.53-2.67-1.07l-1.6-1.6A10.67 10.67 0 0 0 160 96v-1.07c0-5.33 4.27-9.6 9.6-9.6h1.07c5.33 0 9.6 4.27 9.6 9.6V96c0 1.07-.53 2.13-1.07 2.67L176 105.07c-.53.53-1.07 1.07-1.6 1.07""/><path fill=""#4a90e2"" d=""M178.67 106.67c-1.07 0-2.13-.53-2.67-1.07l-1.6-1.6A10.67 10.67 0 0 0 160 96v-1.07c0-5.33 4.27-9.6 9.6-9.6h1.07c5.33 0 9.6 4.27 9.6 9.6V96c0 1.07-.53 2.13-1.07 2.67L176 105.07c-.53.53-1.07 1.07-1.6 1.07""/><path fill=""#4a90e2"" d=""M178.67 106.67c-1.07 0-2.13-.53-2.67-1.07l-1.6-1.6A10.67 10.67 0 0 0 160 96v-1.07c0-5.33 4.27-9.6 9.6-9.6h1.07c5.33 0 9.6 4.27 9.6 9.6V96c0 1.07-.53 2.13-1.07 2.67L176 105.07c-.53.53-1.07 1.07-1.6 1.07""/></svg>"
18626b764590055f2aae6292fd38df50,"<svg xmlns=""http://www.w3.org/2000/svg"" width=""256"" height=""256"" viewBox=""0 0 256 256""><path d=""M184.79 10.67a10.67 10.67 0 0 1-10.66 10.66H10.67A10.67 10.67 0 0 1 0 10.67V10.67C0 4.77 4.77 0 10.67 0h163.46c5.9 0 10.67 4.77 10.67 10.67m-170.66 0v106.66h170.66V10.67zM160 106.67H21.33V128h138.67zm-10.67-42.66L128 128l-32-21.33z""/></svg>"
af5c92c5dd805ba882bf2cf71f1c0da5,"<svg xmlns=""http://www.w3.org/2000/svg"" width=""256"" height=""256"" viewBox=""0 0 256 256""><path d=""M197.48 10.67h-16V0H21.33v10.67H0v149.34a21.33 21.33 0 0 0 21.33 21.34h170.66A21.33 21.33 0 0 0 197.48 160V10.67zM192 160H21.33v-10.67h170.67zm-128-10.67h106.67V160H64z""/></svg>"
6514c1d3e873cde2d0b364aa72b94b03,"<svg xmlns=""http://www.w3.org/2000/svg"" width=""256"" height=""256"" viewBox=""0 0 256 256""><path fill=""#4e8cee"" d=""M197.33 106.67H16a16 16 0 0 1-16-16V16C0 7.36 7.36 0 16 0h181.33c8.64 0 16 7.36 16 16v74.67c0 8.64-7.36 16-16 16m-16-16H16v-16h161.33z""/><path fill=""#4e8cee"" d=""M16 16v74.67h161.33V16zm161.33 16v53.33H16V32zM16 106.67h161.33v21.34H16zm161.33 0v21.34H16v-21.34z""/></svg>"
85a815b47e2f89ffeb68de032151f56d,"<svg xmlns=""http://www.w3.org/2000/svg"" width=""256"" height=""256"" viewBox=""0 0 256 256""><rect x=""0"" y=""0"" width=""256"" height=""256"" fill=""white""/><circle cx=""128"" cy=""128"" r=""64"" fill=""black""/></svg>"
8f92d1229080b7ce7b1fcec21cb213db,"<svg xmlns=""http://www.w3.org/2000/svg"" width=""256"" height=""256"" viewBox=""0 0 256 256""><path d=""M149.33 85.33H74.67V64h74.66zm-128 0v-32H0v32zM128 0a128 128 0 1 0 0 256 128 128 0 0 0 0-256m0 21.33a106.67 106.67 0 1 1 0 213.33 106.67 106.67 0 0 1 0-213.33""/></svg>"
1bfff390-28ce-4d73-85d4-0c58113fdd88,"<svg xmlns=""http://www.w3.org/2000/svg"" width=""256"" height=""256"" fill=""none"" viewBox=""0 0 256 256""><path stroke=""#001a72"" stroke-linecap=""round"" stroke-width=""16"" d=""M85.34 192H10.66C4.26 192 0 187.74 0 181.34V10.66C0 4.26 4.26 0 10.66 0h170.68c6.4 0 10.66 4.26 10.66 10.66v170.68c0 6.4-4.26 10.66-10.66 10.66""/></svg>"
7768eaa8d8a3f4de8d722af327e6e4fa,"<svg xmlns=""http://www.w3.org/2000/svg"" width=""256"" height=""256"" viewBox=""0 0 256 256""><path d=""M84.79 16a16 16 0 0 0-16 16v16H16A16 16 0 0 0 0 48v16h16a16 16 0 0 0 16 16v16h16a16 16 0 0 0 16-16V48h16a16 16 0 0 0 16-16V16zm0 16H16v16h16z""/></svg>"
959e0c49460d7355330faa5fc6966fa6,"<svg xmlns=""http://www.w3.org/2000/svg"" width=""256"" height=""256"" viewBox=""0 0 256 256""><path fill=""#4d4d4d"" d=""M87.99 170.67a87.99 87.99 0 1 1 87.99-87.99 88 88 0 0 1-87.99 87.99m0-160a72 72 0 1 0 72 72 72.1 72.1 0 0 0-72-72""/><path fill=""#4d4d4d"" d=""M128 160c-17.65 0-32-14.35-32-32s14.35-32 32-32 32 14.35 32 32-14.35 32-32 32""/></svg>"
86eb9093f8e49aba9fee562bd0701ed4,"<svg xmlns=""http://www.w3.org/2000/svg"" width=""256"" height=""256"" viewBox=""0 0 256 256""><rect x=""0"" y=""0"" width=""256"" height=""256"" fill=""white""/><circle cx=""128"" cy=""128"" r=""64"" fill=""#ffce4a""/></svg>"
e9ffd3297260257322b15ba6510e836e,"<svg xmlns=""http://www.w3.org/2000/svg"" width=""256"" height=""256"" viewBox=""0 0 256 256""><path fill=""currentColor"" d=""M87.49 192H10.67C4.27 192 0 187.73 0 181.33V10.67c0-6.4 4.27-10.67 10.67-10.67h76.8c6.4 0 10.67 4.27 10.67 10.67v170.66c0 6.4-4.27 10.67-10.67 10.67""/></svg>"
0fddcd7d7cc5f4e47d3593536e7f797e,"<svg xmlns=""http://www.w3.org/2000/svg"" viewBox=""0 0 256 256""><rect fill=""black"" width=""256"" height=""256""/></svg>"
58851b06-b2b9-4a7e-96f4-c057ecfcb03e,"<svg xmlns=""http://www.w3.org/2000/svg"" width=""256"" height=""256"" fill=""none"" viewBox=""0 0 256 256""><path stroke=""#000"" stroke-linecap=""round"" stroke-linejoin=""round"" stroke-width=""21.33"" d=""M85.33 42.67c-17.71 0-32 14.29-32 32s14.29 32 32 32 32-14.29 32-32-14.29-32-32-32m0 10.66C58.67 53.33 32 68.27 32 96v21.33h106.67V96c0-27.73-26.67-42.66-53.33-42.66""/></svg>"
afc35e09-e0b3-4005-85a6-5b9ea92ffc44,"<svg xmlns=""http://www.w3.org/2000/svg"" width=""256"" height=""256"" fill=""none"" viewBox=""0 0 256 256""><g stroke=""#000"" stroke-linecap=""round"" stroke-linejoin=""round"" stroke-width=""21.33""><path d=""M48 74.67h-32C0 74.67 0 96 0 117.33v32c0 21.34 0 42.67 48 42.67s48 0 48-42.67V117.33c0-21.34 0-42.67-48-42.67""/><path d=""m106.67 106.67 10.66-10.66a10.67 10.67 0 0 0-15.04-15.04l-10.66 10.66a10.67 10.67 0 0 0 15.04 15.04""/></g></svg>"
dd69f2cfb431fdf4ced08f7255dd6970,"<svg xmlns=""http://www.w3.org/2000/svg"" width=""256"" height=""256"" viewBox=""0 0 256 256""><rect x=""0"" y=""0"" width=""256"" height=""256"" fill=""white""/><circle cx=""128"" cy=""128"" r=""64"" fill=""black""/></svg>"
6f4c365ad0d7bba6930c3f3633213f66,"<svg xmlns=""http://www.w3.org/2000/svg"" width=""256"" height=""256"" viewBox=""0 0 256 256""><path d=""M197.48 10.67h-128a10.67 10.67 0 0 0 0 21.33h128a10.67 10.67 0 0 0 0-21.33m0 128H10.67a10.67 10.67 0 0 0 0 21.33h128a10.67 10.67 0 0 0 0-21.33m-128-106.66v128a10.67 10.67 0 0 0 21.33 0V10.67zm128 0v128a10.67 10.67 0 0 0 21.33 0V10.67zM10.67 197.48h128a10.67 10.67 0 0 0 0-21.33H10.67A10.67 10.67 0 0 0 0 197.48z""/></svg>"
43538b024f1f60fe918a5bf3940aea9f,"<svg xmlns=""http://www.w3.org/2000/svg"" width=""256"" height=""256"" viewBox=""0 0 256 256""><path fill=""#fff"" d=""M0 0h245.76v245.76H0z""/><path d=""M189.76 179.2a12.8 12.8 0 1 0 25.6 0 12.8 12.8 0 1 0-25.6 0""/><path d=""M128 179.2a12.8 12.8 0 1 0 25.6 0 12.8 12.8 0 1 0-25.6 0""/><path d=""M128 179.2c-28.16 0-51.2-23.04-51.2-51.2S99.84 64 128 64s51.2 23.04 51.2 51.2-23.04 51.2-51.2 51.2m0-89.6c-17.92 0-32 14.08-32 32s14.08 32 32 32 32-14.08 32-32-14.08-32-32-32""/><path d=""M128 179.2V128h-12.8v51.2zm-12.8-12.8h12.8v-51.2H115.2zM128 128v51.2h-12.8V128z""/></svg>"
df01f46bd358f107b4919b94efb0b365,"<svg xmlns=""http://www.w3.org/2000/svg"" width=""256"" height=""256"" viewBox=""0 0 256 256""><path fill=""#47c98e"" d=""M104.01 16a16 16 0 0 1-16 16H48a16 16 0 0 1-16-16V0h16v16zm-80 0a16 16 0 0 1-16 16H16a16 16 0 0 1-16-16V0h16v16z""/><path fill=""#fff"" d=""m104.01 16 16 16v16l-16 16zM48 0v16L0 16v16h16V16z""/></svg>"
58b9421f28c24d526023e8b1b2493325,"<svg xmlns=""http://www.w3.org/2000/svg"" width=""256"" height=""256"" viewBox=""0 0 256 256""><path d=""M197.48 10.67h-16V0H10.67v10.67H0v128a10.67 10.67 0 0 0 10.67 10.66h186.82A10.67 10.67 0 0 0 208 144.67V10.67zm-18.67 128H18.67V18.67h160z""/></svg>"
4a968506f2c7f3da659a1d8cdc568ddd,"<svg xmlns=""http://www.w3.org/2000/svg"" width=""256"" height=""256"" viewBox=""0 0 256 256""><path d=""M184.79 16H16A16 16 0 0 0 0 32v160a16 16 0 0 0 16 16h168.79c8.85 0 16-7.15 16-16V32c0-8.85-7.15-16-16-16m-16 160H16V32h168.79z""/><path d=""M16 16h168.79l-.01 16H16zm0 16v160h168.79L168.79 16zM16 0h168.79l.01 16H16z""/></svg>"
832a8032c3da6573c5530a5f6537486a,"<svg xmlns=""http://www.w3.org/2000/svg"" width=""256"" height=""256"" viewBox=""0 0 256 256""><path fill=""#97c8f4"" d=""M160 16v16h-16V16H96v16H80V16H64v16H48V16H32v16H16A16 16 0 0 0 0 32v192a16 16 0 0 0 16 16h192a16 16 0 0 0 16-16V32a16 16 0 0 0-16-16m-16 192H32V32h112zm-16-16H48V48h96z""/><path fill=""#97c8f4"" d=""M160 16v16h-16V16H96v16H80V16H64v16H48V16H32v16H16A16 16 0 0 0 0 32v192a16 16 0 0 0 16 16h192a16 16 0 0 0 16-16V32a16 16 0 0 0-16-16m-16 192H32V32h112zm-16-16H48V48h96z""/></svg>"
9e331a32e09fbc708dea49b88027cd6e,"<svg xmlns=""http://www.w3.org/2000/svg"" viewBox=""0 0 256 256""><rect fill=""black"" height = ""256"" width=""256""/></svg>"
3ab946716c079e386eae3c608eb3e510,"<svg xmlns=""http://www.w3.org/2000/svg"" width=""256"" height=""256"" viewBox=""0 0 256 256""><rect x=""0"" y=""0"" width=""256"" height=""256"" fill=""white""/><circle cx=""128"" cy=""128"" r=""64"" fill=""#979797""/></svg>"
1b80bd25-ccb4-4041-9895-142e59610944,"<svg xmlns=""http://www.w3.org/2000/svg"" width=""256"" height=""256"" viewBox=""0 0 256 256""><rect x=""0"" y=""0"" width=""256"" height=""256"" fill=""white""/><circle cx=""128"" cy=""128"" r=""64"" fill=""#4a90e2""/></svg>"
89aef77e14a596edcf6a61dc687e18f2,"<svg xmlns=""http://www.w3.org/2000/svg"" width=""256"" height=""256"" viewBox=""0 0 256 256""><path d=""M197.48 0H18.52C8.2 0 0 8.2 0 18.52v178.96C0 248.8 8.2 257 18.52 257h178.96c10.32 0 18.52-8.2 18.52-18.52V18.52C215.98 8.2 207.78 0 197.48 0m-17.96 197.48a8.2 8.2 0 0 1-8.2 8.2H18.52a8.2 8.2 0 0 1-8.2-8.2V18.52a8.2 8.2 0 0 1 8.2-8.2h178.96a8.2 8.2 0 0 1 8.2 8.2z""/><path d=""M100.12 100.12a8.2 8.2 0 0 1-8.2-8.2V51.96a8.2 8.2 0 0 1 16.4 0v40.16a8.2 8.2 0 0 1-8.2 8.2m-32.44 0a8.2 8.2 0 0 1-8.2-8.2V51.96a8.2 8.2 0 0 1 16.4 0v40.16a8.2 8.2 0 0 1-8.2 8.2""/></svg>"
2efc5bf83782701ffe988db621c4bef9,"<svg xmlns=""http://www.w3.org/2000/svg"" width=""256"" height=""256"" viewBox=""0 0 256 256""><rect x=""0"" y=""0"" width=""256"" height=""256"" fill=""white""/><circle cx=""128"" cy=""128"" r=""64"" fill=""#000""/></svg>"
69c33b61d96656ff61ed82d455d9142b,"<svg xmlns=""http://www.w3.org/2000/svg"" width=""256"" height=""256"" viewBox=""0 0 256 256""><path d=""M98.47 196.8a98.47 98.47 0 1 1 98.47-98.47A98.5 98.5 0 0 1 98.47 196.8m0-184.8c-47.2 0-85.6 38.4-85.6 85.6s38.4 85.6 85.6 85.6 85.6-38.4 85.6-85.6-38.4-85.6-85.6-85.6""/></svg>"
3c0fc1a44e3b6a8aaae3f7daacfccc90,"<svg xmlns=""http://www.w3.org/2000/svg"" width=""256"" height=""256"" viewBox=""0 0 256 256""><path fill=""#444"" d=""M178.93 10.67a10.67 10.67 0 0 1 10.66 10.66v128c0 5.87-4.78 10.66-10.66 10.66H10.67A10.67 10.67 0 0 1 0 149.33V21.33C0 9.5 9.5 0 21.33 0h146.66c11.84 0 21.34 9.5 21.34 21.33z""/><path fill=""#444"" d=""m106.67 106.67-53.34 53.34a10.67 10.67 0 0 1-15.08 0L1.07 106.67a10.67 10.67 0 0 1 15.08-15.08l53.33 53.33a10.67 10.67 0 0 1 0 15.08""/></svg>"
41326c8540b89371b2ac41cd1ce06b32,"<svg xmlns=""http://www.w3.org/2000/svg"" width=""256"" height=""256"" viewBox=""0 0 256 256""><path fill=""#4a90e2"" d=""M0 87.5h256v12.5H0z""/><path fill=""#4a90e2"" d=""M0 175h256v12.5H0z""/><path fill=""#bcefff"" d=""M0 0h256v12.5H0z""/></svg>"
thesantatitan_deepseek-svg-dataset_0003427,"<svg xmlns=""http://www.w3.org/2000/svg"" width=""256"" height=""256"" viewBox=""0 0 256 256""><rect width=""256"" height=""256""/><g transform=""translate(128 128)""><circle r=""19.2"" fill=""#fff""/><path fill=""red"" d=""M44.8 76.8q-12.8 12.8-25.6 0t-25.6-12.8Q0 76.8 0 64q0-12.8 12.8-25.6T25.6 0q12.8 12.8 25.6 0t25.6 12.8q12.8-12.8 25.6 0t25.6 12.8q12.8 12.8 0 25.6t-25.6 12.8""/><path fill=""red"" d=""M44.8 76.8q-12.8 12.8-25.6 0t-25.6-12.8Q0 76.8 0 64q0-12.8 12.8-25.6T25.6 0q12.8 12.8 25.6 0t25.6 12.8q12.8 12.8 0 25.6t-25.6 12.8""/><path fill=""red"" d=""M44.8 76.8q-12.8 12.8-25.6 0t-25.6-12.8Q0 76.8 0 64q0-12.8 12.8-25.6T25.6 0q12.8 12.8 25.6 0t25.6 12.8q12.8 12.8 0 25.6t-25.6 12.8""/></g></svg>"
7fc400bb5e93c44d6b63d0fdc6e0ff14,"<svg xmlns=""http://www.w3.org/2000/svg"" width=""256"" height=""256"" fill=""none"" viewBox=""0 0 256 256""><g stroke=""#1c274c"" stroke-linecap=""round"" stroke-width=""16""><path d=""M85.33 96H64v-64h21.33""/><path d=""M160 106.67V128a21.4 21.4 0 0 1-21.33 21.33H21.33A21.4 21.4 0 0 1 0 128V21.33C0 9.49 9.49 0 21.33 0h128c11.84 0 21.33 9.49 21.33 21.33z""/></g></svg>"
9e72c6dd78d3115435efdd77656d9cf7,"<svg xmlns=""http://www.w3.org/2000/svg"" width=""256"" height=""256"" viewBox=""0 0 256 256""><rect x=""0"" y=""0"" width=""256"" height=""256"" fill=""white""/><circle cx=""128"" cy=""128"" r=""64"" fill=""black""/></svg>"
2083ff4e29756f813951e64909f79e87,"<svg xmlns=""http://www.w3.org/2000/svg"" width=""256"" height=""256"" viewBox=""0 0 256 256""><rect x=""0"" y=""0"" width=""256"" height=""256"" fill=""white""/><circle cx=""128"" cy=""128"" r=""64"" fill=""#333""/></svg>"
a3f7d55f98b9f4650982837716e45558,"<svg xmlns=""http://www.w3.org/2000/svg"" width=""256"" height=""256"" viewBox=""0 0 256 256""><path fill=""#979797"" d=""M184.53 10.67H10.67A10.67 10.67 0 0 1 0 0h173.86a10.67 10.67 0 0 1 10.67 10.67m-173.86 128H10.67a10.67 10.67 0 0 1-10.67-10.66V10.67A10.67 10.67 0 0 1 10.67 0h173.86a10.67 10.67 0 0 1 10.67 10.67v106.66a10.67 10.67 0 0 1-10.67 10.66""/><path fill=""#979797"" d=""M184.53 10.67H10.67A10.67 10.67 0 0 1 0 0h173.86a10.67 10.67 0 0 1 10.67 10.67m-173.86 128H10.67a10.67 10.67 0 0 1-10.67-10.66V10.67A10.67 10.67 0 0 1 10.67 0h173.86a10.67 10.67 0 0 1 10.67 10.67v106.66a10.67 10.67 0 0 1-10.67 10.66""/><path fill=""#979797"" d=""M184.53 10.67H10.67A10.67 10.67 0 0 1 0 0h173.86a10.67 10.67 0 0 1 10.67 10.67m-173.86 128H10.67a10.67 10.67 0 0 1-10.67-10.66V10.67A10.67 10.67 0 0 1 10.67 0h173.86a10.67 10.67 0 0 1 10.67 10.67v106.66a10.67 10.67 0 0 1-10.67 10.66""/><path fill=""#979797"" d=""M184.53 10.67H10.67A10.67 10.67 0 0 1 0 0h173.86a10.67 10.67 0 0 1 10.67 10.67m-173.86 128H10.67a10.67 10.67 0 0 1-10.67-10.66V10.67A10.67 10.67 0 0 1 10.67 0h173.86a10.67 10.67 0 0 1 10.67 10.67v106.66a10.67 10.67 0 0 1-10.67 10.66""/></svg>"
51638adddbb17dd52b7a860d091afea2,"<svg xmlns=""http://www.w3.org/2000/svg"" width=""256"" height=""256"" viewBox=""0 0 256 256""><path fill=""currentColor"" d=""M184.79 10.67a10.67 10.67 0 0 0-15.04 0l-42.66 42.66H10.67A10.67 10.67 0 0 0 0 64v128a10.67 10.67 0 0 0 10.67 10.67h170.66A10.67 10.67 0 0 0 192 192V64a10.67 10.67 0 0 0-10.67-10.67m-10.66 128a10.67 10.67 0 0 1 10.66 10.66v10.66H10.67v-10.66A10.67 10.67 0 0 1 21.33 128zm-106.66-10.66a10.67 10.67 0 0 1 10.66 10.66v10.66H21.33v-10.66a10.67 10.67 0 0 1 10.66-10.66zM192 128a10.67 10.67 0 0 1 10.67 10.67v10.66H192z""/><path fill=""currentColor"" d=""M106.67 106.67c-17.71 0-32-14.29-32-32s14.29-32 32-32 32 14.29 32 32-14.29 32-32 32""/></svg>"
8edb2eb8e91319b38e0861e57637f9be,"<svg xmlns=""http://www.w3.org/2000/svg"" width=""256"" height=""256"" viewBox=""0 0 256 256""><path d=""M197.48 197.48H10.67A10.67 10.67 0 0 1 0 186.81V10.67C0 4.77 4.77 0 10.67 0h186.81c5.9 0 10.67 4.77 10.67 10.67v176.14a10.67 10.67 0 0 1-10.67 10.67m-186.81-10.67h176.14V10.67H10.67z""/></svg>"
868eb1cfe38c855f29c42910408a503f,"<svg xmlns=""http://www.w3.org/2000/svg"" width=""256"" height=""256"" viewBox=""0 0 256 256""><path fill=""#272636"" d=""M94.8 189.6a94.8 94.8 0 1 1 94.8-94.8 94.8 94.8 0 0 1-94.8 94.8m0-176.4c-42.8 0-77.6 34.8-77.6 77.6s34.8 77.6 77.6 77.6 77.6-34.8 77.6-77.6-34.8-77.6-77.6-77.6""/><path fill=""#272636"" d=""M102.4 102.4h-.8v-8.8H94.8V94.8h-8.8v8.8H86.4v8.8h-8.8v8.8h8.8v8.8h8.8v-8.8h8.8v-8.8zm-8.8-8.8h8.8v8.8h-8.8z""/></svg>"
11a27a3b6cf29b26cfb4e9705a0f2b91,"<svg xmlns=""http://www.w3.org/2000/svg"" width=""256"" height=""256"" viewBox=""0 0 256 256""><path d=""M48 0a16 16 0 1 0 0 32h96a16 16 0 1 0 0-32zm0 72a16 16 0 1 0 0 32h96a16 16 0 1 0 0-32zM0 112a16 16 0 1 0 0 32h96a16 16 0 1 0 0-32z""/></svg>"
e1f2704ae308f86cfd5a65dce745e37a,"<svg xmlns=""http://www.w3.org/2000/svg"" width=""256"" height=""256"" viewBox=""0 0 256 256""><path fill=""#444"" d=""M187.73 0H28.44C12.29 0 0 12.29 0 28.44v159.29c0 16.15 12.29 28.44 28.44 28.44h159.29c16.15 0 28.44-12.29 28.44-28.44V28.44C216.17 12.29 203.88 0 187.73 0m-15.61 187.73a15.6 15.6 0 0 1-15.61 15.61H28.44a15.6 15.6 0 0 1-15.61-15.61V28.44a15.6 15.6 0 0 1 15.61-15.61h159.29a15.6 15.6 0 0 1 15.61 15.61z""/><path fill=""#444"" d=""M106.67 106.67H85.33a10.67 10.67 0 0 1 0-21.34h21.34a10.67 10.67 0 0 1 0 21.34m-21.34 21.34H85.33a10.67 10.67 0 0 1 0-21.34h21.34a10.67 10.67 0 0 1 0 21.34m-21.34 21.34H85.33a10.67 10.67 0 0 1 0-21.34h21.34a10.67 10.67 0 0 1 0 21.34""/></svg>"
963bb1df7ab893b87b41941827c22f17,"<svg xmlns=""http://www.w3.org/2000/svg"" width=""256"" height=""256"" fill=""none"" viewBox=""0 0 256 256""><path stroke=""#001a72"" stroke-linecap=""round"" stroke-width=""16"" d=""M84.96 10.67c-1.6 0-3.2 0-4.8 1.07L1.07 84.96C-.43 86.4 0 88.53 0 90.13v106.66c0 1.6 0 3.2 1.07 4.8l83.73 83.73c1.6 1.6 3.73 2.13 5.86 1.6s3.73-2.13 3.73-4.8V90.13c0-1.6 0-3.2-1.07-4.8""/></svg>"
4b5eeb0941380dab5e4b7c21a36902b0,"<svg xmlns=""http://www.w3.org/2000/svg"" width=""256"" height=""256"" viewBox=""0 0 256 256""><path fill=""currentColor"" d=""M184.79 10.67a10.67 10.67 0 0 1 10.66 10.66v128a10.67 10.67 0 0 1-10.66 10.66H10.67A10.67 10.67 0 0 1 0 148.73V21.33A10.67 10.67 0 0 1 10.67 10.67zm-17.06 10.66h-128a10.67 10.67 0 0 0-10.66 10.66v128a10.67 10.67 0 0 0 10.66 10.66h128a10.67 10.67 0 0 0 10.66-10.66v-128a10.67 10.67 0 0 0-10.66-10.66m-128 128a10.67 10.67 0 0 1 10.66 10.66v10.66H10.67v-10.66a10.67 10.67 0 0 1 10.66-10.66zM160 10.67a10.67 10.67 0 0 1 10.67 10.66v128a10.67 10.67 0 0 1-10.67 10.66H53.33a10.67 10.67 0 0 1-10.66-10.66V21.33a10.67 10.67 0 0 1 10.66-10.66z""/><path fill=""currentColor"" d=""M160 106.67a10.67 10.67 0 0 1 10.67 10.66v10.66H160v-10.66a10.67 10.67 0 0 1 10.67-10.66""/></svg>"
eba7feb3013e23adb23aa8432b5c6e40,"<svg xmlns=""http://www.w3.org/2000/svg"" width=""256"" height=""256"" viewBox=""0 0 256 256""><rect x=""0"" y=""0"" width=""256"" height=""256"" fill=""white""/><circle cx=""128"" cy=""128"" r=""64"" fill=""#4a009e""/></svg>"
4e355e35dc8edb95b514e3487a9e13f4,"<svg xmlns=""http://www.w3.org/2000/svg"" width=""256"" height=""256"" fill=""none"" viewBox=""0 0 256 256""><g stroke=""#1c274c"" stroke-linecap=""round"" stroke-width=""16""><path d=""M85.33 96a85.33 85.33 0 1 0 0-170.67 85.33 85.33 0 0 0 0 170.67""/><path d=""m106.67 106.67 10.66-10.66v-10.66l-10.66-10.66L128 85.33l-10.67 10.66V74.67l10.67-10.66z""/></g></svg>"
b3e6d797f017ecf5c69db1bc13ea6505,"<svg xmlns=""http://www.w3.org/2000/svg"" width=""256"" height=""256"" viewBox=""0 0 256 256""><path d=""M84.79 10.67a10.67 10.67 0 0 1-15.08 0L1.07 84.79a10.67 10.67 0 0 1 0-15.08l74.66-74.66a10.67 10.67 0 0 1 15.08 0z""/></svg>"
b7b04b9f8a1071aba9fe8401fad79678,"<svg xmlns=""http://www.w3.org/2000/svg"" width=""256"" height=""256"" fill=""none"" viewBox=""0 0 256 256""><g stroke=""#1c274c"" stroke-width=""16""><path d=""M89.6 128a12.8 12.8 0 1 0 25.6 0 12.8 12.8 0 1 0-25.6 0""/><path d=""m128 128 12.8-12.8L160 128l-12.8 12.8z""/></g></svg>"
f8442c8dd7a2c3d1ae8c7c1f2ea9a253,"<svg xmlns=""http://www.w3.org/2000/svg"" width=""256"" height=""256"" viewBox=""0 0 256 256""><path fill=""#f4c87e"" d=""M192 106.67H0V0h192z""/><path fill=""#b38a5d"" d=""M128 106.67v-64h-10.67v64zm-10.67-64H128v64H117.33z""/></svg>"
59ba28b82776364e6d5c9b82b1ca33b4,"<svg xmlns=""http://www.w3.org/2000/svg"" width=""256"" height=""256"" viewBox=""0 0 256 256""><path fill=""#4d4d4d"" d=""M117.33 0C52.59 0 0 52.59 0 117.33c0 64.74 52.59 117.33 117.33 117.33s117.34-52.59 117.34-117.33S181.97 0 117.33 0m0 21.33a96 96 0 0 1 96 96 96 96 0 0 1-96 96 96 96 0 0 1-96-96 96 96 0 0 1 96-96""/><path fill=""#4d4d4d"" d=""M117.33 160a10.67 10.67 0 0 1-10.66-10.67V64l-32 21.33v74.66z""/></svg>"
91348c0b0c69183ca7a5ce0c14d33d4c,"<svg xmlns=""http://www.w3.org/2000/svg"" width=""256"" height=""256"" fill=""none"" viewBox=""0 0 256 256""><g stroke=""#1c274c"" stroke-linecap=""round"" stroke-width=""16""><path d=""M85.33 96a10.67 10.67 0 0 1-10.66-10.67V10.67C74.67 4.27 79.47 0 85.33 0h106.66c5.87 0 10.66 4.27 10.66 10.67v74.66""/><path d=""m106.67 106.67 10.66 10.66L128 128l-21.33-21.33z""/></g></svg>"
thesantatitan_deepseek-svg-dataset_0002981,"<svg xmlns=""http://www.w3.org/2000/svg"" width=""256"" height=""256"" fill=""none"" stroke=""#000"" stroke-linecap=""round"" stroke-linejoin=""round"" stroke-width=""21.33""><rect width=""192"" height=""170.67"" x=""32"" y=""42.67"" rx=""21.33""/><path d=""M85.33 0v170.67""/></svg>"
501d22e95eb0f1a021b4cbd657a09f60,"<svg xmlns=""http://www.w3.org/2000/svg"" width=""256"" height=""256"" viewBox=""0 0 256 256""><path fill=""#979797"" d=""M84.8 160a8 8 0 0 1-5.65-2.35L2.35 84.8A8 8 0 0 1 8 79.15l72.45-72.45a8 8 0 0 1 11.3 11.3L19.2 84.8h144a8 8 0 0 1 0 16H19.2l63.15 63.15a8 8 0 0 1-5.65 13.65""/></svg>"
f22a95ed-6e0b-40b4-bab4-03d1813e32ce,"<svg xmlns=""http://www.w3.org/2000/svg"" width=""256"" height=""256"" viewBox=""0 0 256 256""><rect x=""0"" y=""0"" width=""256"" height=""256"" fill=""white""/><circle cx=""128"" cy=""128"" r=""64"" fill=""#000""/></svg>"
a90ccfad4269a659725a078c9c3385e0,"<svg xmlns=""http://www.w3.org/2000/svg"" width=""256"" height=""256"" viewBox=""0 0 256 256""><path d=""M178.49 10.67a10.67 10.67 0 0 0-15.04 0l-53.33 53.34L10.67 10.67A10.67 10.67 0 0 0 0 21.33v149.34a10.67 10.67 0 0 0 10.67 10.66h149.34a10.67 10.67 0 0 0 10.66-10.66V21.33a10.67 10.67 0 0 0-10.66-10.66m-10.66 149.34H21.33V21.33h149.34zm-106.66-106.66L128 10.67l-53.33 53.34z""/></svg>"
cca98eb919e4d42b9402b9a15ab7a27f,"<svg xmlns=""http://www.w3.org/2000/svg"" width=""256"" height=""256"" viewBox=""0 0 256 256""><path fill=""currentColor"" d=""M84.79 16a84.79 84.79 0 1 0 0 169.58 84.79 84.79 0 0 0 0-169.58m0 16a68.79 68.79 0 1 1 0 137.58 68.79 68.79 0 0 1 0-137.58""/><path fill=""currentColor"" d=""M16 16h16v16H16zm0 16v16h16V32zM16 32h16v16H16zm0 16v16h16V48z""/></svg>"
9c714437b101a275aa57869f2fe83aa5,"<svg xmlns=""http://www.w3.org/2000/svg"" width=""256"" height=""256"" viewBox=""0 0 256 256""><path fill=""currentColor"" d=""M184.79 10.67a10.67 10.67 0 0 0-15.04 0l-42.66 42.66L10.67 10.67A10.67 10.67 0 0 0 0 21.33v128a10.67 10.67 0 0 0 10.67 10.66h128a10.67 10.67 0 0 0 10.66-10.66V21.33c0-6.4-5.33-10.67-10.66-10.67m-10.66 128H21.33v-128h128z""/></svg>"
thesantatitan_deepseek-svg-dataset_0002054,"<svg xmlns=""http://www.w3.org/2000/svg"" width=""256"" height=""256"" viewBox=""0 0 256 256""><rect width=""256"" height=""256""/><g transform=""translate(128 128)""><circle r=""19.2"" fill=""#fff""/><path fill=""red"" d=""M44.8 76.8q-12.8 12.8-25.6 0t-25.6-12.8Q0 76.8 0 64q0-12.8 12.8-25.6T25.6 0q12.8 12.8 25.6 0t25.6 12.8q12.8-12.8 25.6 0t25.6 12.8q12.8 12.8 0 25.6t-25.6 12.8""/><path fill=""red"" d=""M44.8 76.8q-12.8 12.8-25.6 0t-25.6-12.8Q0 76.8 0 64q0-12.8 12.8-25.6T25.6 0q12.8 12.8 25.6 0t25.6 12.8q12.8 12.8 0 25.6t-25.6 12.8""/><path fill=""red"" d=""M44.8 76.8q-12.8 12.8-25.6 0t-25.6-12.8Q0 76.8 0 64q0-12.8 12.8-25.6T25.6 0q12.8 12.8 25.6 0t25.6 12.8q12.8 12.8 0 25.6t-25.6 12.8""/></g></svg>"
c1ed0cae3affe5b41eafffb724da4eff,"<svg xmlns=""http://www.w3.org/2000/svg"" width=""256"" height=""256"" viewBox=""0 0 256 256""><path d=""M104 0C46.72 0 0 46.72 0 104s46.72 104 104 104 104-46.72 104-104S161.28 0 104 0m0 192c-48.32 0-88-39.68-88-88s39.68-88 88-88 88 39.68 88 88-39.68 88-88 88""/><path d=""M104 16a8 8 0 0 1 8 8v16h16a8 8 0 0 1 8 8v16a8 8 0 0 1-8 8H104a8 8 0 0 1-8 8V80a8 8 0 0 1 8-8zm-32 32h16v16H72zm0 32h16v16H72zm0 32h16v16H72zm0 32h16v16H72z""/></svg>"
c954181c0f7068dfa557d5fa204a9ab3,"<svg xmlns=""http://www.w3.org/2000/svg"" width=""256"" height=""256"" viewBox=""0 0 256 256""><path fill=""#4988f7"" d=""M106.67 106.67a10.67 10.67 0 0 1-10.66-10.66V53.33A53.33 53.33 0 0 1 160 0h21.33a53.33 53.33 0 0 1 53.34 53.33v42.66a10.67 10.67 0 0 1-10.67 10.66H160a32 32 0 0 0-32 32v42.66a10.67 10.67 0 0 1-10.67 10.66zm-10.66 0a10.67 10.67 0 0 1-10.66-10.66V53.33a32 32 0 0 0-32-32H53.33a32 32 0 0 0-32 32v42.66a10.67 10.67 0 0 1-10.66 10.66z""/><path fill=""#4988f7"" d=""M106.67 106.67a10.67 10.67 0 0 1-10.66-10.66V53.33a53.33 53.33 0 0 1 53.34 53.33v42.66a10.67 10.67 0 0 1-10.67 10.66zM160 106.67a10.67 10.67 0 0 1-10.67-10.66V53.33a32 32 0 0 0-32-32H53.33a32 32 0 0 0-32 32v42.66a10.67 10.67 0 0 1-10.66 10.66z""/></svg>"
ef0950dbc0cfd0a6b9e64593180580ee,"<svg xmlns=""http://www.w3.org/2000/svg"" width=""256"" height=""256"" viewBox=""0 0 256 256""><path d=""M197.48 17.07h-17.06V0H0v17.07h17.07v170.66H0V192h170.66v-17.07h17.07zM17.07 17.07h163.35c8.53 0 17.06 0 25.6 17.07s-17.06 17.06-25.6 17.06H17.07z""/></svg>"
99dd6d71-6ed3-4053-be6f-8fe2586fd599,"<svg xmlns=""http://www.w3.org/2000/svg"" width=""256"" height=""256"" viewBox=""0 0 256 256""><rect x=""0"" y=""0"" width=""256"" height=""256"" fill=""white""/><circle cx=""128"" cy=""128"" r=""64"" fill=""#000""/></svg>"
55d6d473c725fbb1de811c9d2afdaa8c,"<svg xmlns=""http://www.w3.org/2000/svg"" width=""256"" height=""256"" viewBox=""0 0 256 256""><rect x=""0"" y=""0"" width=""256"" height=""256"" fill=""white""/><circle cx=""128"" cy=""128"" r=""64"" fill=""black""/></svg>"
d1357835-8e25-45f8-80ed-5c93caafd8ff,"<svg xmlns=""http://www.w3.org/2000/svg"" width=""256"" height=""256"" fill=""none"" stroke=""#000"" stroke-linecap=""round"" stroke-linejoin=""round"" stroke-width=""24"" viewBox=""0 0 256 256""><path d=""M80 0h-16c-4.4 0-8 3.6-8 8v16""/><path d=""M176 0H96c-4.4 0-8 3.6-8 8v16""/><path d=""M0 16h16c4.4 0 8-3.6 8-8V8""/><path d=""M176 16H96c-4.4 0-8 3.6-8 8v8""/><path d=""M0 32h16c4.4 0 8-3.6 8-8V16""/><path d=""M176 32H96c-4.4 0-8 3.6-8 8v8""/><path d=""M0 48h16c4.4 0 8-3.6 8-8V32""/><path d=""M176 48H96c-4.4 0-8 3.6-8 8v8""/><path d=""M0 64h16c4.4 0 8-3.6 8-8V48""/><path d=""M176 64H96c-4.4 0-8 3.6-8 8v8""/><path d=""M0 80h16c4.4 0 8-3.6 8-8V64""/><path d=""M176 80H96c-4.4 0-8 3.6-8 8v8""/></svg>"
c4faf634-3023-4cec-b1d1-9e27c09ec28a,"<svg xmlns=""http://www.w3.org/2000/svg"" width=""256"" height=""256"" fill=""none"" stroke=""#000"" stroke-linecap=""round"" stroke-linejoin=""round"" stroke-width=""24"" viewBox=""0 0 256 256""><path d=""M80 176c-16 0-32-16-32-32V96h16v48a32 32 0 0 0 32 32""/><path d=""m16 16 16 16L0 32l16 16""/></svg>"
23fd0372-c4df-42f1-b3ba-d5b26911afd7,"<svg xmlns=""http://www.w3.org/2000/svg"" width=""256"" height=""256"" fill=""none"" stroke=""#000"" stroke-linecap=""round"" stroke-linejoin=""round"" stroke-width=""21.33"" viewBox=""0 0 256 256""><path d=""M48 96c-17.71 0-32 14.29-32 32s14.29 32 32 32h10.67v-32H48z""/><path d=""m106.67 96 10.66 32L128 96l-21.33 32L128 128l-21.33-32L106.67 96""/><path d=""M160 96c-17.71 0-32 14.29-32 32s14.29 32 32 32h10.67V128H160z""/></svg>"
d3e7f6cc778c47961ce4efeb7829f5f0,"<svg xmlns=""http://www.w3.org/2000/svg"" width=""256"" height=""256"" viewBox=""0 0 256 256""><path d=""M128 0C57.42 0 0 57.42 0 128s57.42 128 128 128 128-57.42 128-128S198.58 0 128 0m0 234.67c-58.88 0-106.67-47.79-106.67-106.67S69.12 21.33 128 21.33 234.67 69.12 234.67 128 186.88 234.67 128 234.67""/></svg>"
thesantatitan_deepseek-svg-dataset_0002855,"<svg xmlns=""http://www.w3.org/2000/svg"" width=""256"" height=""256"" viewBox=""0 0 256 256""><rect width=""256"" height=""256""/><g transform=""translate(128 128)""><circle r=""19.2"" fill=""#fff""/><path fill=""red"" d=""M44.8 76.8q-12.8 12.8-25.6 0t-25.6-12.8Q0 76.8 0 64q0-12.8 12.8-25.6T25.6 0q12.8 12.8 25.6 0t25.6 12.8q12.8-12.8 25.6 0t25.6 12.8q12.8 12.8 0 25.6t-25.6 12.8""/><path fill=""red"" d=""M44.8 76.8q-12.8 12.8-25.6 0t-25.6-12.8Q0 76.8 0 64q0-12.8 12.8-25.6T25.6 0q12.8 12.8 25.6 0t25.6 12.8q12.8 12.8 0 25.6t-25.6 12.8""/><path fill=""red"" d=""M44.8 76.8q-12.8 12.8-25.6 0t-25.6-12.8Q0 76.8 0 64q0-12.8 12.8-25.6T25.6 0q12.8 12.8 25.6 0t25.6 12.8q12.8 12.8 0 25.6t-25.6 12.8""/></g></svg>"
10f4ee45-455b-4a12-af4c-4ad671cc88cc,"<svg xmlns=""http://www.w3.org/2000/svg"" width=""256"" height=""256"" fill=""none"" viewBox=""0 0 256 256""><path stroke=""#000"" stroke-linecap=""round"" stroke-linejoin=""round"" stroke-width=""21.33"" d=""M85.33 42.67h-64A21.4 21.4 0 0 0 0 64v96a21.4 21.4 0 0 0 21.33 21.33H128a21.4 21.4 0 0 0 21.33-21.33V64a21.4 21.4 0 0 0-21.33-21.33m-64 0c-17.71 0-32 14.29-32 32s14.29 32 32 32 32-14.29 32-32-14.29-32-32-32""/></svg>"
9d9983d2944a72fc057c2c1e38520157,"<svg xmlns=""http://www.w3.org/2000/svg"" width=""256"" height=""256"" fill=""none"" viewBox=""0 0 256 256""><path stroke=""#000"" stroke-linecap=""round"" stroke-linejoin=""round"" stroke-width=""21.33"" d=""M85.33 42.67h-64m64 0v-21.34m-64 0V0""/></svg>"
ae8f7c626b4d5dcc1e9f3ba1ec56d8db,"<svg xmlns=""http://www.w3.org/2000/svg"" width=""256"" height=""256"" viewBox=""0 0 256 256""><path fill=""currentColor"" d=""M197.48 10.67a10.67 10.67 0 0 0-15.04 0l-64 64L10.67 10.67A10.67 10.67 0 0 0 0 21.33v128a10.67 10.67 0 0 0 10.67 10.66h128a10.67 10.67 0 0 0 10.66-10.66V21.33z""/></svg>"
8a256a06888539b2276f0728b298bcf6,"<svg xmlns=""http://www.w3.org/2000/svg"" width=""256"" height=""256"" viewBox=""0 0 256 256""><path d=""M94.78 18.2a10.67 10.67 0 0 1-15.08 15.08L64 43.2l-29.7 29.7A10.67 10.67 0 0 1 38.22 64H10.67v10.67h27.55a10.67 10.67 0 0 1 15.08 15.08l-29.7 29.7 29.7 29.7a10.67 10.67 0 0 1-15.08 15.08l-29.7-29.7V192h10.67v-27.55a10.67 10.67 0 0 1 15.08-15.08l29.7-29.7-29.7-29.7a10.67 10.67 0 0 1 15.08-15.08l29.7 29.7 29.7-29.7a10.67 10.67 0 0 1 15.08-15.08z""/></svg>"
f1483a452ca6724ef63ee11ca94fb4b9,"<svg xmlns=""http://www.w3.org/2000/svg"" width=""256"" height=""256"" fill=""none"" viewBox=""0 0 256 256""><g stroke=""#1c274c"" stroke-linecap=""round"" stroke-width=""16""><path d=""M85.33 96H64v-32h21.33""/><path d=""M160 106.67V128a21.4 21.4 0 0 1-21.33 21.33A21.4 21.4 0 0 1 117.33 128V106.67""/><path d=""M160 128H21.33C9.49 128 0 118.51 0 106.67S9.49 85.33 21.33 85.33H160""/><path d=""M160 149.33H21.33A21.4 21.4 0 0 1 0 128a21.4 21.4 0 0 1 21.33-21.33H160""/></g></svg>"
4f373ffabc552ec0ac5d7f039c79e730,"<svg xmlns=""http://www.w3.org/2000/svg"" width=""256"" height=""256"" viewBox=""0 0 256 256""><path d=""M197.48 0H10.52A10.5 10.5 0 0 0 0 10.52v186.96a10.5 10.5 0 0 0 10.52 10.52h186.96a10.5 10.5 0 0 0 10.52-10.52V10.52A10.5 10.5 0 0 0 197.48 0m-18.28 18.28H18.28v154.66l56.84-56.84L77.12 18.28z""/></svg>"
a76889ab492cb7974e73d5a0b1b02d01,"<svg xmlns=""http://www.w3.org/2000/svg"" width=""256"" height=""256"" viewBox=""0 0 256 256""><path fill=""#979797"" d=""M48 0h16v16H48zm-16 16h16V32H32zM160 0h16v16h-16z""/><path fill=""#979797"" d=""M160 16h16v16h-16zm-16 16h16V32h-16z""/></svg>"
2a5ed734fc8b884fb29017f2b145469e,"<svg xmlns=""http://www.w3.org/2000/svg"" width=""256"" height=""256"" viewBox=""0 0 256 256""><path fill=""currentColor"" d=""M184 0H16A16 16 0 0 0 0 16v176a16 16 0 0 0 16 16h168c9.07 0 16-7.93 16-16V16c0-9.07-7.93-16-16-16m-16 192H16V16h168zm-16-160H16V16h168zM48 48h112a8 8 0 0 1 8 8v16a8 8 0 0 1-8 8H48a8 8 0 0 1-8-8V56a8 8 0 0 1 8-8m0 32h112a8 8 0 0 1 8 8v16a8 8 0 0 1-8 8H48a8 8 0 0 1-8-8V80a8 8 0 0 1 8-8""/></svg>"
ad66f0cb81724c93dce3bce7fb6ee477,"<svg xmlns=""http://www.w3.org/2000/svg"" width=""256"" height=""256"" viewBox=""0 0 256 256""><path fill=""#9e8df4"" d=""M127.99 0C57.31 0 0 57.31 0 127.99s57.31 127.99 127.99 127.99 127.99-57.31 127.99-127.99S198.68 0 127.99 0m0 235.98c-60.32 0-109.99-49.67-109.99-109.99S67.67 17.01 127.99 17.01 235.98 66.68 235.98 127.99 186.31 235.98 127.99 235.98""/><path fill=""#9e8df4"" d=""M127.99 17.01a109 109 0 0 0-79.98 35.94l-.02.06v.02h.02a109 109 0 0 0-35.94 79.98l.06.02v.02h.02A109 109 0 0 0 35.94 127.99l-.06-.02V127.99H17.01a109 109 0 0 0 35.94-79.98l.06-.02V35.94a109 109 0 0 0-79.98-35.94L0 17.01zm0 17.01a92.98 92.98 0 1 1 .02 185.96 92.98 92.98 0 0 1-.02-185.96""/></svg>"
2396f2ab4dfe7860463ad9438b3e2608,"<svg xmlns=""http://www.w3.org/2000/svg"" width=""256"" height=""256"" viewBox=""0 0 256 256""><path fill=""#444"" d=""M98.75 128a31.25 31.25 0 1 0-62.5 0 31.25 31.25 0 1 0 62.5 0""/><path fill=""#444"" d=""M128 128c-17.7 0-32-14.3-32-32s14.3-32 32-32 32 14.3 32 32-14.3 32-32 32m0-48a16 16 0 1 1 0 32 16 16 0 0 1 0-32m-32 128H48v-16h128zm-128-16h128V128H0z""/></svg>"
f141210c97daf31a237c6c01ff221ccb,"<svg xmlns=""http://www.w3.org/2000/svg"" width=""256"" height=""256"" viewBox=""0 0 256 256""><path fill=""#979797"" d=""M148.8 10.67a10.67 10.67 0 0 1-15.04 15.04L10.67 148.8c-1.6 1.6-3.2 3.2-4.8 4.8s-3.2 3.2-4.8 4.8l-1.07 1.07A10.67 10.67 0 0 1 .11 150.4C-.11 149.33 0 148.27 0 147.2V10.67C0 9.6 1.07 8.53 2.67 7.47S5.33 6.4 7.47 6.4h138.66c2.13 0 4.27 1.07 5.34 2.67s2.14 4.27 2.14 6.4v138.66c0 2.13-1.07 4.27-2.13 5.33s-4.27 2.13-6.4 2.13H10.67c-1.6 0-3.2-1.07-4.8-1.07L1.07 10.67c-1.6-1.6-1.07-3.2 1.07-4.8s3.2-3.2 4.8-3.2z""/></svg>"
a9b948dca66819446ca60ed183b64f56,"<svg xmlns=""http://www.w3.org/2000/svg"" width=""256"" height=""256"" viewBox=""0 0 256 256""><path fill=""#272636"" d=""M149.87 10.67a10.67 10.67 0 0 1 10.66 10.66v128a10.67 10.67 0 0 1-10.66 10.66H10.67A10.67 10.67 0 0 1 0 149.33V21.33a10.67 10.67 0 0 1 10.67-10.66zm-10.66 10.66h-128l-.01 128h128z""/></svg>"
0185f3975d6a39f29003339669d98720,"<svg xmlns=""http://www.w3.org/2000/svg"" width=""256"" height=""256"" viewBox=""0 0 256 256""><path d=""M197.48 0H18.52A18.5 18.5 0 0 0 0 18.52v178.96a18.5 18.5 0 0 0 18.52 18.52h178.96a18.5 18.5 0 0 0 18.52-18.52V18.52A18.5 18.5 0 0 0 197.48 0m-17.96 197.48H17.96V17.96h161.56zm-15.98-15.98H33.94l-.02-.02L15.98 33.94h159.56zM15.98 15.98h159.56l.02.02L175.96 0H15.98z""/></svg>"
976cb41e081a20f3c6b97d026a3b36b6,"<svg xmlns=""http://www.w3.org/2000/svg"" width=""256"" height=""256"" viewBox=""0 0 256 256""><path fill=""#4e5969"" d=""M178.67 0H21.33C9.6 0 0 9.6 0 21.33v128c0 11.73 9.6 21.33 21.33 21.33h157.34c11.73 0 21.33-9.6 21.33-21.33V21.33C200 9.6 190.4 0 178.67 0m-16 149.33a10.67 10.67 0 0 1-10.66 10.66H21.33a10.67 10.67 0 0 1-10.66-10.66V21.33a10.67 10.67 0 0 1 10.66-10.66h157.34a10.67 10.67 0 0 1 10.66 10.66z""/></svg>"
e77199c27ef910306b1b05c3071d5f02,"<svg xmlns=""http://www.w3.org/2000/svg"" width=""256"" height=""256"" viewBox=""0 0 256 256""><path fill=""#4a89dc"" d=""M176 16v144h-16V16H16v144H0V0h192z""/><path fill=""#4a89dc"" d=""m168 160-16-16v-16l-16 16zm-16-16L144 128l-16 16zM16 160h16v16H16zm16-16h16v16H16zm16-16h16v16H32zm16-16h16v16H48zm16-16h16v16H64zm16-16h16v16H80zm16-16h16v16H96zm16-16h16v16H112zm16-16h16v16H128zm16-16h16v16H144zm16-16h16v16H160zm16-16h16v16H176zm16-16h16v16H192zm16-16h16v16H208zm16-16h16v16H224zm16-16h16v16H240zm16-16h16v16H256zm16-16h16v16H272zm16-16h16v16H288zm16-16h16v16H304zm16-16h16v16H320zm16-16h16v16H336zm16-16h16v16H352zm16-16h16v16H368zm16-16h16v16H384zm16-16h16v16H400zm16-16h16v16H416zm16-16h16v16H432zm16-16h16v16H448zm16-16h16v16H464zm16-16h16v16H480zm16-16h16v16H496zm16-16h16v16H512zm16-16h16v16H528zm16-16h16v16H544zm16-16h16v16H560zm16-16h16v16H576zm16-16h16v16H592zm16-16h16v16H608zm16-16h16v16H624zm16-16h16v16H640zm16-16h16v16H656zm16-16h16v16H672zm16-16h16v16H688zm16-16h16v16H704zm16-16h16v16H720zm16-16h16v16H736zm16-16h16v16H752zm16-16h16v16H768zm16-16h16v16H784zm16-16h16v16H800zm16-16h16v16H816zm16-16h16v16H832zm16-16h16v16H848zm16-16h16v16H864zm16-16h16v16H880zm16-16h16v16H896zm16-16h16v16H912zm16-16h16v16H928zm16-16h16v16H944zm16-16h16v16H960zm16-16h16v16H976zm16-16h16v16H992zm16-16h16v16H1008zm16-16h16v16H1024zm16-16h16v16H1040zm16-16h16v16H1056zm16-16h16v16H1072zm16-16h16v16H1088zm16-16h16v16H1104zm16-16h16v16H1120zm16-16h16v16H1136zm16-16h16v16H1152zm16-16h16v16H1168zm16-16h16v16H1184zm16-16h16v16H1200zm16-16h16v16H1216zm16-16h16v16H1232zm16-16h16v16H1248zm16-16h16v16H1264zm16-16h16v16H1280zm16-16h16v16H1296zm16-16h16v16H1312zm16-16h16v16H1328zm16-16h16v16H1344zm16-16h16v16H1360zm16-16h16v16H1376zm16-16h16v16H1392zm16-16h16v16H1408zm16-16h16v16H1424zm16-16h16v16H1440zm16-16h16v16H1456zm16-16h16v16H1472zm16-16h16v16H1488zm16-16h16v16H1504zm16-16h16v16H1520zm16-16h16v16H1536zm16-16h16v16H1552zm16-16h16v16H1568zm16-16h16v16H1584zm16-16h16v16H1600z""/></svg>"
c106940a5f0dab81ce47beb97b6583bf,"<svg xmlns=""http://www.w3.org/2000/svg"" width=""256"" height=""256"" viewBox=""0 0 256 256""><path fill=""currentColor"" d=""M84.97 16a8 8 0 0 1-8-8V8a8 8 0 0 1 16 0v8a8 8 0 0 1-8 8m-16 0H16v8h52.97zm16 160a8 8 0 0 1-8-8V168a8 8 0 0 1 16 0v8a8 8 0 0 1-8 8""/><path fill=""currentColor"" d=""M16 168a8 8 0 0 1-8-8V8a8 8 0 0 1 16 0v152a8 8 0 0 1-8 8""/></svg>"
4d0a2eb6-e631-4382-9bb8-6257a35e3c35,"<svg xmlns=""http://www.w3.org/2000/svg"" width=""256"" height=""256"" viewBox=""0 0 256 256""><rect x=""0"" y=""0"" width=""256"" height=""256"" fill=""white""/><circle cx=""128"" cy=""128"" r=""64"" fill=""#000""/></svg>"
4c2ca501bd739340de1d7090e731bb01,"<svg xmlns=""http://www.w3.org/2000/svg"" width=""256"" height=""256"" viewBox=""0 0 256 256""><path d=""M94.78 16a8 8 0 0 1-8-8c0-4.41-3.59-8-8-8s-8 3.59-8 8a8 8 0 0 1-8 8v16H8a8 8 0 0 0-8 8v16a8 8 0 0 0 8 8h16v16a8 8 0 0 0 8 8h16a8 8 0 0 0 8-8V96h16a8 8 0 0 0 8-8V80a8 8 0 0 0-8-8m-8 16a40 40 0 1 1 0 80 40 40 0 0 1 0-80m0 16a24 24 0 1 0 0 48 24 24 0 0 0 0-48""/></svg>"
576645d5e68be36d97b63de0f127d453,"<svg xmlns=""http://www.w3.org/2000/svg"" width=""256"" height=""256"" viewBox=""0 0 256 256""><path d=""M194.78 10.67a10.67 10.67 0 0 1-10.67 10.66H10.67A10.67 10.67 0 0 1 0 10.67V0h194.78zM10.67 160v-10.67h170.66V160z""/></svg>"
8c53af1feb8b2428b55a56b03c7f7183,"<svg xmlns=""http://www.w3.org/2000/svg"" width=""256"" height=""256"" fill=""none"" viewBox=""0 0 256 256""><g stroke=""#1c274c"" stroke-linecap=""round"" stroke-width=""16""><path d=""M85.33 96a42.67 42.67 0 1 0 0-85.33 42.67 42.67 0 0 0 0 85.33""/><path d=""M160 106.67h-10.67v-64H160z""/></g></svg>"
976ce5a45126d71ebbe4ff71467d4cd6,"<svg xmlns=""http://www.w3.org/2000/svg"" width=""256"" height=""256"" fill=""none"" viewBox=""0 0 256 256""><path stroke=""#000"" stroke-linecap=""round"" stroke-linejoin=""round"" stroke-width=""21.33"" d=""M85.33 42.67c-19.2 0-32 12.8-32 28.8v106.66C0 192 10.67 202.67 26.67 202.67h149.34c16 0 26.67-10.66 26.67-26.66V71.47c0-16-10.67-28.8-26.67-28.8z""/><g stroke=""#000"" stroke-linecap=""round"" stroke-linejoin=""round"" stroke-width=""21.33""><path d=""m106.67 106.67-42.66 42.66a10.67 10.67 0 0 1-15.04 0l-42.66-42.66a10.67 10.67 0 0 1 15.04-15.04L64 128l32 32""/></g></svg>"
366b603a3643088ac81d98569bd3e962,"<svg xmlns=""http://www.w3.org/2000/svg"" width=""256"" height=""256"" viewBox=""0 0 256 256""><path fill=""#979797"" d=""M184 0H16C7.2 0 0 7.2 0 16v160c0 8.8 7.2 16 16 16h160c8.8 0 16-7.2 16-16V16c0-8.8-7.2-16-16-16m-16 160H32V32h136zm-16-160H32V16h136zM16 32h160v160H16z""/></svg>"
f042a3f29c965a1ea50f22002bbd25e0,"<svg xmlns=""http://www.w3.org/2000/svg"" width=""256"" height=""256"" viewBox=""0 0 256 256""><path d=""M197.48 10.67a10.67 10.67 0 0 0-10.67-10.67H10.67A10.67 10.67 0 0 0 0 10.67v170.66c0 5.89 4.78 10.67 10.67 10.67h170.67c5.89 0 10.67-4.78 10.67-10.67V10.67zm-186.67 0v170.66l-.01.01h170.66l.01-.01zM192 128a10.67 10.67 0 0 1-10.67 10.67H10.67A10.67 10.67 0 0 1 0 128V10.67C0 4.78 4.78 0 10.67 0h170.66c5.89 0 10.67 4.78 10.67 10.67z""/></svg>"
487dd547-7ba2-41cf-b5aa-08691b4e0d0b,"<svg xmlns=""http://www.w3.org/2000/svg"" width=""256"" height=""256"" fill=""none"" viewBox=""0 0 256 256""><g stroke=""#1c274c"" stroke-width=""16""><path d=""M85.33 96H64v-32h21.33""/><path d=""M128 96H106.67V64H128""/><path d=""M128 128H106.67V96H128""/><path d=""M128 160H106.67V128H128""/><path d=""M128 192H106.67V160H128""/><path d=""M128 224H106.67V192H128""/><path d=""M128 256H106.67V224H128""/><path d=""M128 288H106.67V256H128""/><path d=""M128 320H106.67V288H128""/><path d=""M128 352H106.67V320H128""/><path d=""M128 384H106.67V352H128""/><path d=""M128 416H106.67V384H128""/><path d=""M128 448H106.67V416H128""/><path d=""M128 480H106.67V448H128""/><path d=""M128 512H106.67V480H128""/><path d=""M128 544H106.67V480H128""/><path d=""M128 576H106.67V512H128""/><path d=""M128 608H106.67V576H128""/><path d=""M128 640H106.67V608H128""/><path d=""M128 672H106.67V640H128""/><path d=""M128 704H106.67V672H128""/><path d=""M128 736H106.67V672H128""/><path d=""M128 768H106.67V704H128""/><path d=""M128 800H106.67V736H128""/><path d=""M128 832H106.67V768H128""/><path d=""M128 864H106.67V800H128""/><path d=""M128 896H106.67V832H128""/><path d=""M128 928H106.67V864H128""/><path d=""M128 960H106.67V928H128""/><path d=""M128 992H106.67V960H128""/></g></svg>"
ea23c50eb991f46f812108d7f2b88e95,"<svg xmlns=""http://www.w3.org/2000/svg"" width=""256"" height=""256"" viewBox=""0 0 256 256""><path d=""M128 0C57.42 0 0 57.42 0 128s57.42 128 128 128 128-57.42 128-128S198.58 0 128 0m48 160a8 8 0 0 1-8 8H80v-32a8 8 0 0 1 8-8zm-48-48h32V80a8 8 0 0 1-8 8z""/></svg>"
dc2053c8-2c1f-4d5b-be7a-d1edb51b4d9d,"<svg xmlns=""http://www.w3.org/2000/svg"" width=""256"" height=""256"" fill=""none"" viewBox=""0 0 256 256""><g stroke=""#000"" stroke-linecap=""round"" stroke-linejoin=""round"" stroke-width=""21.33""><path d=""M85.33 42.67c-19.63 0-35.2 15.57-35.2 35.2s15.57 35.2 35.2 35.2a35.2 35.2 0 0 0 35.2-35.2c0-19.63-15.57-35.2-35.2-35.2""/><path d=""m128 128 10.67-10.67L160 128""/></g></svg>"
208d3a204869313c75a2188821e965b1,"<svg xmlns=""http://www.w3.org/2000/svg"" width=""256"" height=""256"" viewBox=""0 0 256 256""><path fill=""#272636"" d=""M128 0C57.42 0 0 57.42 0 128s57.42 128 128 128 128-57.42 128-128S198.58 0 128 0m0 240c-59.65 0-108-48.35-108-108S68.35 20 128 20s108 48.35 108 108-48.35 108-108 108""/><path fill=""#272636"" d=""M128 16a64 64 0 1 0 0 128 64 64 0 0 0 0-128m0 16a48 48 0 1 1 0 96 48 48 0 0 1 0-96""/></svg>"
522dbb719a7af9320fbd1e283f4de091,"<svg xmlns=""http://www.w3.org/2000/svg"" width=""256"" height=""256"" viewBox=""0 0 256 256""><rect x=""0"" y=""0"" width=""256"" height=""256"" fill=""white""/><circle cx=""128"" cy=""128"" r=""64"" fill=""black""/></svg>"
853ecc8c-4b22-49b1-b401-8fab84804e88,"<svg xmlns=""http://www.w3.org/2000/svg"" width=""256"" height=""256"" viewBox=""0 0 256 256""><path fill=""#4d4d4d"" d=""M197.82 10.67h-16V0H16v10.67h-.13a10.67 10.67 0 0 0 0 21.33h16v10.66h-16A10.67 10.67 0 0 0 0 42.67v128a10.67 10.67 0 0 0 10.67 10.66h181.33a10.67 10.67 0 0 0 10.66-10.66v-128a10.67 10.67 0 0 0-10.66-10.67m-16 128H16V42.67h160zm-16-10.67h-16v-10.66h16z""/><path fill=""#4d4d4d"" d=""M160 10.67h-16V0h16zM16 10.67h16v10.66H16zm160 128h-16v-10.66h16zm-16 10.67h16v-10.66h-16z""/></svg>"
e0db5eacebc21e859253d0b383a1ed96,"<svg xmlns=""http://www.w3.org/2000/svg"" width=""256"" height=""256"" viewBox=""0 0 256 256""><path d=""M197.48 10.67a10.67 10.67 0 0 1 .13 21.31l-.13.01H10.67A10.67 10.67 0 0 1 0 21.98V10.67C0 4.77 4.77 0 10.67 0h186.1c5.9 0 10.67 4.77 10.67 10.67v10.66zM192 160a10.67 10.67 0 0 1-10.67 10.67H10.67A10.67 10.67 0 0 1 0 160V10.67A10.67 10.67 0 0 1 10.67 0h170.66A10.67 10.67 0 0 1 192 10.67z""/><path d=""m149.33 106.67-42.66-42.66a10.67 10.67 0 0 0-15.08 15.08L128 85.33l-42.67 42.66a10.67 10.67 0 0 0 15.08 15.08l42.66-42.66 42.66 42.66a10.67 10.67 0 0 0 15.08-15.08L163.2 128l42.67-42.67a10.67 10.67 0 0 0-15.08-15.08""/></svg>"
c485dd74cf5e9bb13491c0d54589939a,"<svg xmlns=""http://www.w3.org/2000/svg"" width=""256"" height=""256"" viewBox=""0 0 256 256""><path fill=""#333"" d=""M117.33 0C52.48 0 0 52.48 0 117.33c0 64.85 52.48 117.33 117.33 117.33s117.34-52.48 117.34-117.33S182.19 0 117.33 0m0 21.33a96 96 0 0 1 96 96 96 96 0 0 1-96 96 96 96 0 0 1-96-96 96 96 0 0 1 96-96""/><path fill=""#333"" d=""M117.33 160a10.67 10.67 0 0 1-10.66-10.67V53.33l-32 32L64 106.67l53.33-53.34z""/></svg>"
c91871a6-5f92-4f84-ac8a-758d5adcbf50,"<svg xmlns=""http://www.w3.org/2000/svg"" width=""256"" height=""256"" viewBox=""0 0 256 256""><path fill=""#4d4d4d"" d=""M197.87 10.67a10.67 10.67 0 0 1-10.67 10.66H10.67A10.67 10.67 0 0 1 0 10.67V0h197.87zM10.67 160a10.67 10.67 0 0 1-10.67-10.67v-128h197.87v128a10.67 10.67 0 0 1-10.67 10.67zm170.66-10.67a10.67 10.67 0 0 1-10.66 10.67H21.33a10.67 10.67 0 0 1-10.66-10.67v-128h197.87z""/><path fill=""#4d4d4d"" d=""M106.67 106.67a10.67 10.67 0 0 1-10.66-10.66V53.33a10.67 10.67 0 0 1 21.33 0v42.67a10.67 10.67 0 0 1-10.67 10.66m-42.66 0a10.67 10.67 0 0 1-10.66-10.66V53.33a10.67 10.67 0 0 1 21.33 0v42.67a10.67 10.67 0 0 1-10.67 10.66m42.66 0a10.67 10.67 0 0 1-10.66-10.66V53.33a10.67 10.67 0 0 1 21.33 0v42.67a10.67 10.67 0 0 1-10.67 10.66""/></svg>"
5460b288-68cd-47b4-a7f0-3dcc7af46e22,"<svg xmlns=""http://www.w3.org/2000/svg"" width=""256"" height=""256"" fill=""none"" viewBox=""0 0 256 256""><path stroke=""#000"" stroke-linecap=""round"" stroke-linejoin=""round"" stroke-width=""21.33"" d=""M85.33 42.67c-9.07 0-16 7.47-16 16s6.93 16 16 16h10.66m-10.66 0v10.66H64V53.33m-10.67 0L64 64l-10.67-10.67""/></svg>"
20c327c57674a8cbc5960bf89e75aada,"<svg xmlns=""http://www.w3.org/2000/svg"" width=""256"" height=""256"" viewBox=""0 0 256 256""><path d=""M84.97 10.67a10.67 10.67 0 0 1-10.66-10.66A10.67 10.67 0 0 1 84.97 0c5.87 0 10.66 4.79 10.66 10.67S90.84 10.67 84.97 10.67m0 128a10.67 10.67 0 0 1-10.66-10.66v-128C74.31 10.67 84.97 0 90.84 0s16.53 10.67 16.53 21.33V128a10.67 10.67 0 0 1-10.66 10.66""/><path d=""M106.67 128H85.33v-10.67h21.34zm0-42.67H85.33v-10.66h21.34zM128 128h-21.33v-10.67H128z""/></svg>"
26accc1d0eae3cf5a282fe8bc9f24ae6,"<svg xmlns=""http://www.w3.org/2000/svg"" width=""256"" height=""256"" viewBox=""0 0 256 256""><path fill=""#4a90e2"" d=""M87.5 10.67h-64A10.67 10.67 0 0 0 0 21.33v64a10.67 10.67 0 0 0 10.67 10.66H87.5a10.67 10.67 0 0 0 10.66-10.66V21.33A10.67 10.67 0 0 0 87.5 10.67m0 106.66H10.67A10.67 10.67 0 0 0 0 128v64a10.67 10.67 0 0 0 10.67 10.67H87.5a10.67 10.67 0 0 0 10.66-10.67v-64a10.67 10.67 0 0 0-10.66-10.66""/><path fill=""#4a90e2"" d=""M106.67 10.67h-64A10.67 10.67 0 0 0 42.67 21.33v64a10.67 10.67 0 0 0 10.66 10.66H106.67a10.67 10.67 0 0 0 10.66-10.66V21.33A10.67 10.67 0 0 0 106.67 10.67m0 106.66H42.67A10.67 10.67 0 0 0 32 128v64a10.67 10.67 0 0 0 10.67 10.67H106.67a10.67 10.67 0 0 0 10.66-10.67v-64a10.67 10.67 0 0 0-10.66-10.66""/></svg>"
73708003-fcac-40e5-ab72-56cf146bd6ea,"<svg xmlns=""http://www.w3.org/2000/svg"" width=""256"" height=""256"" fill=""none"" viewBox=""0 0 256 256""><path stroke=""#000"" stroke-linecap=""round"" stroke-linejoin=""round"" stroke-width=""21.33"" d=""M96 42.67V0m-85.33 0L0 96""/></svg>"
b031866f9839e47867bdf04be7c70179,"<svg xmlns=""http://www.w3.org/2000/svg"" width=""256"" height=""256"" fill=""none"" stroke=""#000"" stroke-linecap=""round"" stroke-linejoin=""round"" stroke-width=""21.33"" viewBox=""0 0 256 256""><path d=""M48 74.67h-32V42.67H48m96 0h-32v-32h32""/><path d=""M160 106.67c0 17.71-14.29 32-32 32s-32-14.29-32-32 14.29-32 32-32 32 14.29 32 32""/><path d=""M160 106.67c0 17.71-14.29 32-32 32s-32-14.29-32-32 14.29-32 32-32 32 14.29 32 32""/><path d=""M160 106.67c0 17.71-14.29 32-32 32s-32-14.29-32-32 14.29-32 32-32 32 14.29 32 32""/><path d=""M160 106.67c0 17.71-14.29 32-32 32s-32-14.29-32-32 14.29-32 32-32 32 14.29 32 32""/></svg>"
2027e68d0f0f12743d8b1b3e0bf7327d,"<svg xmlns=""http://www.w3.org/2000/svg"" width=""256"" height=""256"" viewBox=""0 0 256 256""><path fill=""#4caf50"" d=""M87.95 104.4a40.4 40.4 0 0 1-40.35-40.35c0-22.1 17.8-40.35 40.35-40.35s40.35 18.25 40.35 40.35-17.8 40.35-40.35 40.35m0-64.5a24.2 24.2 0 0 0-24.15 24.15c0 13.35 10.75 24.15 24.15 24.15s24.15-10.75 24.15-24.15S111.3 60.25 87.95 60.25""/><path fill=""#4caf50"" d=""M104.4 168.9h-.05l-.05.05H87.95v-16.2h16.2zm-16.2-16.2h16.2V16.2H87.95z""/></svg>"
29aeeb99-5145-4c28-9fca-7a691e2fcbba,"<svg xmlns=""http://www.w3.org/2000/svg"" width=""256"" height=""256"" fill=""none"" viewBox=""0 0 256 256""><path stroke=""#000"" stroke-linecap=""round"" stroke-linejoin=""round"" stroke-width=""21.33"" d=""M74.67 85.33H0m96-96v192""/></svg>"
cd10d9e2a00497818b7bc88db9265125,"<svg xmlns=""http://www.w3.org/2000/svg"" width=""256"" height=""256"" viewBox=""0 0 256 256""><path d=""M84.79 10.67a10.67 10.67 0 0 1-15.08 0l-42.67 42.67H10.67A10.67 10.67 0 0 1 0 53.33v128a10.67 10.67 0 0 0 10.67 10.66h128a10.67 10.67 0 0 0 10.66-10.66V53.33c0-5.89-4.78-10.67-10.66-10.67zM10.67 160a10.67 10.67 0 0 1 10.66-10.67h128a10.67 10.67 0 0 1 10.66 10.67v10.66H10.67z""/></svg>"
90efed7b71ba491724756bbcbfc46734,"<svg xmlns=""http://www.w3.org/2000/svg"" width=""256"" height=""256"" viewBox=""0 0 256 256""><rect x=""0"" y=""0"" width=""256"" height=""256"" fill=""white""/><circle cx=""128"" cy=""128"" r=""64"" fill=""#97b8f4""/></svg>"
a94d05f0e0eb85e06839b5c1c5523a74,"<svg xmlns=""http://www.w3.org/2000/svg"" width=""256"" height=""256"" viewBox=""0 0 256 256""><path d=""M178.49 109.24a5.33 5.33 0 0 0-7.54 0l-32.72 32.72a5.33 5.33 0 0 0 7.54 7.54l16.96-16.96v32.72a5.33 5.33 0 0 0 10.67 0V116.78l16.96 16.96a5.33 5.33 0 0 0 7.54-7.54m-10.67 0c-.53 0-1.06-.53-1.06-1.06s.53-1.07 1.06-1.07h10.67c.53 0 .53 0 1.06.53s0 .53-.53.53H189a1.1 1.1 0 0 0-1.07 1.06""/><path d=""M106.67 0C47.75 0 0 47.75 0 106.67c0 58.91 47.75 106.66 106.67 106.66 58.91 0 106.66-47.75 106.66-106.66S165.58 0 106.67 0m0 192A85.33 85.33 0 0 1 21.33 106.67 85.33 85.33 0 0 1 106.67 21.33 85.33 85.33 0 0 1 192 106.67 85.33 85.33 0 0 1 106.67 192m0-160a5.33 5.33 0 0 0-5.34 5.33v10.67a5.33 5.33 0 0 0 10.67 0V5.33A5.33 5.33 0 0 0 106.67 0""/></svg>"
fa16ad7ec9e08db1119b96f54d67f1c8,"<svg xmlns=""http://www.w3.org/2000/svg"" width=""256"" height=""256"" viewBox=""0 0 256 256""><path d=""M184.79 10.67a10.67 10.67 0 0 0-10.66 10.66v10.66H10.67V21.33A10.67 10.67 0 0 0 0 32v128a10.67 10.67 0 0 0 10.67 10.67h170.66A10.67 10.67 0 0 0 192 160V32a10.67 10.67 0 0 0-10.63-10.67m-170.66 128h170.66V128H10.67zm170.66-10.67c0 5.89-4.78 10.67-10.66 10.67H10.67c-5.88 0-10.66-4.78-10.66-10.67V32c0-5.89 4.78-10.67 10.66-10.67h170.66c5.88 0 10.66 4.78 10.66 10.67z""/><path d=""M106.67 106.67H64a10.67 10.67 0 0 1 0-21.34h42.67a10.67 10.67 0 0 1 0 21.34m-42.67 32H64a10.67 10.67 0 0 1 0-21.33h42.67a10.67 10.67 0 0 1 0 21.33""/></svg>"
a92453bd82b74a72badf504d9fb77bbd,"<svg xmlns=""http://www.w3.org/2000/svg"" width=""256"" height=""256"" viewBox=""0 0 256 256""><path fill=""currentColor"" d=""M197.48 197.48H10.67A10.67 10.67 0 0 1 0 186.81V10.67C0 4.77 4.77 0 10.67 0h186.81c5.9 0 10.67 4.77 10.67 10.67v176.14a10.67 10.67 0 0 1-10.67 10.67m-186.81-10.67h176.14V10.67H10.67z""/></svg>"
75cbc991cd88a5b0b0351a1e6d743a1d,"<svg xmlns=""http://www.w3.org/2000/svg"" width=""256"" height=""256"" viewBox=""0 0 256 256""><path fill=""#47c98e"" d=""M128 0C57.31 0 0 57.31 0 128s57.31 128 128 128 128-57.31 128-128S198.69 0 128 0m0 234.67a106.67 106.67 0 1 1 0-213.33 106.67 106.67 0 0 1 0 213.33""/><path fill=""#fff"" d=""M128 106.67h-21.33v-64H128zm0-10.67V64H106.67v42.67z""/></svg>"
e0fb222844234c7fde7149aa7a2c49e2,"<svg xmlns=""http://www.w3.org/2000/svg"" width=""256"" height=""256"" viewBox=""0 0 256 256""><path fill=""currentColor"" d=""M197.48 10.67a10.67 10.67 0 0 0-10.67-10.67H10.67A10.67 10.67 0 0 0 0 10.67v128c0 5.89 4.78 10.67 10.67 10.67h176.14l-21.34 106.66a10.67 10.67 0 0 0 10.67 12.06h10.66a10.67 10.67 0 0 0 10.67-12.06L208 138.67V10.67C208 4.78 203.22 0 197.48 0m-10.67 128H10.67v-128h176.14z""/></svg>"
687d6990a090b56714dc2d45160f2770,"<svg xmlns=""http://www.w3.org/2000/svg"" width=""256"" height=""256"" viewBox=""0 0 256 256""><path d=""M197.48 0H20.52A20.5 20.5 0 0 0 0 20.52v176.96a20.5 20.5 0 0 0 20.52 20.52h176.96a20.5 20.5 0 0 0 20.52-20.52V20.52A20.5 20.5 0 0 0 197.48 0m-17.69 197.48c0 9.71-7.98 17.69-17.69 17.69H20.52c-9.71 0-17.69-7.98-17.69-17.69V20.52C0 9.71 7.98 0 20.52 0zm-16.91-104.53H37.43a8.2 8.2 0 0 0-8.19 8.19v68.27a8.2 8.2 0 0 0 8.19 8.19h132.15a8.2 8.2 0 0 0 8.19-8.19v-68.27a8.2 8.2 0 0 0-8.19-8.19m-10.24 46.08a12.8 12.8 0 1 1 .01-25.6 12.8 12.8 0 0 1-.01 25.6""/></svg>"
cdfa7edfdde22df95c4872e946865b8f,"<svg xmlns=""http://www.w3.org/2000/svg"" width=""256"" height=""256"" viewBox=""0 0 256 256""><path fill=""#4e5969"" d=""M128 0C57.31 0 0 57.31 0 128s57.31 128 128 128 128-57.31 128-128S198.69 0 128 0m0 234.67c-58.88 0-106.67-47.79-106.67-106.67S69.12 21.33 128 21.33 234.67 69.12 234.67 128 186.88 234.67 128 234.67""/><path fill=""#4e5969"" d=""M128 106.67a21.33 21.33 0 1 0 0 42.66 21.33 21.33 0 0 0 0-42.66m0 106.66A21.33 21.33 0 1 0 128 192a21.33 21.33 0 0 0 0-42.67m-42.67-106.67h-10.66v-10.66H64V64h10.67v10.67h10.66V64h10.66v10.67h10.66z""/></svg>"
a77d3986e254202d345d504cf50c1593,"<svg xmlns=""http://www.w3.org/2000/svg"" width=""256"" height=""256"" viewBox=""0 0 256 256""><path fill=""#f4ca1c"" d=""M97.8 115.2a17.92 17.92 0 1 0 35.84 0 17.92 17.92 0 1 0-35.84 0""/><path fill=""#fff"" d=""m192.16 184.32-40.96-40.96a102.4 102.4 0 0 0 25.6-66.56A102.4 102.4 0 0 0 102.4 0C45.92 0 0 45.92 0 102.4s45.92 102.4 102.4 102.4c17.92 0 35.84-3.84 51.2-10.24l40.96 40.96a12.8 12.8 0 0 0 18.08 0 12.8 12.8 0 0 0 0-18.08""/><path fill=""#4d4d4d"" d=""M192.16 184.32a102.4 102.4 0 0 0 25.6-66.56c0-53.76-43.52-97.28-97.28-97.28S0 48.64 0 102.4s43.52 97.28 97.28 97.28a102.4 102.4 0 0 0 66.56-25.6zM102.4 153.6a51.2 51.2 0 1 1 0-102.4 51.2 51.2 0 0 1 0 102.4""/></svg>"
639cdf9c5a3f7bb32fe2c924f9ed43c8,"<svg xmlns=""http://www.w3.org/2000/svg"" width=""256"" height=""256"" viewBox=""0 0 256 256""><path fill=""#4e8cee"" d=""M97.6 104a16 16 0 1 0-32 0 16 16 0 1 0 32 0""/><path fill=""#4e8cee"" d=""M128 104a16 16 0 1 0-32 0 16 16 0 1 0 32 0""/><path fill=""#4e8cee"" d=""M158.4 104a16 16 0 1 0-32 0 16 16 0 1 0 32 0""/><path fill=""#4e8cee"" d=""M128 16h-16v-8c0-4.4-3.6-8-8-8s-8 3.6-8 8v8H80c-4.4 0-8 3.6-8 8s3.6 8 8 8h16v8c0 4.4 3.6 8 8 8s8-3.6 8-8v-8h16c4.4 0 8-3.6 8-8s-3.6-8-8-8m-16 16v16h-16V32z""/><path fill=""#4e8cee"" d=""M128 16h-16v-8c0-4.4-3.6-8-8-8s-8 3.6-8 8v8H80c-4.4 0-8 3.6-8 8s3.6 8 8 8h16v8c0 4.4 3.6 8 8 8s8-3.6 8-8v-8h16c4.4 0 8-3.6 8-8s-3.6-8-8-8""/></svg>"
thesantatitan_deepseek-svg-dataset_0004039,"<svg xmlns=""http://www.w3.org/2000/svg"" width=""256"" height=""256"" viewBox=""0 0 256 256""><rect width=""256"" height=""256""/><g transform=""translate(128 128)""><circle r=""19.2"" fill=""#fff""/><path fill=""red"" d=""M44.8 76.8q-25.6 0-25.6-25.6t25.6-25.6T44.8 0l25.6 25.6z""/><path fill=""red"" d=""M44.8 76.8Q25.6 51.2 0 76.8t25.6 25.6L0 128l25.6-25.6z""/><path fill=""red"" d=""M44.8 76.8Q25.6 51.2 0 76.8t25.6 25.6l25.6 25.6 25.6-25.6z""/><path fill=""red"" d=""M44.8 76.8Q25.6 51.2 0 76.8t25.6 25.6L0 128l25.6-25.6z""/></g></svg>"
bb49941826f148b8df0fc8ccffc8ed31,"<svg xmlns=""http://www.w3.org/2000/svg"" width=""256"" height=""256"" viewBox=""0 0 256 256""><path d=""M184 0H16C7.2 0 0 7.2 0 16v192c0 8.8 7.2 16 16 16h168c8.8 0 16-7.2 16-16V16c0-8.8-7.2-16-16-16m-16 208H16V16h168zm-16-160a8 8 0 0 1 8-8h16a8 8 0 0 1 8 8v16a8 8 0 0 1-8 8h-16a8 8 0 0 1-8-8zM16 160h168v16H16z""/></svg>"
ea729a2f4580947d41485f3775bd5707,"<svg xmlns=""http://www.w3.org/2000/svg"" width=""256"" height=""256"" viewBox=""0 0 256 256""><path d=""M128 0C57.42 0 0 57.42 0 128s57.42 128 128 128 128-57.42 128-128S198.58 0 128 0m0 234.67c-58.88 0-106.67-47.79-106.67-106.67S69.12 21.33 128 21.33 234.67 69.12 234.67 128 186.88 234.67 128 234.67""/><path d=""M165.14 148.26h-23.39v-13.17h23.39a7.68 7.68 0 0 0 0-15.36h-14.08l15.65-17.84a7.68 7.68 0 1 0-11.52-10.14l-21.12 24.01-21.06-24.01a7.68 7.68 0 0 0-11.52 10.14l15.62 17.84h-18.39a7.68 7.68 0 0 0 0 15.36h23.36v13.17h-23.38a7.68 7.68 0 0 0 0 15.36h23.38v13.7a7.68 7.68 0 0 0 15.36 0v-13.7h23.39a7.68 7.68 0 0 0 0-15.36""/></svg>"
e33ef0e67b141c3ca4c25fd009081b9f,"<svg xmlns=""http://www.w3.org/2000/svg"" width=""256"" height=""256"" viewBox=""0 0 256 256""><path d=""M94.78 17.07a77.3 77.3 0 0 0-54.61 22.61A77.3 77.3 0 0 0 0 94.78c0 43.52 35.84 79.36 79.36 79.36s79.36-35.84 79.36-79.36C174.14 35.84 138.3 0 94.78 0m0-17.07C42.67 0 0 42.67 0 94.78c0 52.05 42.67 94.72 94.78 94.72s94.78-42.67 94.78-94.72S146.83 0 94.78 0""/></svg>"
39ae60955e6b585fc27304e970ce565e,"<svg xmlns=""http://www.w3.org/2000/svg"" width=""256"" height=""256"" viewBox=""0 0 256 256""><path fill=""#4e8cee"" d=""M97.6 192a97.6 97.6 0 1 1 97.6-97.6 97.6 97.6 0 0 1-97.6 97.6m0-176c-43.2 0-80 36.8-80 80s36.8 80 80 80 80-36.8 80-80-36.8-80-80-80""/><path fill=""#4e8cee"" d=""M104 128H88v-8h16zm0-32H88V88h16z""/></svg>"
6afe00f782bd17861b66844966a4f5b7,"<svg xmlns=""http://www.w3.org/2000/svg"" width=""256"" height=""256"" viewBox=""0 0 256 256""><path fill=""#333"" d=""M84.79 106.67a10.67 10.67 0 1 0 21.33 0 10.67 10.67 0 1 0-21.33 0""/><path fill=""#333"" d=""m106.67 106.67-21.34-21.34a10.67 10.67 0 0 0-15.08 15.08l21.34 21.34a10.67 10.67 0 0 0 15.08 0l21.34-21.34a10.67 10.67 0 0 0-15.08-15.08m-10.67 0c-2.84 0-5.34 1.17-7.47 3.2L80 80.53V64h-10.67v10.67H64V64H53.33v10.67H42.67V64H32v10.67H21.33V64H10.67A10.67 10.67 0 0 0 0 74.67v106.66C0 181.33 10.67 192 21.33 192h149.34c10.67 0 21.34-10.67 21.34-21.33V74.67c0-10.67-10.67-21.34-21.34-21.34M106.67 0a53.33 53.33 0 0 1 53.34 53.33v10.66H160V53.33A53.33 53.33 0 0 1 106.67 0""/></svg>"
ca98032e0ec54cff276b43ce2c8bcc96,"<svg xmlns=""http://www.w3.org/2000/svg"" width=""256"" height=""256"" viewBox=""0 0 256 256""><path d=""M197.48 0H18.52C8.2 0 0 8.2 0 18.52v168.96c0 10.32 8.2 18.52 18.52 18.52h178.96c10.32 0 18.52-8.2 18.52-18.52V18.52C216 8.2 207.8 0 197.48 0m-17.08 185.48a8.2 8.2 0 0 1-8.2 8.2H18.52a8.2 8.2 0 0 1-8.2-8.2V18.52a8.2 8.2 0 0 1 8.2-8.2h178.96a8.2 8.2 0 0 1 8.2 8.2z""/><path d=""M104.74 104.74a8.2 8.2 0 0 1-5.66-2.56L64.7 74.68l-21.34 21.34a8.2 8.2 0 0 1-11.64-.02 8.2 8.2 0 0 1 .02-11.64l21.34-21.34L43.06 43.06a8.2 8.2 0 0 1 11.64-.02 8.2 8.2 0 0 1-.02 11.64l21.34 21.34 21.34-21.34a8.2 8.2 0 0 1 11.64-.02 8.2 8.2 0 0 1 .02 11.64zm-21.34 21.34a8.2 8.2 0 0 1-5.66-2.56L64.7 125.08l-21.34 21.34a8.2 8.2 0 0 1-11.64-.02 8.2 8.2 0 0 1 .02-11.64l21.34-21.34L43.06 104.74a8.2 8.2 0 0 1 11.64-.02 8.2 8.2 0 0 1 .02 11.64l21.34 21.34 21.34-21.34a8.2 8.2 0 0 1 11.64-.02 8.2 8.2 0 0 1 .02 11.64""/></svg>"
f08f803eca6e2ccf56623f2b88111307,"<svg xmlns=""http://www.w3.org/2000/svg"" width=""256"" height=""256"" viewBox=""0 0 256 256""><path fill=""#979797"" d=""M184.53 16H16C7.2 16 0 23.2 0 32v192c0 8.8 7.2 16 16 16h168.53c8.8 0 16-7.2 16-16V32c0-8.8-7.2-16-16-16m-16 192H32V32h136.53z""/><path fill=""#979797"" d=""M168.53 160a8 8 0 0 1-8 8H32a8 8 0 0 1-8-8V32a8 8 0 0 1 8-8h136.53a8 8 0 0 1 8 8zm-16 0H48V40h124.53zM16 16h168.53v16H16zm0 160h168.53v16H16z""/></svg>"
a53ec4a5f72d175bcab07aa5d4ca0825,"<svg xmlns=""http://www.w3.org/2000/svg"" width=""256"" height=""256"" viewBox=""0 0 256 256""><rect x=""0"" y=""0"" width=""256"" height=""256"" fill=""white""/><circle cx=""128"" cy=""128"" r=""64"" fill=""#fff""/></svg>"
01b96b3b48ebec80ad1c1fd978143edf,"<svg xmlns=""http://www.w3.org/2000/svg"" width=""256"" height=""256"" viewBox=""0 0 256 256""><path fill=""#444"" d=""M189.73 10.67a10.67 10.67 0 0 1-10.66 10.66H10.67A10.67 10.67 0 0 1 0 10.67V0h179.2z""/><path fill=""#444"" d=""m179.2 10.67-10.67 10.66v106.66l-10.66-10.66L168.53 128l-10.66 10.67-10.66-10.67L128 128l-10.67 10.67-10.66-10.67L10.67 128l10.66 10.67L128 168.53l10.67-10.66 10.66 10.66V10.67z""/></svg>"
a95fdba762ea7be4d915dd4d03f5b2f4,"<svg xmlns=""http://www.w3.org/2000/svg"" width=""256"" height=""256"" viewBox=""0 0 256 256""><path d=""M128 0C57.42 0 0 57.42 0 128s57.42 128 128 128 128-57.42 128-128S198.58 0 128 0m0 24a104 104 0 1 1 0 208 104 104 0 0 1 0-208m-1.28 112.72L112 144l-24.72 24.72A8 8 0 0 1 88 144v-16c0-4.42 3.58-8 8-8h16c4.42 0 8 3.58 8 8zm-16-16H112V112H96z""/></svg>"
86c7a83cb9e81bdf455a99e659137ef2,"<svg xmlns=""http://www.w3.org/2000/svg"" width=""256"" height=""256"" viewBox=""0 0 256 256""><path d=""M128 0C57.42 0 0 57.42 0 128s57.42 128 128 128 128-57.42 128-128S198.58 0 128 0m0 234.67c-58.88 0-106.67-47.79-106.67-106.67S69.12 21.33 128 21.33 234.67 69.12 234.67 128 186.88 234.67 128 234.67""/><path d=""M128 106.67a10.67 10.67 0 0 1 10.67 10.66v42.66H160V128h-42.67v-10.67A10.67 10.67 0 0 1 128 106.67""/></svg>"
b41d7e3e022e43081f5192ee07f4d4f7,"<svg xmlns=""http://www.w3.org/2000/svg"" width=""256"" height=""256"" viewBox=""0 0 256 256""><path fill=""#4e5969"" d=""M128 0C57.31 0 0 57.31 0 128s57.31 128 128 128 128-57.31 128-128S198.69 0 128 0m0 234.67c-58.88 0-106.67-47.79-106.67-106.67S69.12 21.33 128 21.33 234.67 69.12 234.67 128 186.88 234.67 128 234.67""/><path fill=""#4e5969"" d=""M128 106.67a21.33 21.33 0 1 0 0 42.66 21.33 21.33 0 0 0 0-42.66m0 10.66A10.67 10.67 0 1 1 138.67 128 10.67 10.67 0 0 1 128 138.67""/></svg>"
fa36047dea04e51d93fb31470871d5e9,"<svg xmlns=""http://www.w3.org/2000/svg"" width=""256"" height=""256"" viewBox=""0 0 256 256""><path fill=""#fff"" d=""M197.48 197.48H10.67A10.67 10.67 0 0 1 0 186.81V10.67C0 4.77 4.77 0 10.67 0h186.81c5.9 0 10.67 4.77 10.67 10.67v176.14a10.67 10.67 0 0 1-10.67 10.67m-186.81-10.67h176.14V10.67H10.67z""/><path fill=""#fff"" d=""M106.67 106.67a53.33 53.33 0 1 0 0-106.67 53.33 53.33 0 0 0 0 106.67""/></svg>"
368f07a008f8a3e39b1497d2de618441,"<svg xmlns=""http://www.w3.org/2000/svg"" width=""256"" height=""256"" viewBox=""0 0 256 256""><rect x=""0"" y=""0"" width=""256"" height=""256"" fill=""white""/><circle cx=""128"" cy=""128"" r=""64"" fill=""#4d4d4d""/></svg>"
c40d4f88519b6bb02fe8fca55bab9fa3,"<svg xmlns=""http://www.w3.org/2000/svg"" width=""256"" height=""256"" viewBox=""0 0 256 256""><path fill=""currentColor"" d=""M84.97 10.67a10.67 10.67 0 0 1 15.08 15.08l-21.33 21.33h106.66A10.67 10.67 0 0 1 192 46.75v-106.66c0-5.89-4.78-10.67-10.67-10.67H84.97zm106.66 106.66a10.67 10.67 0 0 1 15.08 15.08l-21.33 21.33V192a10.67 10.67 0 0 1-10.67 10.67H84.97a10.67 10.67 0 0 1-10.67-10.67v-106.66L0 121.65a10.67 10.67 0 0 1 15.08-15.08z""/></svg>"
ae0d69831dfeb9bb21e44699e9483e11,"<svg xmlns=""http://www.w3.org/2000/svg"" width=""256"" height=""256"" viewBox=""0 0 256 256""><path d=""M84.97 0a8.03 8.03 0 0 1 8.03 8.03v16H76.94V8.03A8.03 8.03 0 0 1 84.97 0""/></svg>"
5bc26faa106b61de6c697d8389b2494c,"<svg xmlns=""http://www.w3.org/2000/svg"" width=""256"" height=""256"" viewBox=""0 0 256 256""><path d=""M117.33 0C52.48 0 0 52.48 0 117.33c0 64.85 52.48 117.33 117.33 117.33s117.34-52.48 117.34-117.33S182.19 0 117.33 0m0 21.33a96 96 0 0 1 96 96 96 96 0 0 1-96 96 96 96 0 0 1-96-96 96 96 0 0 1 96-96""/><path d=""M117.33 149.33h-64v-32l32-32L128 42.67l-32 32z""/></svg>"
thesantatitan_deepseek-svg-dataset_0003317,"<svg xmlns=""http://www.w3.org/2000/svg"" width=""256"" height=""256"" viewBox=""0 0 256 256""><rect width=""256"" height=""256""/><g transform=""translate(128 128)""><circle r=""19.2"" fill=""#fff""/><path fill=""red"" d=""M44.8 76.8q-12.8 12.8-25.6 0t-25.6-12.8Q0 76.8 0 64q0-12.8 12.8-25.6T25.6 0q12.8 12.8 25.6 0t25.6 12.8q12.8-12.8 25.6 0t25.6 12.8q12.8 12.8 0 25.6t-25.6 12.8""/><path fill=""red"" d=""M44.8 76.8q-12.8 12.8-25.6 0t-25.6-12.8Q0 76.8 0 64q0-12.8 12.8-25.6T25.6 0q12.8 12.8 25.6 0t25.6 12.8q12.8 12.8 0 25.6t-25.6 12.8""/><path fill=""red"" d=""M44.8 76.8q-12.8 12.8-25.6 0t-25.6-12.8Q0 76.8 0 64q0-12.8 12.8-25.6T25.6 0q12.8 12.8 25.6 0t25.6 12.8q12.8 12.8 0 25.6t-25.6 12.8""/></g></svg>"
5a89b390d26eb0c79fa762f9bb6e0ea2,"<svg xmlns=""http://www.w3.org/2000/svg"" width=""256"" height=""256"" viewBox=""0 0 256 256""><path fill=""#444"" d=""M189.73 189.73a10.67 10.67 0 0 1-15.08 0l-53.33-53.33L128 138.67l-53.33-53.34a10.67 10.67 0 0 1 0-15.08l53.33-53.33a10.67 10.67 0 0 1 15.08 0l53.33 53.33 53.33-53.33a10.67 10.67 0 0 1 15.08 0l53.33 53.33a10.67 10.67 0 0 1 0 15.08z""/></svg>"
1bdce14177d6c7d19c56eb84d7d8de03,"<svg xmlns=""http://www.w3.org/2000/svg"" width=""256"" height=""256"" viewBox=""0 0 256 256""><path fill=""#979797"" d=""M148.8 104a16 16 0 1 0-32 0 16 16 0 1 0 32 0""/><path fill=""#979797"" d=""m148.8 104-24-24a16 16 0 1 0-22.63 22.63l24 24a16 16 0 0 0 22.63-22.63m-16 0c0-8.85-7.15-16-16-16s-16 7.15-16 16v16h16z""/><path fill=""#979797"" d=""M160 160H32a32 32 0 0 1-32-32V32A32 32 0 0 1 32 0h128a32 32 0 0 1 32 32v96a32 32 0 0 1-32 32""/></svg>"
869fc1019e4860633ff8ce833e1f44ef,"<svg xmlns=""http://www.w3.org/2000/svg"" width=""256"" height=""256"" viewBox=""0 0 256 256""><path fill=""currentColor"" d=""M84.97 16.01a8.01 8.01 0 0 0-11.31 0L1.31 84.97a8 8 0 0 0 0 11.3l73.6 73.6a8 8 0 0 0 11.31 0l73.6-73.6a8 8 0 0 0 0-11.31zm-73.6 0v73.6h73.6V16z""/></svg>"
e4dfae5a4b965b6aa85f8653c7cfb9e4,"<svg xmlns=""http://www.w3.org/2000/svg"" width=""256"" height=""256"" viewBox=""0 0 256 256""><path fill=""#ff9800"" d=""M74.67 106.67a32 32 0 1 0-64 0 32 32 0 1 0 64 0""/><path fill=""#ff9800"" d=""m106.67 106.67-10.66-10.66v-16h-16V80H80v16H64v10.67l-10.67 10.66z""/><path fill=""#ff9800"" d=""M106.67 106.67c-17.71 0-32-14.29-32-32s14.29-32 32-32 32 14.29 32 32-14.29 32-32 32m0-42.67C50.19 64 0 114.19 0 160s50.19 96 106.67 96 106.66-50.88 106.66-96S162.56 64 106.67 64""/></svg>"
4e2cb420fbaff506b56aff612a1ea247,"<svg xmlns=""http://www.w3.org/2000/svg"" width=""256"" height=""256"" viewBox=""0 0 256 256""><path fill=""#979797"" d=""M84.8 16a16 16 0 1 0 0-32 16 16 0 0 0 0 32m0 128a16 16 0 1 0 0-32 16 16 0 0 0 0 32""/><path fill=""#979797"" d=""M16 84.8a16 16 0 1 0 0-32 16 16 0 0 0 0 32m0 128a16 16 0 1 0 0-32 16 16 0 0 0 0 32""/><path fill=""#979797"" d=""M16 16A16 16 0 1 0 0 32 16 16 0 0 0 16 16m0 128a16 16 0 1 0 0-32 16 16 0 0 0 0 32""/></svg>"
bb6a320a-f1b2-4bf9-aa51-67e34dcbd214,"<svg xmlns=""http://www.w3.org/2000/svg"" width=""256"" height=""256"" viewBox=""0 0 256 256""><rect x=""0"" y=""0"" width=""256"" height=""256"" fill=""white""/><circle cx=""128"" cy=""128"" r=""64"" fill=""#000""/></svg>"
15ec41d43f41853fab819a5c5844b8ac,"<svg xmlns=""http://www.w3.org/2000/svg"" width=""256"" height=""256"" viewBox=""0 0 256 256""><path fill=""#444"" d=""M178.93 0H27.2A27.2 27.2 0 0 0 0 27.2v151.73a27.2 27.2 0 0 0 27.2 27.2h151.73a27.2 27.2 0 0 0 27.2-27.2V27.2A27.2 27.2 0 0 0 178.93 0m-15.1 151.73c0 8.5-6.6 15.1-15.1 15.1H27.2c-8.5 0-15.1-6.6-15.1-15.1V27.2c0-8.5 6.6-15.1 15.1-15.1h151.73c8.5 0 15.1 6.6 15.1 15.1z""/><path fill=""#444"" d=""M103.2 103.2H50.93a7.1 7.1 0 0 1-7.1-7.1V50.93a7.1 7.1 0 0 1 7.1-7.1h52.27a7.1 7.1 0 0 1 7.1 7.1v45.14a7.1 7.1 0 0 1-7.1 7.1""/></svg>"
4bab6c8a-3ef9-4e83-913c-42967c7e50d0,"<svg xmlns=""http://www.w3.org/2000/svg"" width=""256"" height=""256"" fill=""none"" viewBox=""0 0 256 256""><g stroke=""#000"" stroke-linecap=""round"" stroke-linejoin=""round"" stroke-width=""21.33""><path d=""M48 74.67V96h-10.67v-21.33""/><path d=""M106.67 74.67V96H96v-21.33""/><path d=""M165.33 74.67V96h-10.66v-21.33""/></g></svg>"
cbfcd190d8a34707569179ac050afc08,"<svg xmlns=""http://www.w3.org/2000/svg"" width=""256"" height=""256"" viewBox=""0 0 256 256""><rect x=""0"" y=""0"" width=""256"" height=""256"" fill=""white""/><circle cx=""128"" cy=""128"" r=""64"" fill=""#444""/></svg>"
f842bfcb04d3fbddcdf9f2a18e6fd61e,"<svg xmlns=""http://www.w3.org/2000/svg"" width=""256"" height=""256"" viewBox=""0 0 256 256""><path fill=""#979797"" d=""M184.53 0H21.33C9.6 0 0 9.6 0 21.33v149.34c0 11.73 9.6 21.33 21.33 21.33h163.2c11.73 0 21.33-9.6 21.33-21.33V21.33C205.87 9.6 196.27 0 184.53 0m-162.13 162.13a10.67 10.67 0 0 1-15.04-.85l-21.34-21.33a10.67 10.67 0 0 1 .85-15.04L128 106.67l21.33-21.34a10.67 10.67 0 0 1 15.04.85l21.33 21.33a10.67 10.67 0 0 1-.85 15.04z""/></svg>"
2959a4147b65342b54cc5537cad9104a,"<svg xmlns=""http://www.w3.org/2000/svg"" width=""256"" height=""256"" viewBox=""0 0 256 256""><path fill=""#4a90e2"" d=""M178.67 106.67c-1.07 0-2.13-.53-2.67-1.07l-1.6-1.07C174.4 89.6 160 74.67 160 74.67s-14.93 14.93-26.67 26.67m-14.93 0A10.67 10.67 0 0 0 160 128v21.33h-10.67V128a10.67 10.67 0 0 0-10.66-10.67""/><path fill=""#ff6d6d"" d=""M106.67 106.67a10.67 10.67 0 0 1 10.66 10.66v21.34H96v-21.34a10.67 10.67 0 0 1 10.67-10.66""/><path fill=""#4a90e2"" d=""M106.67 192a10.67 10.67 0 0 1-10.67-10.67V128a10.67 10.67 0 0 1 21.34 0v53.33A10.67 10.67 0 0 1 106.67 192m0-106.67a96 96 0 0 0-96 96v53.34a96 96 0 0 0 96 96 96 96 0 0 0 96-96V128a96 96 0 0 0-96-96""/></svg>"
795d07ed95526c906b164488ac16409e,"<svg xmlns=""http://www.w3.org/2000/svg"" width=""256"" height=""256"" viewBox=""0 0 256 256""><path d=""M184.79 10.67a10.67 10.67 0 0 1-10.66 10.66H10.67A10.67 10.67 0 0 1 0 10.67V0h192z""/><path d=""m184.79 10.67-10.66 10.66v106.66l-10.66-10.66zM10.67 192h192v-10.67L192 192zm170.66-10.67v-106.66l-10.66 10.66H10.67V192z""/></svg>"
796221887d9b5a55ed27a7b445ca93da,"<svg xmlns=""http://www.w3.org/2000/svg"" width=""256"" height=""256"" viewBox=""0 0 256 256""><path fill=""#4e78f9"" d=""M192.01 106.67a10.67 10.67 0 0 1-10.66 10.66H85.33a10.67 10.67 0 0 1-10.66-10.66v-10.66h-32A42.67 42.67 0 0 1 .01 64C-.01 28.69 42.67 0 85.33 0c42.66 0 85.33 28.69 85.33 64a42.67 42.67 0 0 1-42.66 42.66m-10.66-10.66V64a32 32 0 0 0-32-32 32 32 0 0 0-32 32v10.66z""/><path fill=""#4e78f9"" d=""M192.01 106.67a10.67 10.67 0 0 1-10.66 10.66H85.33a10.67 10.67 0 0 1-10.66-10.66v-10.66h-32A42.67 42.67 0 0 1 .01 64c0-23.84 20.16-44.8 44.8-44.8s44.8 20.16 44.8 44.8a42.67 42.67 0 0 1-42.66 42.66m-10.66-10.66V64a32 32 0 0 0-32-32 32 32 0 0 0-32 32v10.66z""/></svg>"
f012d7256a7942d77f2f733d47b3c609,"<svg xmlns=""http://www.w3.org/2000/svg"" width=""256"" height=""256"" viewBox=""0 0 256 256""><rect fill=""white"" height=""256"" width=""256""/><path fill=""currentColor"" d=""M184 0H24C10.77 0 0 10.77 0 24v192c0 13.23 10.77 24 24 24h160c13.23 0 24-10.77 24-24V24c0-13.23-10.77-24-24-24m-16 208H32V32h144zm-16-160a8 8 0 0 1 8 8v16a8 8 0 0 1-16 0v-16a8 8 0 0 1 8-8""/><path fill=""currentColor"" d=""M112 160a8 8 0 0 1 8 8v16a8 8 0 0 1-16 0v-16a8 8 0 0 1 8-8m-48 0a8 8 0 0 1 8 8v16a8 8 0 0 1-16 0v-16a8 8 0 0 1 8-8m48 0a8 8 0 0 1 8 8v16a8 8 0 0 1-16 0v-16a8 8 0 0 1 8-8""/></svg>"
dea8c91b333fef2d0cad705d4556cbb0,"<svg xmlns=""http://www.w3.org/2000/svg"" width=""256"" height=""256"" viewBox=""0 0 256 256""><path d=""M84.79 16a16 16 0 0 0-16 16v16h-16V16A16 16 0 0 0 52.79 0H36.79a16 16 0 0 0-16 16zm0 16v16H36.79V16zM16 16v16H0V16A16 16 0 0 1 16 0zm16 16v16H16V16z""/></svg>"
decc4c13cc2aa6760c8870b9a04d6a42,"<svg xmlns=""http://www.w3.org/2000/svg"" width=""256"" height=""256"" viewBox=""0 0 256 256""><path fill=""#49c8b7"" d=""M106.67 0a10.67 10.67 0 0 1 10.66 10.67v128A10.67 10.67 0 0 1 106.67 144H10.67A10.67 10.67 0 0 1 0 133.33V10.67A10.67 10.67 0 0 1 10.67 0zm-10.66 16h-96l-.01 128h96z""/><path fill=""#49c8b7"" d=""M106.67 10.67a10.67 10.67 0 0 1 10.66 10.66v128a10.67 10.67 0 0 1-10.66 10.66H10.67A10.67 10.67 0 0 1 0 133.33V10.67A10.67 10.67 0 0 1 10.67 0zM96 16h-64l-.01 128h64z""/></svg>"
3f480073f77d15df0d59993b573832c7,"<svg xmlns=""http://www.w3.org/2000/svg"" width=""256"" height=""256"" viewBox=""0 0 256 256""><path fill=""#ff4757"" d=""M89.6 128a12.8 12.8 0 1 0 25.6 0 12.8 12.8 0 1 0-25.6 0""/><path fill=""#fcbba1"" d=""m128 128 12.8-12.8v-12.8l-12.8-12.8z""/><path fill=""#fff"" d=""M128 128h-12.8V128H128zm0-12.8h-12.8V128H128zM128 0H128v12.8H128z""/><path fill=""#fcbba1"" d=""M128 0v12.8H128V0z""/></svg>"
e347d66285704a472274748785b2ce9d,"<svg xmlns=""http://www.w3.org/2000/svg"" width=""256"" height=""256"" viewBox=""0 0 256 256""><rect x=""0"" y=""0"" width=""256"" height=""256"" fill=""white""/><circle cx=""128"" cy=""128"" r=""64"" fill=""#47c98e""/></svg>"
f56f5527-6b18-40ba-be43-310c034c0450,"<svg xmlns=""http://www.w3.org/2000/svg"" width=""256"" height=""256"" viewBox=""0 0 256 256""><path d=""M128 0C57.42 0 0 57.42 0 128s57.42 128 128 128 128-57.42 128-128S198.58 0 128 0m0 234.67c-58.88 0-106.67-47.79-106.67-106.67S69.12 21.33 128 21.33 234.67 69.12 234.67 128 186.88 234.67 128 234.67""/><path d=""M128 106.67a10.67 10.67 0 1 0 0 21.33h-64a10.67 10.67 0 1 0 0 21.34h64a10.67 10.67 0 1 0 0-21.34z""/></svg>"
73f19b688a39c0cdf6157fb4e2c4537e,"<svg xmlns=""http://www.w3.org/2000/svg"" width=""256"" height=""256"" viewBox=""0 0 256 256""><path d=""M197.48 0H10.52C4.7 0 0 4.7 0 10.52v187.06c0 5.82 4.7 10.52 10.52 10.52h187.06c5.82 0 10.52-4.7 10.52-10.52V10.52C208 4.7 203.3 0 197.48 0m-18.28 197.48H18.28V18.28h161.12zM18.28 169.1h161.12V18.28H18.28zm161.12-18.28V18.28H18.28v140.82z""/></svg>"
3cf1e548ac96efa8a849c2e30c09c2c9,"<svg xmlns=""http://www.w3.org/2000/svg"" width=""256"" height=""256"" viewBox=""0 0 256 256""><path d=""M197.48 10.67a10.67 10.67 0 0 0-10.67 10.66v128c0 5.89-4.78 10.67-10.67 10.67H10.67A10.67 10.67 0 0 0 0 148.73V21.33C0 9.44 9.44 0 21.33 0h165.48c11.89 0 21.33 9.44 21.33 21.33m-186.66 128h165.48l-.01 10.67H21.33zm186.66-10.67v-128H21.33v128z""/></svg>"
d584789a90321b0e5b02f5b57b783d22,"<svg xmlns=""http://www.w3.org/2000/svg"" width=""256"" height=""256"" viewBox=""0 0 256 256""><rect x=""0"" y=""0"" width=""256"" height=""256"" fill=""white""/><circle cx=""128"" cy=""128"" r=""64"" fill=""#e8f4ff""/></svg>"
4a2c2e6b0d883c43b80d1b8c00c9d143,"<svg xmlns=""http://www.w3.org/2000/svg"" width=""256"" height=""256"" viewBox=""0 0 256 256""><path d=""M94.78 106.67a10.67 10.67 0 1 0 21.33 0 10.67 10.67 0 1 0-21.33 0""/><path d=""M106.67 106.67A10.67 10.67 0 0 1 96 96V10.67C96 4.77 91.23 0 85.33 0S74.67 4.77 74.67 10.67v85.33c0 5.87 4.77 10.67 10.67 10.67m0-106.67c-22.08 0-40 17.92-40 40s17.92 40 40 40 40-17.92 40-40-17.92-40-40-40""/></svg>"
7b09ab57cfb607da982fb06b6ba08ccb,"<svg xmlns=""http://www.w3.org/2000/svg"" width=""256"" height=""256"" viewBox=""0 0 256 256""><rect x=""0"" y=""0"" width=""256"" height=""256"" fill=""white""/><circle cx=""128"" cy=""128"" r=""64"" fill=""black""/></svg>"
3c1afdf835e6b629d14ee7c0e78760e0,"<svg xmlns=""http://www.w3.org/2000/svg"" width=""256"" height=""256"" viewBox=""0 0 256 256""><path d=""M149.33 85.33a74.67 74.67 0 1 0-149.33 0 74.67 74.67 0 0 0 149.33 0m-128 0c0-42.67 32-74.67 74.67-74.67s74.66 32 74.66 74.67-32 74.67-74.66 74.67S0 128 0 85.33""/><path d=""M149.33 160H128v-21.33h21.33zm-128 0H0V128h21.33z""/></svg>"
6bc68236fcd5a5301ae4c596734549c9,"<svg xmlns=""http://www.w3.org/2000/svg"" width=""256"" height=""256"" viewBox=""0 0 256 256""><path fill=""#fff"" d=""M128 0C57.42 0 0 57.42 0 128s57.42 128 128 128 128-57.42 128-128S198.58 0 128 0m0 234.67c-58.88 0-106.67-47.79-106.67-106.67S69.12 21.33 128 21.33 234.67 69.12 234.67 128 186.88 234.67 128 234.67""/><path fill=""#fff"" d=""M128 106.67a10.67 10.67 0 0 1 10.67 10.66v42.66H160V128h-42.67v42.67H128zm-42.67 0L128 160l-42.67-42.67z""/></svg>"
b3dcd64a4e0748e091af2990909be3aa,"<svg xmlns=""http://www.w3.org/2000/svg"" width=""256"" height=""256"" viewBox=""0 0 256 256""><path fill=""#4e8cee"" d=""M179.2 0H25.6A25.6 25.6 0 0 0 0 25.6v153.6a25.6 25.6 0 0 0 25.6 25.6h153.6a25.6 25.6 0 0 0 25.6-25.6V25.6A25.6 25.6 0 0 0 179.2 0m-12.8 179.2c0 7.04-5.76 12.8-12.8 12.8H25.6c-7.04 0-12.8-5.76-12.8-12.8V25.6c0-7.04 5.76-12.8 12.8-12.8h153.6c7.04 0 12.8 5.76 12.8 12.8z""/><path fill=""#4e8cee"" d=""M128 128a12.8 12.8 0 1 0 25.6 0 12.8 12.8 0 1 0-25.6 0""/><path fill=""#4e8cee"" d=""M128 179.2a12.8 12.8 0 1 0 25.6 0 12.8 12.8 0 1 0-25.6 0""/><path fill=""#4e8cee"" d=""M128 230.4a12.8 12.8 0 1 0 25.6 0 12.8 12.8 0 1 0-25.6 0""/></svg>"
thesantatitan_deepseek-svg-dataset_0000533,"<svg xmlns=""http://www.w3.org/2000/svg"" width=""256"" height=""256"" viewBox=""0 0 256 256""><rect width=""256"" height=""256""/><g transform=""translate(128 128)""><circle r=""19.2"" fill=""#fff""/><path fill=""red"" d=""M44.8 76.8q-12.8 12.8-25.6 0t-25.6-12.8Q0 76.8 0 64q0-12.8 12.8-25.6T25.6 0q12.8 12.8 25.6 0t25.6 12.8q12.8-12.8 25.6 0t25.6 12.8q12.8 12.8 0 25.6t-25.6 12.8""/><path fill=""red"" d=""M44.8 76.8q-12.8 12.8-25.6 0t-25.6-12.8Q0 76.8 0 64q0-12.8 12.8-25.6T25.6 0q12.8 12.8 25.6 0t25.6 12.8q12.8 12.8 0 25.6t-25.6 12.8""/><path fill=""red"" d=""M44.8 76.8q-12.8 12.8-25.6 0t-25.6-12.8Q0 76.8 0 64q0-12.8 12.8-25.6T25.6 0q12.8 12.8 25.6 0t25.6 12.8q12.8 12.8 0 25.6t-25.6 12.8""/></g></svg>"
3ac2c9ed08f0f1b85f95bfba0e84da08,"<svg xmlns=""http://www.w3.org/2000/svg"" width=""256"" height=""256"" viewBox=""0 0 256 256""><path fill=""#e43838"" d=""M197.33 10.67h-16V0H16v10.67h-.13a10.67 10.67 0 0 0 0 21.33h16v106.66h-16A10.67 10.67 0 0 0 0 128v10.67h208V128a10.67 10.67 0 0 0-10.67-10.67m-16 10.66v106.66H16V10.67z""/><path fill=""#e43838"" d=""M16 10.67h160v10.66H16zm0 106.66h160v10.67H16zM16 128h160v10.67H16z""/></svg>"
a0df842d-d482-4917-94f0-25b885c1c3ec,"<svg xmlns=""http://www.w3.org/2000/svg"" width=""256"" height=""256"" fill=""none"" viewBox=""0 0 256 256""><g stroke=""#4a4a4a"" stroke-linecap=""round"" stroke-width=""16""><path d=""M96 170.67c-48 0-85.33-37.33-85.33-85.33S48 0 96 0s85.33 37.33 85.33 85.33-37.34 85.34-85.33 85.34""/><circle cx=""128"" cy=""128"" r=""106.67""/></g></svg>"
9a9563a6-a25f-4d01-8bc7-8da0cf5f5e45,"<svg xmlns=""http://www.w3.org/2000/svg"" width=""256"" height=""256"" fill=""none"" viewBox=""0 0 256 256""><g stroke=""#1c274c"" stroke-width=""16""><path d=""M85.33 96a10.67 10.67 0 0 1-10.66-10.67V10.67C74.67 4.27 79.47 0 85.33 0s10.66 4.27 10.66 10.67v74.66A10.67 10.67 0 0 1 85.33 96""/><path stroke-linecap=""round"" d=""m106.67 106.67-21.34-21.34""/></g></svg>"
b17139fd16d7ace872ea8110329ecf21,"<svg xmlns=""http://www.w3.org/2000/svg"" width=""256"" height=""256"" viewBox=""0 0 256 256""><path fill=""#4e5969"" d=""M178.67 10.67a10.67 10.67 0 0 1-10.66 10.66H10.67A10.67 10.67 0 0 1 0 10.67V10.67C0 4.77 4.77 0 10.67 0h157.34c5.9 0 10.67 4.77 10.67 10.67m-160 0v106.66h160V10.67zM160 160H10.67A10.67 10.67 0 0 1 0 149.33V160a10.67 10.67 0 0 1 10.67 10.67zm0-160H10.67A10.67 10.67 0 0 1 0 10.67V160a10.67 10.67 0 0 1-10.67 10.67H160A10.67 10.67 0 0 1 160 160z""/><path fill=""#4e5969"" d=""M160 160h-10.67v-10.67l-10.66 10.67L160 160zm-10.67-10.67v-10.66l-10.66 10.66-10.67-10.66V160z""/></svg>"
0de7149e99b56fde10e47d1c29a032ba,"<svg xmlns=""http://www.w3.org/2000/svg"" width=""256"" height=""256"" viewBox=""0 0 256 256""><path fill=""currentColor"" d=""M197.84 10.67a10.67 10.67 0 0 0-10.67 10.66v128c0 5.89-4.78 10.67-10.66 10.67H10.67A10.67 10.67 0 0 1 0 146.67V10.67C0 4.78 4.78 0 10.67 0zm-10.67 128h-128v128h128z""/><path fill=""currentColor"" d=""M106.67 106.67h-64a10.67 10.67 0 0 1 0-21.34h64a10.67 10.67 0 0 1 0 21.34""/></svg>"
84225196-e3a2-4789-873c-6009be8dd608,"<svg xmlns=""http://www.w3.org/2000/svg"" width=""256"" height=""256"" fill=""none"" viewBox=""0 0 256 256""><g stroke=""#000"" stroke-linecap=""round"" stroke-linejoin=""round"" stroke-width=""21.33""><path d=""M48 74.67h-32c-17.71 0-32-14.29-32-32V32C0 14.29 14.29 0 32 0h32c17.71 0 32 14.29 32 32v10.67""/><path d=""M160 106.67H128a10.67 10.67 0 0 1-10.67-10.66V32c0-5.89 4.78-10.67 10.67-10.67h32c5.89 0 10.67 4.78 10.67 10.67v64a10.67 10.67 0 0 1-10.67 10.66m-10.67 0v-64""/></g></svg>"
d966537c-46ae-4e34-8347-b0b273743187,"<svg xmlns=""http://www.w3.org/2000/svg"" width=""256"" height=""256"" fill=""none"" viewBox=""0 0 256 256""><path stroke=""#000"" stroke-linecap=""round"" stroke-linejoin=""round"" stroke-width=""21.33"" d=""M48 0v74.67m-42.67 0V0M0 0h74.67m-42.67 0H0M48 96v74.67m-42.67 0V96M0 96h74.67m-42.67 0H0M48 192v74.67m-42.67 0V192M0 192h74.67m-42.67 0H0""/></svg>"
5a17ad6464e07133da8992dd3c52488b,"<svg xmlns=""http://www.w3.org/2000/svg"" width=""256"" height=""256"" viewBox=""0 0 256 256""><path fill=""#4e8cee"" d=""M179.2 179.2H25.6V25.6h153.6v153.6zm-128-128a12.8 12.8 0 0 1 12.8 12.8v128a12.8 12.8 0 0 1-12.8 12.8H25.6A12.8 12.8 0 0 1 12.8 204.8v-128A12.8 12.8 0 0 1 25.6 89.6z""/></svg>"
9255034c-9ca4-49a3-969f-aa56573be0b2,"<svg xmlns=""http://www.w3.org/2000/svg"" width=""256"" height=""256"" viewBox=""0 0 256 256""><path fill=""#fff"" d=""M0 0h256v256H0z""/><path fill=""#ff4757"" d=""m198.4 102.4-12.8 12.8c-12.8 12.8-32 12.8-44.8 0l-12.8-12.8a12.8 12.8 0 0 1 0-17.92L153.6 38.4c12.8-12.8 32-12.8 44.8 0l12.8 12.8a12.8 12.8 0 0 1 0 17.92zm-12.8 12.8-12.8 12.8c-12.8 12.8-32 12.8-44.8 0l-12.8-12.8a12.8 12.8 0 0 1 0-17.92L153.6 38.4c12.8-12.8 32-12.8 44.8 0l12.8 12.8a12.8 12.8 0 0 1 0 17.92zM128 12.8C64 12.8 12.8 64 12.8 128s51.2 115.2 115.2 115.2S256 192 256 128 192 12.8 128 12.8m0 25.6c-44.8 0-81.92 37.12-81.92 81.92S83.2 204.8 128 204.8s81.92-37.12 81.92-81.92S172.8 25.6 128 25.6""/></svg>"
22d04b3be8c872703266802c919a57b2,"<svg xmlns=""http://www.w3.org/2000/svg"" width=""256"" height=""256"" viewBox=""0 0 256 256""><path d=""M178.49 0H27.51C12.22 0 0 12.22 0 27.51v150.98c0 15.29 12.22 27.51 27.51 27.51h150.98c15.29 0 27.51-12.22 27.51-27.51V27.51C205.99 12.22 193.77 0 178.49 0m-15.29 15.29v125.69l-30.1-15.08a15.29 15.29 0 0 0-21.33 0L57.69 170.67l-30.1 15.08V15.29z""/></svg>"
566f44c1afbe084f8665c31b1396728d,"<svg xmlns=""http://www.w3.org/2000/svg"" width=""256"" height=""256"" viewBox=""0 0 256 256""><path fill=""currentColor"" d=""M197.48 10.67H10.67A10.67 10.67 0 0 0 0 21.33v170.66a10.67 10.67 0 0 0 10.67 10.66h186.81a10.67 10.67 0 0 0 10.66-10.66V21.33a10.67 10.67 0 0 0-10.66-10.66m-186.81 170.66h170.66V21.33H10.67z""/><path fill=""currentColor"" d=""M197.48 10.67h-186.81a10.67 10.67 0 0 0-10.66 10.66v170.66a10.67 10.67 0 0 0 10.66 10.66h186.81a10.67 10.67 0 0 0 10.66-10.66V21.33a10.67 10.67 0 0 0-10.66-10.66m-186.81 170.66h170.66V21.33H10.67zm10.66-10.67h165.36l-.01 165.36H21.33zM106.67 10.67h85.34v165.36H106.67z""/></svg>"
1ffcf29fc54313c8b4e75e9072b651c8,"<svg xmlns=""http://www.w3.org/2000/svg"" width=""256"" height=""256"" viewBox=""0 0 256 256""><path fill=""#fff"" d=""M48 176h16v-16H48z""/><path fill=""#fff"" d=""M96 176h16v-16h-16z""/><path fill=""#fff"" d=""M144 176h16v-16h-16z""/><path fill=""#fff"" d=""M192 176h16v-16h-16z""/><path fill=""#fff"" d=""M0 0h240v16H0zm240 224H0V224h240zM16 16h216v16H16z""/></svg>"
11b43007370a4744a79048f67b5c90a4,"<svg xmlns=""http://www.w3.org/2000/svg"" width=""256"" height=""256"" viewBox=""0 0 256 256""><path fill=""#fff"" d=""M0 0h245.76v245.76H0z""/><path d=""M198.4 179.2V128a12.8 12.8 0 0 0-12.8-12.8H12.8A12.8 12.8 0 0 0 0 128v51.2c0 7.04 5.76 12.8 12.8 12.8h179.2c7.04 0 12.8-5.76 12.8-12.8m-12.8-12.8H25.6v-51.2h160zM128 128H64v-25.6h64zm0-38.4H64V64h64zm0-38.4H64V25.6h64z""/></svg>"
a18b36b0fa714d7f34575a027d1bc693,"<svg xmlns=""http://www.w3.org/2000/svg"" width=""256"" height=""256"" viewBox=""0 0 256 256""><path d=""M184.79 10.67h-16V0H10.67v10.67H0v170.66h192V10.67zM16 192h160V16H16zm16-16h149.33v-16H32z""/></svg>"
37e8022f-243f-40f8-89f7-c5c056083469,"<svg xmlns=""http://www.w3.org/2000/svg"" width=""256"" height=""256"" fill=""none"" viewBox=""0 0 256 256""><g stroke=""#000"" stroke-linecap=""round"" stroke-linejoin=""round"" stroke-width=""21.33""><path d=""M85.33 42.67h-64A21.4 21.4 0 0 0 0 64v96a21.4 21.4 0 0 0 21.33 21.33H128a21.4 21.4 0 0 0 21.33-21.33V64a21.4 21.4 0 0 0-21.33-21.33""/><path d=""m128 106.67 21.33 21.34""/></g></svg>"
thesantatitan_deepseek-svg-dataset_0001179,"<svg xmlns=""http://www.w3.org/2000/svg"" width=""256"" height=""256"" fill=""none"" stroke=""#000"" stroke-linecap=""round"" stroke-linejoin=""round"" stroke-width=""21.33""><path d=""M0 0h42.67v85.33H0""/><path d=""m0 0 42.67 42.67-42.67 42.66""/></svg>"
fd8b4b17bf2a56a32144b1e3fd080dc4,"<svg xmlns=""http://www.w3.org/2000/svg"" width=""256"" height=""256"" viewBox=""0 0 256 256""><path d=""M149.78 10.67a10.67 10.67 0 0 1 15.08 15.08l-15.08 15.08v106.66c0 5.89-4.78 10.67-10.67 10.67H10.67C4.78 160 0 155.22 0 149.33V10.67C0 4.78 4.78 0 10.67 0h128zm-10.67 10.66L128 32v106.67l-10.67-10.67z""/></svg>"
a9f87cd9445715e6b87fbe34c18a0fcf,"<svg xmlns=""http://www.w3.org/2000/svg"" width=""256"" height=""256"" viewBox=""0 0 256 256""><path d=""M197.48 10.67h-16V0H16v10.67h-16C7.15 10.67 0 17.82 0 27.2c0 9.38 7.15 16.53 16 16.53h16v10.66H16a5.33 5.33 0 0 0-5.33 5.34v106.66a5.33 5.33 0 0 0 5.33 5.33h181.48a5.33 5.33 0 0 0 5.33-5.33V27.2c0-9.38-7.15-16.53-16-16.53m-16 160H16V27.2h160zm-16-160H16v160h160zM16 10.67h160v16H16z""/></svg>"
34c190727cce6d1ea6d41e76ec560860,"<svg xmlns=""http://www.w3.org/2000/svg"" width=""256"" height=""256"" viewBox=""0 0 256 256""><path fill=""#4d4d4d"" d=""M187.9 10.67h-16V0H10.67v10.67H0v149.34h192V10.67zm-176 160h160v-128H16z""/><path fill=""#4d4d4d"" d=""M160 128a10.67 10.67 0 0 1-10.67-10.67V64a10.67 10.67 0 0 1 21.34 0v53.33A10.67 10.67 0 0 1 160 128m-10.67 0H64v-32h96zM160 10.67a10.67 10.67 0 0 1 10.67 10.66v10.66H160V10.67A10.67 10.67 0 0 1 160 0""/></svg>"
d5831d22106a0c672f06cc95e6fc3184,"<svg xmlns=""http://www.w3.org/2000/svg"" width=""256"" height=""256"" viewBox=""0 0 256 256""><path fill=""#333"" d=""M197.48 0H18.52A18.5 18.5 0 0 0 0 18.5v178.9a18.5 18.5 0 0 0 18.52 18.5h178.96a18.5 18.5 0 0 0 18.5-18.5V18.5c0-10.2-8.3-18.5-18.5-18.5m-17.8 178.9H17.8V17.8h162.88z""/><path fill=""#333"" d=""M178.96 103.48H18.52a9.25 9.25 0 0 1-9.24-9.24V18.5C9.24 8.25 17.49 0 27.74 0h151.22c10.25 0 18.5 8.25 18.5 18.5v75.64a9.25 9.25 0 0 1-9.24 9.24""/></svg>"
a4022c2822c93ed88e60f70ec8f877cb,"<svg xmlns=""http://www.w3.org/2000/svg"" width=""256"" height=""256"" viewBox=""0 0 256 256""><rect x=""0"" y=""0"" width=""256"" height=""256"" fill=""white""/><circle cx=""128"" cy=""128"" r=""64"" fill=""#f479a8""/></svg>"
eac44be984595232d314038a2de321ab,"<svg xmlns=""http://www.w3.org/2000/svg"" width=""256"" height=""256"" viewBox=""0 0 256 256""><path fill=""#4987f3"" d=""M104.01 192a88 88 0 1 1 88-88 88 88 0 0 1-88 88m0-160c44.11 0 80 35.89 80 80s-35.89 80-80 80S24 174.11 24 130 59.89 40 104.01 40""/><path fill=""#bceaff"" d=""M104.01 160a72 72 0 1 1 72-72 72 72 0 0 1-72 72m0-112a40 40 0 1 0 40 40 40 40 0 0 0-40-40""/></svg>"
db53c8c82b81efca578d46ffb9ddf1ff,"<svg xmlns=""http://www.w3.org/2000/svg"" width=""256"" height=""256"" viewBox=""0 0 256 256""><rect x=""0"" y=""0"" width=""256"" height=""256"" fill=""white""/><circle cx=""128"" cy=""128"" r=""64"" fill=""#fff""/></svg>"
605476208ee5690024db67bb3db70285,"<svg xmlns=""http://www.w3.org/2000/svg"" width=""256"" height=""256"" viewBox=""0 0 256 256""><path fill=""#4a90e2"" d=""M178.67 0H21.33C9.6 0 0 9.6 0 21.33v157.34c0 11.73 9.6 21.33 21.33 21.33h157.34c11.73 0 21.33-9.6 21.33-21.33V21.33C200 9.6 190.4 0 178.67 0""/><path fill=""#fff"" d=""m160.53 106.67-16-16-16 16-16-16-16 16-16-16-16 16-16 16 16-16 16 16 16-16 16 16z""/><path fill=""#fff"" d=""M160.53 106.67 144 123.2l-16-16-16 16L144 123.2zm-16-16 16-16 16 16 16-16-16-16z""/></svg>"
b4f79e0b2f72c1e7b9f8c4956be5a1f6,"<svg xmlns=""http://www.w3.org/2000/svg"" width=""256"" height=""256"" viewBox=""0 0 256 256""><path fill=""currentColor"" d=""M197.44 0H10.56A10.56 10.56 0 0 0 0 10.56v186.88a10.56 10.56 0 0 0 10.56 10.56h186.88a10.56 10.56 0 0 0 10.56-10.56V10.56A10.56 10.56 0 0 0 197.44 0m-18.24 18.24H18.24v158.4h161.12zm-16.64 16.64c0 8.8-7.2 16-16 16s-16-7.2-16-16 7.2-16 16-16 16 7.2 16 16""/></svg>"
a198f33e-3ec4-4932-8a5e-8266f5ef9ee1,"<svg xmlns=""http://www.w3.org/2000/svg"" width=""256"" height=""256"" fill=""none"" viewBox=""0 0 256 256""><g stroke=""#1c274c"" stroke-width=""16""><path d=""M85.33 96a42.67 42.67 0 1 0 0-85.33 42.67 42.67 0 0 0 0 85.33""/><path d=""M106.67 106.67h-64v-64H0V0h170.67v64h-64z""/></g></svg>"
thesantatitan_deepseek-svg-dataset_0002990,"<svg xmlns=""http://www.w3.org/2000/svg"" width=""256"" height=""256"" viewBox=""0 0 256 256""><rect width=""256"" height=""256""/><g transform=""translate(128 128)""><circle r=""19.2"" fill=""#fff""/><path fill=""red"" d=""M44.8 76.8q-12.8 12.8-25.6 0t-25.6-12.8Q0 76.8 0 64q0-12.8 12.8-25.6T25.6 0q12.8 12.8 25.6 0t25.6 12.8q12.8-12.8 25.6 0t25.6 12.8q12.8 12.8 0 25.6t-25.6 12.8""/><path fill=""red"" d=""M44.8 76.8q-12.8 12.8-25.6 0t-25.6-12.8Q0 76.8 0 64q0-12.8 12.8-25.6T25.6 0q12.8 12.8 25.6 0t25.6 12.8q12.8 12.8 0 25.6t-25.6 12.8""/><path fill=""red"" d=""M44.8 76.8q-12.8 12.8-25.6 0t-25.6-12.8Q0 76.8 0 64q0-12.8 12.8-25.6T25.6 0q12.8 12.8 25.6 0t25.6 12.8q12.8 12.8 0 25.6t-25.6 12.8""/></g></svg>"
4683d181d4956eae836923f39c1a8246,"<svg xmlns=""http://www.w3.org/2000/svg"" width=""256"" height=""256"" viewBox=""0 0 256 256""><path fill=""#4e8cee"" d=""M197.33 0H16C7.2 0 0 7.2 0 16v181.33c0 8.8 7.2 16 16 16h181.33c8.8 0 16-7.2 16-16V16c0-8.8-7.2-16-16-16m-18.67 197.33a18.67 18.67 0 1 1 0-37.34 18.67 18.67 0 0 1 0 37.34""/><path fill=""#4e8cee"" d=""M160 106.67H42.67a10.67 10.67 0 0 1 0-21.34H160a10.67 10.67 0 0 1 0 21.34""/></svg>"
0139c8b5480769aed9b19064eacfa406,"<svg xmlns=""http://www.w3.org/2000/svg"" width=""256"" height=""256"" viewBox=""0 0 256 256""><path fill=""currentColor"" d=""M184 0H72a8 8 0 0 0-8 8v96h-8a8 8 0 0 0-8 8v8a8 8 0 0 0 8 8h112a8 8 0 0 0 8-8v-8a8 8 0 0 0-8-8h-8V8a8 8 0 0 0-8-8m-16 16H88v96h88zm-16 16H88v88h88zM16 16h88v88H16zm16 16h88v88H32z""/></svg>"
ce8ac939a28821660b25d8e82a4e040c,"<svg xmlns=""http://www.w3.org/2000/svg"" width=""256"" height=""256"" viewBox=""0 0 256 256""><path fill=""#4e5969"" d=""M87.5 0a87.5 87.5 0 1 0 0 175 87.5 87.5 0 0 0 0-175m0 15a72.5 72.5 0 1 1 0 145 72.5 72.5 0 0 1 0-145m0 15a57.5 57.5 0 1 0 0 115 57.5 57.5 0 0 0 0-115""/></svg>"
b185f9e6f195059e509da7cdd413babb,"<svg xmlns=""http://www.w3.org/2000/svg"" width=""256"" height=""256"" viewBox=""0 0 256 256""><path fill=""#4a90e2"" d=""M176 16v16H16V16zm-16 0v16H32V16zM16 16v16H0V16z""/><path fill=""#4a90e2"" d=""M16 16v16H0V16zm16 0v16H16V16z""/></svg>"
abaca1bd-1bb3-4dec-9316-76cd5bbcb07e,"<svg xmlns=""http://www.w3.org/2000/svg"" width=""256"" height=""256"" viewBox=""0 0 256 256""><path d=""M197.48 18.29h-17.07V0H18.29v18.29H0v170.66h18.29v18.28h170.66v-18.28h18.29V18.29zM18.29 153.6h170.66v18.28H18.29zm170.66-18.28v18.28h18.29v-18.28z""/><path d=""m119.47 102.4-15.36-15.36a10.24 10.24 0 0 0-14.51 0l-15.36 15.36a10.24 10.24 0 0 0 0 14.51l15.36 15.36a10.24 10.24 0 0 0 14.51 0l15.36-15.36a10.24 10.24 0 0 0 0-14.51""/></svg>"
973b240f0cb9d52940206c72b8acef67,"<svg xmlns=""http://www.w3.org/2000/svg"" width=""256"" height=""256"" viewBox=""0 0 256 256""><path fill=""currentColor"" d=""M178.49 10.67a10.67 10.67 0 0 1 15.08 15.08l-32 32 32 32a10.67 10.67 0 0 1-15.08 15.08L128 128.11 96 159.11l-32 32a10.67 10.67 0 0 1-15.08-15.08l32-32-32-32a10.67 10.67 0 0 1 15.08-15.08l32 32 32-32a10.67 10.67 0 0 1 15.08 15.08z""/></svg>"
616da53d0b6c10cb4b9658b6cf8f04c1,"<svg xmlns=""http://www.w3.org/2000/svg"" width=""256"" height=""256"" viewBox=""0 0 256 256""><path d=""M184.79 10.67h-16V0H10.67v10.67H0v170.66h192V10.67zM16 192h160V16H16zm16-16h149.33v-16H32z""/><path d=""m160 106.67-16-16a10.67 10.67 0 0 0-16 0l-16 16a10.67 10.67 0 0 0 0 16l16 16a10.67 10.67 0 0 0 16 0l16-16a10.67 10.67 0 0 0 0-16""/></svg>"
2ecac2a7259aa42b1f34ae1ca7a84304,"<svg xmlns=""http://www.w3.org/2000/svg"" width=""256"" height=""256"" viewBox=""0 0 256 256""><path d=""M178.49 104.8a10.67 10.67 0 0 1-10.66-10.67V53.33c0-5.89-4.77-10.66-10.66-10.66H53.33c-5.89 0-10.66 4.77-10.66 10.66v30.84a10.67 10.67 0 0 1-21.33 0V53.33C21.33 23.47 44.8 0 74.67 0h106.66c30.08 0 53.33 23.47 53.33 53.33v30.84a10.67 10.67 0 0 1-10.66 10.67m-106.66 0a10.67 10.67 0 0 1-10.66-10.67V53.33c0-5.89-4.77-10.66-10.66-10.66H10.67C4.77 42.67 0 47.44 0 53.33v30.84a10.67 10.67 0 0 1-21.33 0V53.33C0 23.47 23.47 0 53.33 0h106.66c30.08 0 53.33 23.47 53.33 53.33v30.84a10.67 10.67 0 0 1-10.66 10.67""/><path d=""M106.67 160a10.67 10.67 0 0 1-10.66-10.67V74.67a10.67 10.67 0 0 1 21.33 0v74.66A10.67 10.67 0 0 1 106.67 160m0-42.67a10.67 10.67 0 0 1-10.66-10.66V96a10.67 10.67 0 0 1 21.33 0v21.33A10.67 10.67 0 0 1 106.67 160m0-42.67a10.67 10.67 0 0 1-10.66-10.66V53.33a10.67 10.67 0 0 1 21.33 0v21.34A10.67 10.67 0 0 1 106.67 106.67""/></svg>"
9a0c9dc7-ff3e-45df-9040-01ea6572ab3c,"<svg xmlns=""http://www.w3.org/2000/svg"" width=""256"" height=""256"" fill=""none"" viewBox=""0 0 256 256""><path stroke=""#000"" stroke-linecap=""round"" stroke-linejoin=""round"" stroke-width=""21.33"" d=""M48 74.67h-32m32 0v-32m-32 0H0m32 0v32m-32 0h32""/></svg>"
8c32b0cc5f5d6cc5237154f5aefdad3a,"<svg xmlns=""http://www.w3.org/2000/svg"" width=""256"" height=""256"" fill=""none"" viewBox=""0 0 256 256""><g stroke=""#1c274c"" stroke-linecap=""round"" stroke-width=""16""><path d=""M85.33 96V0""/><path d=""m106.67 106.67-10.66 10.66L128 128l-21.33-21.33""/></g></svg>"
e9e06f483926aa9173f47efdff47bdfd,"<svg xmlns=""http://www.w3.org/2000/svg"" width=""256"" height=""256"" viewBox=""0 0 256 256""><rect x=""0"" y=""0"" width=""256"" height=""256"" fill=""white""/><circle cx=""128"" cy=""128"" r=""64"" fill=""#13193a""/></svg>"
be0626beefd28e1e0dac6a99dfbc4654,"<svg xmlns=""http://www.w3.org/2000/svg"" width=""256"" height=""256"" viewBox=""0 0 256 256""><path d=""M178.49 0H23.51A23.5 23.5 0 0 0 0 23.5v154.98a23.5 23.5 0 0 0 23.51 23.5h154.98a23.5 23.5 0 0 0 23.5-23.5V23.5A23.5 23.5 0 0 0 178.49 0m-154.98 154.98c0 7.82 6.68 14.5 14.5 14.5h154.98c7.82 0 14.5-6.68 14.5-14.5V23.5c0-7.82-6.68-14.5-14.5-14.5H23.5C6.68 0 0 6.68 0 23.5z""/><path d=""M100.98 154.98H23.51a14.5 14.5 0 0 1-14.5-14.5V23.5a14.5 14.5 0 0 1 14.5-14.5h77.47a14.5 14.5 0 0 1 14.5 14.5v117.03a14.5 14.5 0 0 1-14.5 14.5m-77.47-14.5h77.47V23.5H23.5zm14.5-117.03H23.51a14.5 14.5 0 0 1-14.5-14.5V23.5a14.5 14.5 0 0 1 14.5-14.5h77.47a14.5 14.5 0 0 1 14.5 14.5v117.03a14.5 14.5 0 0 1-14.5 14.5m-77.47-14.5h77.47V23.5H23.5zM154.98 154.98H23.51a14.5 14.5 0 0 1-14.5-14.5V23.5a14.5 14.5 0 0 1 14.5-14.5h131.47a14.5 14.5 0 0 1 14.5 14.5v117.03a14.5 14.5 0 0 1-14.5 14.5m-131.47-14.5h131.47V23.5H23.5z""/></svg>"
ddeb75ae62bcf0b9d4020fed43425249,"<svg xmlns=""http://www.w3.org/2000/svg"" width=""256"" height=""256"" viewBox=""0 0 256 256""><path fill=""#444"" d=""M197.87 0H10.13A10.13 10.13 0 0 0 0 10.13v187.74a10.13 10.13 0 0 0 10.13 10.13h187.74a10.13 10.13 0 0 0 10.13-10.13V10.13A10.13 10.13 0 0 0 197.87 0m-10.13 187.74c0 5.65-4.48 10.13-10.13 10.13H10.13c-5.65 0-10.13-4.48-10.13-10.13V10.13C0 4.48 4.48 0 10.13 0z""/><path fill=""#444"" d=""M101.33 101.33h-10.13v-10.13a10.13 10.13 0 0 0-20.26 0v10.13H61.33a10.13 10.13 0 0 0 0 20.26h10.13v10.13a10.13 10.13 0 0 0 20.26 0v-10.13h10.13a10.13 10.13 0 0 0 0-20.26""/></svg>"
33712ead-2ffa-41ac-8b3c-450418e64526,"<svg xmlns=""http://www.w3.org/2000/svg"" width=""256"" height=""256"" fill=""none"" viewBox=""0 0 256 256""><g stroke=""#000"" stroke-linecap=""round"" stroke-width=""21.33""><path d=""M48 74.67h-10.67c-9.07 0-16 7.47-16 16s6.93 16 16 16H48""/><path d=""m106.67 106.67 10.66-10.66a10.67 10.67 0 0 0-15.04-15.04l-10.66 10.66a10.67 10.67 0 0 0 15.04 15.04""/><path d=""M160 106.67v-10.66c0-9.07-7.47-16-16-16s-16 6.93-16 16v10.66""/><path d=""M160 106.67V96c0-9.07-7.47-16-16-16s-16 6.93-16 16v10.67""/></g></svg>"
f589c2b36017997b6cf8fec88a1b0210,"<svg xmlns=""http://www.w3.org/2000/svg"" width=""256"" height=""256"" viewBox=""0 0 256 256""><path d=""M178.49 10.67h-16V0H10.67v10.67H0l-.01 10.66A10.67 10.67 0 0 0 10.67 32h160a10.67 10.67 0 0 0 10.66-10.67zM16 16h146.67v21.33H16zm146.67 128H16v-21.33h146.67z""/><path d=""M106.67 106.67c-17.65 0-32-14.35-32-32s14.35-32 32-32 32 14.35 32 32-14.35 32-32 32m0-42.67c-10.66 0-10.66 10.66-10.66 10.66S96 74.67 96 64s10.66-10.66 10.66-10.66""/></svg>"
c321f45ec36cd318121742cf86b4bbe3,"<svg xmlns=""http://www.w3.org/2000/svg"" width=""256"" height=""256"" viewBox=""0 0 256 256""><rect x=""0"" y=""0"" width=""256"" height=""256"" fill=""white""/><circle cx=""128"" cy=""128"" r=""64"" fill=""#4e8cee""/></svg>"
3c4fae8973f3201cc56bf021d6c28a05,"<svg xmlns=""http://www.w3.org/2000/svg"" width=""256"" height=""256"" viewBox=""0 0 256 256""><rect x=""0"" y=""0"" width=""256"" height=""256"" fill=""white""/><circle cx=""128"" cy=""128"" r=""64"" fill=""#4e789d""/></svg>"
c8ecb42b67d98b80728ae0800580c7f5,"<svg xmlns=""http://www.w3.org/2000/svg"" width=""256"" height=""256"" viewBox=""0 0 256 256""><path fill=""#444"" d=""M197.87 16H16C7.15 16 0 23.15 0 32v192c0 8.85 7.15 16 16 16h181.87c8.85 0 16-7.15 16-16V32c-.02-8.85-7.15-16-16-16m-16 208H16V32h175.87z""/><path fill=""#444"" d=""M160 160a8 8 0 0 1-8-8V80l-48-48a8 8 0 0 1 11.32-11.32L160 80v64a8 8 0 0 1-8 8""/></svg>"
6eca3b2c4fa89b8a75aae63e1e99d965,"<svg xmlns=""http://www.w3.org/2000/svg"" width=""256"" height=""256"" viewBox=""0 0 256 256""><path fill=""#4a90e2"" d=""M178.67 106.67H21.33V192h157.34z""/><path fill=""#fff"" d=""M178.67 106.67H21.33v85.34h157.34zM192 0H21.33C9.6 0 0 9.6 0 21.33v149.34c0 11.73 9.6 21.33 21.33 21.33h170.67c11.73 0 21.33-9.6 21.33-21.33V21.33C213.33 9.6 203.73 0 192 0m-192 192h170.67V21.33H21.33z""/></svg>"
4a4873e4c365c59b08392cb0a3e4a5a2,"<svg xmlns=""http://www.w3.org/2000/svg"" width=""256"" height=""256"" viewBox=""0 0 256 256""><path fill=""currentColor"" d=""M197.48 10.67a10.67 10.67 0 0 1 10.66 10.66v128c0 5.89-4.77 10.66-10.66 10.66H10.67A10.67 10.67 0 0 1 0 138.67V10.67C0 4.77 4.77 0 10.67 0zm-10.66 10.66h-128l-.01 128h128z""/><path fill=""currentColor"" d=""m106.67 106.67-10.66-10.66L128 128l-10.67-10.67zM128 128l-10.67-10.67L128 106.67z""/></svg>"
403dd46dcbadef8e7a82aabda5c0d5ce,"<svg xmlns=""http://www.w3.org/2000/svg"" width=""256"" height=""256"" viewBox=""0 0 256 256""><path fill=""#979797"" d=""M84.8 10.4a10.4 10.4 0 0 1-14.4 0L1.6 84.8c-.8 1.6-.8 4 .8 5.6s4 .8 5.6.8l80-80c1.6-.8 4-.8 5.6 0s.8 4 .8 5.6z""/></svg>"
14e2bada9947c9771638f4c8de86a362,"<svg xmlns=""http://www.w3.org/2000/svg"" width=""256"" height=""256"" viewBox=""0 0 256 256""><path fill=""#f4ca1c"" d=""M187.9 10.67h-16V0H10.67v10.67H0v160a10.67 10.67 0 0 0 10.67 10.66h170.66A10.67 10.67 0 0 0 192 192V10.67zm-170.66 0v160h160V10.67z""/><path fill=""#f4ca1c"" d=""m187.9 10.67-16 160H10.67L0 10.67zM170.67 0l16 160h-160V10.67z""/></svg>"
2e7630a66e4c461b4ba8832fb2c9eb05,"<svg xmlns=""http://www.w3.org/2000/svg"" width=""256"" height=""256"" fill=""none"" viewBox=""0 0 256 256""><g stroke=""#000"" stroke-linecap=""round"" stroke-linejoin=""round"" stroke-width=""21.33""><path d=""M48 74.67h-32c-17.71 0-32 14.29-32 32v106.66C0 213.33 14.29 224 32 224h128c17.71 0 32-14.29 32-32V106.67c0-17.71-14.29-32-32-32""/><path d=""M160 106.67H42.67a10.67 10.67 0 0 1 0-21.34H160a10.67 10.67 0 0 1 0 21.34""/></g></svg>"
037dde66e5c63733fa3d155d56e83a2e,"<svg xmlns=""http://www.w3.org/2000/svg"" width=""256"" height=""256"" viewBox=""0 0 256 256""><path fill=""currentColor"" d=""M184.79 16H16C7.17 16 0 23.17 0 32v160c0 8.83 7.17 16 16 16h168.79a16 16 0 0 0 16-16V32c0-8.83-7.17-16-16-16m-16 160H16V32h168.79z""/><path fill=""currentColor"" d=""M168.79 160H16V32h168.79zm-16 0H16V32h160.79zM16 16h160.79v16H16zm160.79 0H16v16h160.79z""/></svg>"
ebdf859d921b2cfdcb73d16f47016fcb,"<svg xmlns=""http://www.w3.org/2000/svg"" width=""256"" height=""256"" viewBox=""0 0 256 256""><path fill=""currentColor"" d=""M149.33 170.67a85.33 85.33 0 1 1-170.66 0v-128A10.67 10.67 0 0 1 10.67 32h128a10.67 10.67 0 0 1 10.66 10.67V160a85.33 85.33 0 0 1-85.33 85.33m-128-10.67a74.67 74.67 0 1 0 149.34 0 74.67 74.67 0 0 0-149.34 0""/></svg>"
ac4acd9150326a0101068a3d40828e80,"<svg xmlns=""http://www.w3.org/2000/svg"" width=""256"" height=""256"" viewBox=""0 0 256 256""><path fill=""#48c7bc"" d=""M128 0C57.31 0 0 57.31 0 128s57.31 128 128 128 128-57.31 128-128S198.69 0 128 0m0 234.67a106.67 106.67 0 1 1 0-213.33 106.67 106.67 0 0 1 0 213.33""/><path fill=""#48c7bc"" d=""M170.67 128H64v-21.33l32-32L128 64l32 32z""/></svg>"
555907014c744d478184abd3c533833c,"<svg xmlns=""http://www.w3.org/2000/svg"" width=""256"" height=""256"" viewBox=""0 0 256 256""><path fill=""currentColor"" d=""M197.48 0H10.52C4.6 0 0 4.6 0 10.52v187.06c0 5.92 4.6 10.52 10.52 10.52h187.06c5.92 0 10.52-4.6 10.52-10.52V10.52C208 4.6 203.4 0 197.48 0m-18.28 197.48H18.28V18.28h169.92zM18.28 169.92h169.92v-18.28H18.28zm169.92-18.28H18.28V18.28h169.92z""/><path fill=""currentColor"" d=""M182.2 105.12a18.28 18.28 0 1 0 36.56 0 18.28 18.28 0 1 0-36.56 0""/></svg>"
810635cb0eb01e92368295951f7829bf,"<svg xmlns=""http://www.w3.org/2000/svg"" width=""256"" height=""256"" viewBox=""0 0 256 256""><path fill=""#fff"" d=""M84.79 10.67a10.67 10.67 0 0 1-10.66-10.66V0H64v10.67A10.67 10.67 0 0 1 53.33 10.67zm-10.66 0h-10.66L64 0l10.67 10.67z""/><path fill=""#fff"" d=""m106.67 10.67 10.66 10.66v10.66H128V10.67zM128 0v10.67l10.67 10.66v10.66H128V10.67z""/></svg>"
b3d2b3de67376420e0ce0999630c1b06,"<svg xmlns=""http://www.w3.org/2000/svg"" width=""256"" height=""256"" viewBox=""0 0 256 256""><path d=""M98.47 196.8a98.47 98.47 0 1 1 98.47-98.47A98.5 98.5 0 0 1 98.47 196.8m0-184.8c-47.2 0-85.6 38.4-85.6 85.6s38.4 85.6 85.6 85.6 85.6-38.4 85.6-85.6-38.4-85.6-85.6-85.6""/><path d=""M104.87 112.8h-.8v-16.8l-16.8 16.8zm-16.8-16.8L88 104.8V88H71.2l16.8-16.8z""/></svg>"
3c45ef17a1f899dcd6bc21f857abedb6,"<svg xmlns=""http://www.w3.org/2000/svg"" width=""256"" height=""256"" viewBox=""0 0 256 256""><path d=""M178.49 104.01a56 56 0 0 0-10.67-21.33c0-17.6-14.4-32-32-32s-32 14.4-32 32a32 32 0 0 0 64 0c0-17.6-14.4-32-32-32s-32 14.4-32 32a56 56 0 0 0 10.67 21.33C14.4 104.01 0 118.41 0 136v10.67h21.33V136c0-17.6 14.4-32 32-32s32 14.4 32 32m-10.67 0c0 17.6-14.4 32-32 32s-32-14.4-32-32 14.4-32 32-32 32 14.4 32 32""/><path d=""M178.49 104.01a56 56 0 0 0-10.67-21.33c0-17.6-14.4-32-32-32s-32 14.4-32 32a32 32 0 0 0 64 0c0-17.6-14.4-32-32-32s-32 14.4-32 32a56 56 0 0 0 10.67 21.33C14.4 104.01 0 118.41 0 136v10.67h21.33V136c0-17.6 14.4-32 32-32s32 14.4 32 32m-10.67 0c0 17.6-14.4 32-32 32s-32-14.4-32-32 14.4-32 32-32 32 14.4 32 32""/></svg>"
3755d5181136c358d28f77501efc697b,"<svg xmlns=""http://www.w3.org/2000/svg"" width=""256"" height=""256"" viewBox=""0 0 256 256""><path d=""M197.48 0H20.52C9.14 0 0 9.14 0 20.52v176.36c0 11.38 9.14 20.52 20.52 20.52h176.36c11.38 0 20.52-9.14 20.52-20.52V20.52C217.99 9.14 208.85 0 197.48 0m-17.07 197.48a8.53 8.53 0 0 1-8.53 8.53H20.52a8.53 8.53 0 0 1-8.53-8.53V20.52a8.53 8.53 0 0 1 8.53-8.53h176.36a8.53 8.53 0 0 1 8.53 8.53z""/><path d=""M102.4 102.4a17.07 17.07 0 1 0 34.13 0 17.07 17.07 0 1 0-34.13 0""/><path d=""M102.4 128a17.07 17.07 0 1 0 34.13 0 17.07 17.07 0 1 0-34.13 0""/><path d=""M102.4 153.6a17.07 17.07 0 1 0 34.13 0 17.07 17.07 0 1 0-34.13 0""/></svg>"
622391934b16f56fc5432d4257fe5f6b,"<svg xmlns=""http://www.w3.org/2000/svg"" width=""256"" height=""256"" viewBox=""0 0 256 256""><rect x=""0"" y=""0"" width=""256"" height=""256"" fill=""white""/><circle cx=""128"" cy=""128"" r=""64"" fill=""#979797""/></svg>"
774b94e6b5203b32b92364d81d1c0cc6,"<svg xmlns=""http://www.w3.org/2000/svg"" width=""256"" height=""256"" viewBox=""0 0 256 256""><path fill=""#040000"" d=""M98.75 196.5a98.75 98.75 0 1 1 98.75-98.75 98.8 98.8 0 0 1-98.75 98.75m0-181.25A82.5 82.5 0 1 0 181.25 98.75 82.5 82.5 0 0 0 98.75 17.5""/><path fill=""#040000"" d=""M181.25 17.5c0 48.75-39.38 88.13-88.13 88.13S17.5 124.25 17.5 75.5s39.38-88.13 88.13-88.13 88.13 39.38 88.13 88.13""/></svg>"
0fffa7b61a4c17c2e20b1f46eda9b7b6,"<svg xmlns=""http://www.w3.org/2000/svg"" width=""256"" height=""256"" viewBox=""0 0 256 256""><path d=""M48 0h96a8 8 0 0 1 8 8v8H48zm-16 16h176a8 8 0 0 1 8 8v8H32zm16 16h176a8 8 0 0 1 8 8v8H48z""/></svg>"
5006c58a2f008edfd4bfe6139810547d,"<svg xmlns=""http://www.w3.org/2000/svg"" width=""256"" height=""256"" viewBox=""0 0 256 256""><path fill=""#333"" d=""M149.33 85.33a74.67 74.67 0 1 0-149.33 0 74.67 74.67 0 1 0 149.33 0m-128 0c0-42.67 32-74.67 74.67-74.67s74.66 32 74.66 74.67-32 74.67-74.66 74.67S0 128 0 85.33""/><path fill=""#333"" d=""M149.33 128H128v21.33h21.33zm-128 0H0V149.33h21.33z""/></svg>"
fa49d1a6aab69014a23585aef9b4c490,"<svg xmlns=""http://www.w3.org/2000/svg"" width=""256"" height=""256"" viewBox=""0 0 256 256""><path fill=""#4a90e2"" d=""M87.5 17.5c-1.25 0-2.5-.5-3.12-1.5L1.5 75.5C.75 76.25 0 77.5 0 79v100c0 1.25.75 2.5 1.5 3.12l82.5 58c1.25 1 3.12 1.5 4.62 1.5s3.37-.5 4.62-1.5l82.5-58c1.25-1 1.5-2.5 1.5-3.75V79c0-1.25-.75-2.5-1.5-3.12L90.62 16.5c-1.25-1-3.12-1.5-4.62-1.5""/><path fill=""#4a90e2"" d=""m175 17.5-82.5 58c-1.25 1-3.12 1.5-4.62 1.5s-3.37-.5-4.62-1.5L1.5 75.5C.75 76.25 0 77.5 0 79v100c0 1.25.75 2.5 1.5 3.12l82.5 58c1.25 1 3.12 1.5 4.62 1.5s3.37-.5 4.62-1.5l82.5-58c1.25-1 1.5-2.5 1.5-3.75V79c0-1.25-.75-2.5-1.5-3.12L90.62 16.5c-1.25-1-3.12-1.5-4.62-1.5""/></svg>"
02f8d0703df269ab1f6b2b721f61eb40,"<svg xmlns=""http://www.w3.org/2000/svg"" width=""256"" height=""256"" viewBox=""0 0 256 256""><path fill=""currentColor"" d=""M128 0C57.42 0 0 57.42 0 128s57.42 128 128 128 128-57.42 128-128S198.58 0 128 0m0 234.67c-58.88 0-106.67-47.79-106.67-106.67S69.12 21.33 128 21.33 234.67 69.12 234.67 128 186.88 234.67 128 234.67""/><path fill=""#fff"" d=""M128 106.67a10.67 10.67 0 1 0 0 21.33 10.67 10.67 0 0 0 0-21.33m-32 32a10.67 10.67 0 1 0 0 21.33 10.67 10.67 0 0 0 0-21.33m106.67-32A10.67 10.67 0 1 0 160 128a10.67 10.67 0 0 0 0-21.33""/></svg>"
2ef2753d777c31bf5331ef7691a51c03,"<svg xmlns=""http://www.w3.org/2000/svg"" width=""256"" height=""256"" fill=""none"" viewBox=""0 0 256 256""><path stroke=""#2f48ff"" stroke-linecap=""round"" stroke-width=""16"" d=""M74.67 96H0""/></svg>"
e9d61a4aae58d3751999c104886c311f,"<svg xmlns=""http://www.w3.org/2000/svg"" width=""256"" height=""256"" fill=""none"" viewBox=""0 0 256 256""><path stroke=""#000"" stroke-linecap=""round"" stroke-linejoin=""round"" stroke-width=""21.33"" d=""M85.33 42.67c-17.71 0-32 14.29-32 32s14.29 32 32 32 32-14.29 32-32-14.29-32-32-32m0 106.66C42.67 149.33 0 106.67 0 64S42.67 0 85.33 0s85.34 42.67 85.34 85.33-42.67 85.34-85.34 85.34""/><g stroke=""#000"" stroke-linecap=""round"" stroke-linejoin=""round"" stroke-width=""21.33""><circle cx=""128"" cy=""128"" r=""21.33""/><path d=""M128 106.67h-21.33v-21.34""/></g></svg>"
da41b54baffda55195a4903087a9c0a5,"<svg xmlns=""http://www.w3.org/2000/svg"" width=""256"" height=""256"" viewBox=""0 0 256 256""><path fill=""#4d4d4d"" d=""M128 0C57.31 0 0 57.31 0 128s57.31 128 128 128 128-57.31 128-128S198.69 0 128 0m0 234.67a106.67 106.67 0 1 1 0-213.33 106.67 106.67 0 0 1 0 213.33""/><path fill=""#fff"" d=""M128 106.67h-21.33v-64H128zm-21.33 0V64H128v42.67z""/></svg>"
f4db9007ce8675094d29cbf5cbed692a,"<svg xmlns=""http://www.w3.org/2000/svg"" width=""256"" height=""256"" viewBox=""0 0 256 256""><rect x=""0"" y=""0"" width=""256"" height=""256"" fill=""white""/><circle cx=""128"" cy=""128"" r=""64"" fill=""#4e8cee""/></svg>"
374605817a610078144d145016357fd1,"<svg xmlns=""http://www.w3.org/2000/svg"" width=""256"" height=""256"" fill=""none"" viewBox=""0 0 256 256""><g stroke=""#1c274c"" stroke-width=""16""><path d=""M85.33 96H64v-64h21.33z""/><path d=""M128 128V160a10.67 10.67 0 0 1-21.33 0v-32H64v32A10.67 10.67 0 0 1 53.33 128""/><path d=""m128 128-21.33 21.33L128 160l21.33-21.33""/></g></svg>"
3fddc9a0-5fcf-48ea-908d-8c87851d6407,"<svg xmlns=""http://www.w3.org/2000/svg"" width=""256"" height=""256"" fill=""none"" viewBox=""0 0 256 256""><path stroke=""#000"" stroke-linecap=""round"" stroke-linejoin=""round"" stroke-width=""21.33"" d=""M85.33 96c-42.67 0-85.34 0-85.34-85.33S42.67 0 85.33 0s85.34 0 85.34 85.33-42.67 85.33-85.34 85.33m0-10.67C42.67 85.33 0 128 0 192h170.67""/></svg>"
b40657d55b72089f8017320972579a23,"<svg xmlns=""http://www.w3.org/2000/svg"" width=""256"" height=""256"" viewBox=""0 0 256 256""><path fill=""#444"" d=""M178.93 106.67a53.33 53.33 0 0 0-106.66 0c-21.33 0-32 10.67-32 32s10.67 32 32 32h10.66v21.34H32c-17.6 0-32-14.4-32-32V32C0 14.4 14.4 0 32 0h106.67c17.6 0 32 14.4 32 32v21.33h10.66c0 17.6-10.66 32-32 32m-10.66-85.34L128 64l-21.33 21.33z""/></svg>"
d5fecb02676b57a58c8ecba2188f15c3,"<svg xmlns=""http://www.w3.org/2000/svg"" width=""256"" height=""256"" viewBox=""0 0 256 256""><path d=""M197.48 10.67h-128A10.67 10.67 0 0 0 0 21.33v128a10.67 10.67 0 0 0 10.67 10.66H197.48a10.67 10.67 0 0 0 10.67-10.66V21.33A10.67 10.67 0 0 0 197.48 10.67m-128 128h128a10.67 10.67 0 0 0 10.67-10.66V21.33a10.67 10.67 0 0 0-10.67-10.66H10.68A10.67 10.67 0 0 0 0 21.33z""/></svg>"
ffe0160c-355c-4abc-917a-9f8aa2df5f0e,"<svg xmlns=""http://www.w3.org/2000/svg"" width=""256"" height=""256"" viewBox=""0 0 256 256""><rect x=""0"" y=""0"" width=""256"" height=""256"" fill=""white""/><circle cx=""128"" cy=""128"" r=""64"" fill=""#001a72""/></svg>"
dec247574ae1fceb82580da0c2636b78,"<svg xmlns=""http://www.w3.org/2000/svg"" width=""256"" height=""256"" viewBox=""0 0 256 256""><path d=""M178.94 10.67a10.67 10.67 0 0 1 10.66 10.66v106.66a10.67 10.67 0 0 1-10.66 10.66H10.67A10.67 10.67 0 0 1 0 117.33V10.67A10.67 10.67 0 0 1 10.67 0h158.66zM160 128c0 17.65-14.35 32-32 32s-32-14.35-32-32 14.35-32 32-32 32 14.35 32 32m-10.67 0a10.67 10.67 0 0 0-10.66 10.67v10.66a10.67 10.67 0 0 0 21.33 0v-10.66A10.67 10.67 0 0 0 149.33 128m-10.66 0a10.67 10.67 0 0 1 10.66 10.67v10.66a10.67 10.67 0 0 1-21.33 0v-10.66A10.67 10.67 0 0 1 138.67 128""/></svg>"
1bf0a4fd8b529954a7c4b755f5592e39,"<svg xmlns=""http://www.w3.org/2000/svg"" width=""256"" height=""256"" viewBox=""0 0 256 256""><path fill=""currentColor"" d=""M149.78 10.67a10.67 10.67 0 0 1-10.67 10.66H10.67A10.67 10.67 0 0 1 0 10.67V0h149.78zM10.67 160a10.67 10.67 0 0 1-10.67-10.67v-128h128v128a10.67 10.67 0 0 1-10.67 10.67zm138.66 0a10.67 10.67 0 0 1-10.66-10.67v-128h128v128a10.67 10.67 0 0 1-10.67 10.67z""/><path fill=""currentColor"" d=""M10.67 10.67h128v128H10.67z""/></svg>"
71229e9fb7139eaf508760275eacdeb2,"<svg xmlns=""http://www.w3.org/2000/svg"" width=""256"" height=""256"" viewBox=""0 0 256 256""><path fill=""#444"" d=""M87.99 192H16V0h192v192zm-16-16h16v16h-16z""/><path fill=""#444"" d=""m160 160-16-16v-16l-16 16L16 160v16l16 16 16-16 16 16 16-16z""/></svg>"
a1a9ed9f8e8ba3a5f7a3c3bba3052769,"<svg xmlns=""http://www.w3.org/2000/svg"" width=""256"" height=""256"" viewBox=""0 0 256 256""><path fill=""#4e8cee"" d=""M197.33 170.67H10.67A10.67 10.67 0 0 1 0 160V10.67C0 4.77 4.77 0 10.67 0h186.66c5.9 0 10.67 4.77 10.67 10.67v149.33a10.67 10.67 0 0 1-10.67 10.66m-186.66-16h176V10.67H10.67z""/><path fill=""#4e8cee"" d=""M197.33 170.67H10.67A10.67 10.67 0 0 1 0 160V10.67C0 4.77 4.77 0 10.67 0h186.66c5.9 0 10.67 4.77 10.67 10.67v149.33a10.67 10.67 0 0 1-10.67 10.66m-186.66-16h176V10.67H10.67z""/></svg>"
5cbc0b2b-a5b2-4f77-97bd-ba8c6d4ec74c,"<svg xmlns=""http://www.w3.org/2000/svg"" width=""256"" height=""256"" fill=""none"" viewBox=""0 0 256 256""><path stroke=""#000"" stroke-linecap=""round"" stroke-linejoin=""round"" stroke-width=""21.33"" d=""M85.33 42.67c-9.06 0-16.53 7.47-16.53 16.53s7.47 16.54 16.53 16.54h10.66v21.34H64V96h21.33m-21.33 0C42.67 64 32 53.33 32 42.67S42.67 0 53.33 0s21.34 10.67 21.34 21.33""/></svg>"
ff1d3c30bedd80ff49645734fb3f0579,"<svg xmlns=""http://www.w3.org/2000/svg"" width=""256"" height=""256"" viewBox=""0 0 256 256""><path fill=""#47c98e"" d=""M16 0h16v16H16z""/><path fill=""#47c98e"" d=""M16 16h16v16H16z""/><path fill=""#47c98e"" d=""M16 32h16v16H16z""/><path fill=""#47c98e"" d=""M16 48h16v16H16z""/><path fill=""#47c98e"" d=""M16 64h16v16H16z""/><path fill=""#47c98e"" d=""M16 80h16v16H16z""/><path fill=""#47c98e"" d=""M16 96h16v16H16z""/><path fill=""#47c98e"" d=""M16 112h16v16H16z""/><path fill=""#47c98e"" d=""M16 128h16v16H16z""/><path fill=""#47c98e"" d=""M16 144h16v16H16z""/><path fill=""#47c98e"" d=""M16 160h16v16H16z""/><path fill=""#47c98e"" d=""M16 176h16v16H16z""/><path fill=""#47c98e"" d=""M16 192h16v16H16z""/><path fill=""#fff"" d=""m160 160-16-16a16 16 0 0 0-16 16v16l-16-16a16 16 0 0 0-16 16v16l16 16a16 16 0 0 0 16-16V160zm-16 0a16 16 0 0 1 16-16h16a16 16 0 0 1 16 16v16a16 16 0 0 1-16 16h-16a16 16 0 0 1-16-16z""/></svg>"
c4890de3e15f42c2f51407fdbee9c65b,"<svg xmlns=""http://www.w3.org/2000/svg"" width=""256"" height=""256"" viewBox=""0 0 256 256""><path fill=""#979797"" d=""M184.53 16H16C7.2 16 0 23.2 0 32v192c0 8.8 7.2 16 16 16h168.53a16 16 0 0 0 16-16V32c0-8.8-7.2-16-16-16m-16 208H16V32h168.53z""/><path fill=""#979797"" d=""M168.53 168.53H16V32h152.53zm-16-16H32V32h120.53zM168.53 0H16A16 16 0 0 0 0 16v192a16 16 0 0 0 16 16h152.53a16 16 0 0 0 16-16V16a16 16 0 0 0-16-16m-16 16V32H32V16z""/></svg>"
b3bc18737e09298638058fc0e73edfe6,"<svg xmlns=""http://www.w3.org/2000/svg"" width=""256"" height=""256"" viewBox=""0 0 256 256""><path d=""M184.79 10.67H10.67v170.66h170.66V10.67zM192 0a10.67 10.67 0 0 1 10.67 10.67v170.66A10.67 10.67 0 0 1 192 192H10.67A10.67 10.67 0 0 1 0 181.33V10.67A10.67 10.67 0 0 1 10.67 0zm-10.67 10.67H10.67v170.66h170.66z""/><path d=""M106.67 106.67H64a10.67 10.67 0 0 1 0-21.34h42.67a10.67 10.67 0 0 1 0 21.34m0 42.66H64a10.67 10.67 0 0 1 0-21.33h42.67a10.67 10.67 0 0 1 0 21.33m0 42.67H64a10.67 10.67 0 0 1 0-21.34h42.67a10.67 10.67 0 0 1 0 21.34""/></svg>"
b58139c55d43e791697567363c8a4460,"<svg xmlns=""http://www.w3.org/2000/svg"" width=""256"" height=""256"" viewBox=""0 0 256 256""><path fill=""#444"" d=""M189.73 0H10.67A10.67 10.67 0 0 0 0 10.67v178.66a10.67 10.67 0 0 0 10.67 10.66h178.66a10.67 10.67 0 0 0 10.66-10.66V10.67A10.67 10.67 0 0 0 189.73 0m-17.06 17.07H17.07v150.4h155.74zm-16 16v128H16V33.07zM16 16h155.73v128H16z""/><path fill=""#444"" d=""M106.67 160a10.67 10.67 0 0 0 10.66-10.67V53.33c0-5.89-4.77-10.66-10.66-10.66s-10.67 4.77-10.67 10.66v95.94a10.67 10.67 0 0 0 10.67 10.67m-10.66 16H53.33v-16h42.66zm0-32H53.33v-16h42.66zm0-32H53.33v-16h42.66z""/></svg>"
1b91a87ceb02be159be9c622186fccb6,"<svg xmlns=""http://www.w3.org/2000/svg"" width=""256"" height=""256"" viewBox=""0 0 256 256""><path fill=""#4d4d4d"" d=""M128 0C57.31 0 0 57.31 0 128s57.31 128 128 128 128-57.31 128-128S198.69 0 128 0m0 234.67c-58.88 0-106.67-47.79-106.67-106.67S69.12 21.33 128 21.33 234.67 69.12 234.67 128 186.88 234.67 128 234.67""/><path fill=""#4d4d4d"" d=""M128 106.67a10.67 10.67 0 0 1 10.67 10.66v42.66H128z""/></svg>"
533830e799427ac90462e7bd2b8ccd83,"<svg xmlns=""http://www.w3.org/2000/svg"" width=""256"" height=""256"" viewBox=""0 0 256 256""><path d=""M84.79 10.67a10.67 10.67 0 0 1-10.66-10.66V0H10.67A10.67 10.67 0 0 0 0 10.67v128a10.67 10.67 0 0 0 10.67 10.66h128a10.67 10.67 0 0 0 10.66-10.66V21.33zm-10.66 128H21.33v-128h128z""/></svg>"
5d3523ac267ea453f2dee29b27742600,"<svg xmlns=""http://www.w3.org/2000/svg"" width=""256"" height=""256"" viewBox=""0 0 256 256""><rect x=""0"" y=""0"" width=""256"" height=""256"" fill=""white""/><circle cx=""128"" cy=""128"" r=""64"" fill=""black""/></svg>"
6581c6cfae44dfbd3ebf4c2ff86fb790,"<svg xmlns=""http://www.w3.org/2000/svg"" width=""256"" height=""256"" viewBox=""0 0 256 256""><path fill=""currentColor"" d=""M128 0C57.42 0 0 57.42 0 128s57.42 128 128 128 128-57.42 128-128S198.58 0 128 0m0 234.67c-58.88 0-106.67-47.79-106.67-106.67S69.12 21.33 128 21.33 234.67 69.12 234.67 128 186.88 234.67 128 234.67""/><path fill=""#fff"" d=""M128 106.67a21.33 21.33 0 1 0 0 42.66 21.33 21.33 0 0 0 0-42.66m-21.33 32a10.67 10.67 0 1 1 0 21.33 10.67 10.67 0 0 1 0-21.33m-32 0a10.67 10.67 0 1 1 0 21.33 10.67 10.67 0 0 1 0-21.33m106.67-42.66h-10.66v-10.66l-10.66 10.66H128V85.33h10.67L128 74.67h10.67z""/></svg>"
ea93e12ab3ba63800e57b92baacf3b89,"<svg xmlns=""http://www.w3.org/2000/svg"" width=""256"" height=""256"" viewBox=""0 0 256 256""><path fill=""#272636"" d=""M128 0C57.42 0 0 57.42 0 128s57.42 128 128 128 128-57.42 128-128S198.58 0 128 0m0 234.67c-58.88 0-106.67-47.79-106.67-106.67S69.12 21.33 128 21.33 234.67 69.12 234.67 128 186.88 234.67 128 234.67""/><path fill=""#272636"" d=""M128 106.67a10.67 10.67 0 0 1 10.67 10.66v21.34H128zm0 42.66a10.67 10.67 0 0 1 10.67 10.66v21.34h-21.34zM128 160a10.67 10.67 0 0 1 10.67 10.67v21.34H128z""/></svg>"
ecc57ddb50404c8ca7b0ab8755108c12,"<svg xmlns=""http://www.w3.org/2000/svg"" width=""256"" height=""256"" viewBox=""0 0 256 256""><rect x=""0"" y=""0"" width=""256"" height=""256"" fill=""white""/><circle cx=""128"" cy=""128"" r=""64"" fill=""#979797""/></svg>"
7aee9393-5a81-45ec-8865-e5f1ca18cbae,"<svg xmlns=""http://www.w3.org/2000/svg"" width=""256"" height=""256"" viewBox=""0 0 256 256""><path fill=""#4d4d4d"" d=""M197.87 10.67a10.67 10.67 0 0 1-10.67 10.66H10.67A10.67 10.67 0 0 1 0 10.67V0h197.87zM10.67 160a10.67 10.67 0 0 1-10.67-10.67v-128h197.87v128a10.67 10.67 0 0 1-10.67 10.67zm170.66-10.67a10.67 10.67 0 0 1-10.66 10.67H21.33a10.67 10.67 0 0 1-10.66-10.67V21.33h197.87z""/><path fill=""#4d4d4d"" d=""m106.67 106.67 106.66-106.66a10.67 10.67 0 0 1 15.08 15.08l-106.66 106.66a10.67 10.67 0 0 1-15.08-15.08""/></svg>"
423c3b02fb71e0cdeba220b5e5ceeb72,"<svg xmlns=""http://www.w3.org/2000/svg"" width=""256"" height=""256"" viewBox=""0 0 256 256""><rect x=""0"" y=""0"" width=""256"" height=""256"" fill=""white""/><circle cx=""128"" cy=""128"" r=""64"" fill=""#4d9eef""/></svg>"
ed3be894-4384-47ff-9e48-9e38d4943630,"<svg xmlns=""http://www.w3.org/2000/svg"" width=""256"" height=""256"" fill=""none"" viewBox=""0 0 256 256""><g stroke=""#1c274c"" stroke-linecap=""round"" stroke-width=""16""><path d=""M85.33 96H64v-32h21.33""/><path d=""M160 106.67V128H0V0h192v128h-32""/><path d=""M160 128h-32""/></g></svg>"
0c87d84034ba5da6a50123b4dc98289b,"<svg xmlns=""http://www.w3.org/2000/svg"" width=""256"" height=""256"" viewBox=""0 0 256 256""><path fill=""#4d4d4d"" d=""M98.75 197.5a98.75 98.75 0 1 1 98.75-98.75 98.8 98.8 0 0 1-98.75 98.75m0-187.5a88.75 88.75 0 1 0 88.75 88.75 88.8 88.8 0 0 0-88.75-88.75""/><path fill=""#4d4d4d"" d=""M150 125h-25v-15c0-3.75-3-7.5-7.5-7.5s-7.5 3.75-7.5 7.5V125H75v-15c0-3.75-3-7.5-7.5-7.5S67.5 111 67.5 125v15H40c-3.75 0-7.5 3-7.5 7.5s3.75 7.5 7.5 7.5h15v15c0 3.75 3 7.5 7.5 7.5s7.5-3.75 7.5-7.5v-15h25c3.75 0 7.5-3 7.5-7.5s-3.75-7.5-7.5-7.5m-37.5 37.5H75v-15c0-3.75-3-7.5-7.5-7.5s-7.5 3.75-7.5 7.5v15H40c-3.75 0-7.5 3-7.5 7.5s3.75 7.5 7.5 7.5h15v15c0 3.75 3 7.5 7.5 7.5s7.5-3.75 7.5-7.5v-15h25c3.75 0 7.5-3 7.5-7.5s-3.75-7.5-7.5-7.5""/></svg>"
428732138d7c2b3af31515432bb3facc,"<svg xmlns=""http://www.w3.org/2000/svg"" width=""256"" height=""256"" viewBox=""0 0 256 256""><path d=""M197.48 106.67H10.67A10.67 10.67 0 0 1 0 96V10.67C0 4.77 4.77 0 10.67 0h186.81c5.9 0 10.67 4.77 10.67 10.67v85.33a10.67 10.67 0 0 1-10.67 10.66m-186.81-85.34h176.21l-.01 10.66H10.67zm186.81 176.21H10.67A10.67 10.67 0 0 1 0 197.33v10.66c0 5.9 4.77 10.67 10.67 10.67h186.81c5.9 0 10.67-4.77 10.67-10.67v-10.66a10.67 10.67 0 0 1 10.67-10.66zM197.48 128H10.67A10.67 10.67 0 0 1 0 117.33v-85.34a10.67 10.67 0 0 1 10.67-10.66h186.81a10.67 10.67 0 0 1 10.67 10.66v85.34a10.67 10.67 0 0 1-10.67 10.66""/></svg>"
bc765aee-0c85-4e1b-8e79-ca876ffc8c57,"<svg xmlns=""http://www.w3.org/2000/svg"" width=""256"" height=""256"" fill=""none"" viewBox=""0 0 256 256""><path stroke=""#000"" stroke-linecap=""round"" stroke-linejoin=""round"" stroke-width=""21.33"" d=""M85.33 42.67H96m-10.67 0v21.34h-10.66V42.67m-10.66 0H64m-10.67 0v21.34H42.67M0 0h21.33v21.33H0zM21.33 0h21.34v21.33H21.33z""/></svg>"
2b0ce303-8182-4b7f-90f1-379a2a350c41,"<svg xmlns=""http://www.w3.org/2000/svg"" width=""256"" height=""256"" fill=""none"" viewBox=""0 0 256 256""><path stroke=""#000"" stroke-linecap=""round"" stroke-linejoin=""round"" stroke-width=""21.33"" d=""M96 48v-16m-32 0V16c0-8.85 7.15-16 16-16s16 7.15 16 16v16m-32 0v16m32 0v16m-32 0v16m32 0v16m-32 0v16""/></svg>"
132c4b91b99af7734d0a1d8a796c8990,"<svg xmlns=""http://www.w3.org/2000/svg"" width=""256"" height=""256"" viewBox=""0 0 256 256""><path d=""M48 0h96a8 8 0 0 1 8 8v16a8 8 0 0 1-8 8H48a8 8 0 0 1-8-8V8a8 8 0 0 1 8-8m0 16v16h96V16zm0 72h96a8 8 0 0 1 8 8v16a8 8 0 0 1-8 8H48a8 8 0 0 1-8-8v-16a8 8 0 0 1 8-8m0 16v16h96V96zM16 16h16v16H16zm0 72h16v16H16zm0 72h16v16H16z""/></svg>"
bb7dc129-a948-494c-960e-8a6728b3bac0,"<svg xmlns=""http://www.w3.org/2000/svg"" width=""256"" height=""256"" fill=""none"" viewBox=""0 0 256 256""><g stroke=""#000"" stroke-linecap=""round"" stroke-linejoin=""round"" stroke-width=""21.33""><path d=""M85.33 42.67c-19.63 0-34.13 14.5-34.13 32v106.66C0 170.67 14.5 185.6 34.13 185.6h106.66c19.63 0 34.13-14.5 34.13-32V74.67c0-17.6-14.5-32-34.13-32""/><path d=""m106.67 106.67 10.66 10.66L128 128l-21.33-21.33""/></g></svg>"
14d9bf25fcbd9c1b7ef43d6c3ddfe5eb,"<svg xmlns=""http://www.w3.org/2000/svg"" width=""256"" height=""256"" viewBox=""0 0 256 256""><path fill=""#4d4d4d"" d=""M197.87 197.87H10.13a10.13 10.13 0 0 1-10.13-10.13V10.13C0 4.53 4.53 0 10.13 0h187.74c5.6 0 10.13 4.53 10.13 10.13v177.74c0 5.6-4.53 10.13-10.13 10.13m-187.74-10.13h177.74V10.13H10.13z""/><path fill=""#4d4d4d"" d=""M197.87 187.74H10.13a10.13 10.13 0 0 1-10.13-10.13V10.13c0-5.6 4.53-10.13 10.13-10.13h187.74c5.6 0 10.13 4.53 10.13 10.13v177.74c0 5.6-4.53 10.13-10.13 10.13m-187.74-10.13h177.74v-177.74H10.13zm10.13-177.74h177.74v10.13H10.13zM197.87 177.74H10.13a10.13 10.13 0 0 1-10.13-10.13V10.13c0-5.6 4.53-10.13 10.13-10.13h187.74c5.6 0 10.13 4.53 10.13 10.13v157.51c0 5.6-4.53 10.13-10.13 10.13""/></svg>"
thesantatitan_deepseek-svg-dataset_0004735,"<svg xmlns=""http://www.w3.org/2000/svg"" width=""256"" height=""256"" viewBox=""0 0 256 256""><rect width=""256"" height=""256""/><g transform=""translate(128 128)""><circle r=""19.2"" fill=""#fff""/><path fill=""red"" d=""M44.8 76.8q-12.8 12.8-25.6 0t-12.8-25.6T0 76.8l12.8-12.8L0 0h25.6z""/><path fill=""red"" d=""M44.8 76.8Q25.6 64 12.8 76.8t-12.8 25.6T0 76.8l12.8-12.8L0 0h25.6z""/><path fill=""red"" d=""M44.8 76.8Q25.6 64 12.8 76.8t-12.8 25.6T0 76.8l12.8-12.8L0 0h25.6z""/><path fill=""red"" d=""M44.8 76.8Q25.6 64 12.8 76.8t-12.8 25.6T0 76.8l12.8-12.8L0 0h25.6z""/></g></svg>"
9080bb03-1946-4d44-9f51-b7c1a6120940,"<svg xmlns=""http://www.w3.org/2000/svg"" width=""256"" height=""256"" fill=""none"" viewBox=""0 0 256 256""><g stroke=""#1c274c"" stroke-linecap=""round"" stroke-width=""16""><path d=""M85.33 96H0""/><path d=""M85.33 149.33H0""/><path d=""m106.67 106.67-16-16""/></g></svg>"
649540a8fd20684a9d4bda3b637a0f03,"<svg xmlns=""http://www.w3.org/2000/svg"" width=""256"" height=""256"" viewBox=""0 0 256 256""><path d=""M192 0H8a8 8 0 0 0-8 8v176a8 8 0 0 0 8 8h184c4.43 0 8-3.57 8-8V8a8 8 0 0 0-8-8m-8 160H16V16h168z""/></svg>"
38f0152a-a6e2-4e37-9095-34e8000ed74d,"<svg xmlns=""http://www.w3.org/2000/svg"" width=""256"" height=""256"" viewBox=""0 0 256 256""><path fill=""#4d4d4d"" d=""M187.9 0H28.1C12.2 0 0 12.2 0 28.1v159.8c0 15.9 12.2 28.1 28.1 28.1h159.8c15.9 0 28.1-12.2 28.1-28.1V28.1C216 12.2 203.8 0 187.9 0m-15.9 187.9H44.2V44.2h127.8z""/><path fill=""#4d4d4d"" d=""M103.9 103.9a7.5 7.5 0 0 1-7.5-7.5V44.2a7.5 7.5 0 0 1 15 0v51.9c0 4.1-3.4 7.5-7.5 7.5m0-81.4a7.5 7.5 0 0 1-7.5 7.5H44.2a7.5 7.5 0 0 1 0-15h51.9c4.1 0 7.5 3.4 7.5 7.5""/></svg>"
7dd1b6b7383bc19f38cb73a81dce5f14,"<svg xmlns=""http://www.w3.org/2000/svg"" width=""256"" height=""256"" viewBox=""0 0 256 256""><path fill=""currentColor"" d=""M84.79 10.67a10.67 10.67 0 0 1-10.66-10.66V0H64v10.67A10.67 10.67 0 0 1 53.33 10.67zm-10.66 0h-10.66L0 10.67v10.66l10.67 10.66v10.66h10.66V21.33zM10.67 10.67C4.27 10.67 0 14.93 0 21.33v10.66h10.67z""/><path fill=""currentColor"" d=""M106.67 10.67c-4.27 0-8.53 1.07-12.8 3.2L80 32.53v10.66h10.67V32.53l24.53-29.34c4.27-4.27 10.67-4.27 14.94 0m-10.67 0h-10.66l-24.53 29.34c-4.27 4.27-10.67 4.27-14.94 0L64 32.53V21.33h10.67z""/></svg>"
thesantatitan_deepseek-svg-dataset_0002188,"<svg xmlns=""http://www.w3.org/2000/svg"" width=""256"" height=""256"" viewBox=""0 0 256 256""><rect width=""256"" height=""256""/><g transform=""translate(128 128)""><circle r=""19.2"" fill=""#fff""/><path fill=""red"" d=""M44.8 76.8q-12.8 12.8-25.6 0t-25.6-12.8Q0 76.8 0 64q0-12.8 12.8-25.6T25.6 0q12.8 12.8 25.6 0t25.6 12.8q12.8-12.8 25.6 0t25.6 12.8q12.8 12.8 0 25.6t-25.6 12.8""/><path fill=""red"" d=""M44.8 76.8q-12.8 12.8-25.6 0t-25.6-12.8Q0 76.8 0 64q0-12.8 12.8-25.6T25.6 0q12.8 12.8 25.6 0t25.6 12.8q12.8 12.8 0 25.6t-25.6 12.8""/><path fill=""red"" d=""M44.8 76.8q-12.8 12.8-25.6 0t-25.6-12.8Q0 76.8 0 64q0-12.8 12.8-25.6T25.6 0q12.8 12.8 25.6 0t25.6 12.8q12.8 12.8 0 25.6t-25.6 12.8""/></g></svg>"
2edfc92eb5e00ba4e6d1f3d6d55bf7db,"<svg xmlns=""http://www.w3.org/2000/svg"" width=""256"" height=""256"" viewBox=""0 0 256 256""><path fill=""#47c98e"" d=""M128 0C57.31 0 0 57.31 0 128s57.31 128 128 128 128-57.31 128-128S198.69 0 128 0m0 234.67a10.67 10.67 0 0 1-10.67-10.67V128h128v106.67a10.67 10.67 0 0 1-10.67 10.66z""/><path fill=""#fff"" d=""M128 128H10.67A10.67 10.67 0 0 1 0 117.33V10.67A10.67 10.67 0 0 1 10.67 0h117.33a10.67 10.67 0 0 1 10.66 10.67v106.66a10.67 10.67 0 0 1-10.66 10.67""/></svg>"
f496d4356a37d545c2903fa36e493284,"<svg xmlns=""http://www.w3.org/2000/svg"" width=""256"" height=""256"" viewBox=""0 0 256 256""><rect x=""0"" y=""0"" width=""256"" height=""256"" fill=""white""/><circle cx=""128"" cy=""128"" r=""64"" fill=""#47c98e""/></svg>"
38b176737aaa3d129ece7d30211388ca,"<svg xmlns=""http://www.w3.org/2000/svg"" width=""256"" height=""256"" viewBox=""0 0 256 256""><path fill=""#4d4d4d"" d=""M197.87 197.87H10.67A10.67 10.67 0 0 1 0 187.2v-176a10.67 10.67 0 0 1 10.67-10.67h187.2a10.67 10.67 0 0 1 10.66 10.67V187.2a10.67 10.67 0 0 1-10.66 10.67m-187.2-16h176V10.67H10.67z""/><path fill=""#4d4d4d"" d=""M197.87 181.33H10.67A10.67 10.67 0 0 1 0 170.67v-176a10.67 10.67 0 0 1 10.67-10.66h187.2a10.67 10.67 0 0 1 10.66 10.66v176a10.67 10.67 0 0 1-10.66 10.67m-187.2-16h176V10.67H10.67z""/><path fill=""#4d4d4d"" d=""M197.87 165.33H10.67A10.67 10.67 0 0 1 0 154.67v-176a10.67 10.67 0 0 1 10.67-10.66h187.2a10.67 10.67 0 0 1 10.66 10.66v176a10.67 10.67 0 0 1-10.66 10.67m-187.2-16h176V10.67H10.67z""/><path fill=""#4d4d4d"" d=""M197.87 149.33H10.67A10.67 10.67 0 0 1 0 138.67v-176a10.67 10.67 0 0 1 10.67-10.66h187.2a10.67 10.67 0 0 1 10.66 10.66v176a10.67 10.67 0 0 1-10.66 10.67m-187.2-16h176V10.67H10.67z""/></svg>"
thesantatitan_deepseek-svg-dataset_0002535,"<svg xmlns=""http://www.w3.org/2000/svg"" width=""256"" height=""256"" viewBox=""0 0 256 256""><rect width=""256"" height=""256""/><g transform=""translate(128 128)""><circle r=""19.2"" fill=""#fff""/><path fill=""red"" d=""M44.8 76.8q-12.8 12.8-25.6 0t-25.6-12.8Q0 76.8 0 64q0-12.8 12.8-25.6T25.6 0q12.8 12.8 25.6 0t25.6 12.8q12.8-12.8 25.6 0t25.6 12.8q12.8 12.8 0 25.6t-25.6 12.8""/><path fill=""red"" d=""M44.8 76.8q-12.8 12.8-25.6 0t-25.6-12.8Q0 76.8 0 64q0-12.8 12.8-25.6T25.6 0q12.8 12.8 25.6 0t25.6 12.8q12.8 12.8 0 25.6t-25.6 12.8""/><path fill=""red"" d=""M44.8 76.8q-12.8 12.8-25.6 0t-25.6-12.8Q0 76.8 0 64q0-12.8 12.8-25.6T25.6 0q12.8 12.8 25.6 0t25.6 12.8q12.8 12.8 0 25.6t-25.6 12.8""/></g></svg>"
8f6a8b2945e5f442f4aeaa8b3345b350,"<svg xmlns=""http://www.w3.org/2000/svg"" width=""256"" height=""256"" viewBox=""0 0 256 256""><path fill=""#231815"" d=""M197.44 0H18.56A18.6 18.6 0 0 0 0 18.56v178.88a18.6 18.6 0 0 0 18.56 18.56h178.88a18.6 18.6 0 0 0 18.56-18.56V18.56A18.6 18.6 0 0 0 197.44 0m-17.92 179.2c0 9.92-8.16 17.92-17.92 17.92H18.56c-9.92 0-17.92-8-17.92-17.92V18.56C0 8.64 8.16 0 18.56 0z""/><path fill=""#231815"" d=""M102.4 115.2a12.8 12.8 0 0 1-12.8-12.8V12.8a12.8 12.8 0 0 1 25.6 0v89.6a12.8 12.8 0 0 1-12.8 12.8""/></svg>"
b7915534de58d3a9d1ba0129d36a52cd,"<svg xmlns=""http://www.w3.org/2000/svg"" width=""256"" height=""256"" fill=""none"" viewBox=""0 0 256 256""><g stroke=""#1c274c"" stroke-linecap=""round"" stroke-width=""16""><path d=""M98.67 10.67a85.33 85.33 0 1 0-170.66 0""/><path d=""m106.67 106.67-53.34-53.34""/></g></svg>"
10054d5e97923c31d3f090a7be76cfec,"<svg xmlns=""http://www.w3.org/2000/svg"" width=""256"" height=""256"" viewBox=""0 0 256 256""><rect x=""0"" y=""0"" width=""256"" height=""256"" fill=""white""/><circle cx=""128"" cy=""128"" r=""64"" fill=""#444""/></svg>"
060d74da90afa9b3f8f14237c83d1970,"<svg xmlns=""http://www.w3.org/2000/svg"" width=""256"" height=""256"" viewBox=""0 0 256 256""><path fill=""#444"" d=""M178.93 10.67h-16V0H10.67v10.67H0l10.67 10.66L0 128h16v10.67h160v-10.67h16v-10.66zM16 128h149.33v-10.67H16zm16-10.67h149.33v-10.66H32z""/></svg>"
d33e9257f3f4d1374dcda52d920d65d1,"<svg xmlns=""http://www.w3.org/2000/svg"" width=""256"" height=""256"" viewBox=""0 0 256 256""><path fill=""#ff9800"" d=""M74.67 106.67a32 32 0 1 0 64 0 32 32 0 1 0-64 0""/><path fill=""#ff9800"" d=""M106.67 106.67A32 32 0 1 0 138.67 74.67a32 32 0 0 0-32 32m0-42.67a10.67 10.67 0 1 1 0 21.33 10.67 10.67 0 0 1 0-21.33""/><path fill=""#2196f3"" d=""M106.67 106.67H0V0h106.67z""/><path fill=""#2196f3"" d=""M106.67 106.67v-96H0v96zm-96-106.67h96v96H10.67zM106.67 192H0v-96h106.67z""/></svg>"
28c00a3a8e0e7c38d848fdb6a90a0933,"<svg xmlns=""http://www.w3.org/2000/svg"" width=""256"" height=""256"" viewBox=""0 0 256 256""><path fill=""#4d4d4d"" d=""M128 0C57.31 0 0 57.31 0 128s57.31 128 128 128 128-57.31 128-128S198.69 0 128 0m0 234.67c-58.88 0-106.67-47.79-106.67-106.67S69.12 21.33 128 21.33 234.67 69.12 234.67 128 186.88 234.67 128 234.67""/><path fill=""#4d4d4d"" d=""M128 106.67a21.33 21.33 0 1 0 0 42.66 21.33 21.33 0 0 0 0-42.66""/></svg>"
694eec9473b383b64843412844164b9a,"<svg xmlns=""http://www.w3.org/2000/svg"" width=""256"" height=""256"" viewBox=""0 0 256 256""><path fill=""#4e8cee"" d=""M179.2 102.4a12.8 12.8 0 1 0-25.6 0 12.8 12.8 0 1 0 25.6 0""/><path fill=""#4e8cee"" d=""M179.2 102.4a12.8 12.8 0 1 0-25.6 0 12.8 12.8 0 1 0 25.6 0""/><path fill=""#4e8cee"" d=""m179.2 102.4-12.8-12.8H12.8L0 128l12.8 12.8h140.8v12.8H12.8V128h140.8z""/></svg>"
07388aecbe3020febb41744d568c32e5,"<svg xmlns=""http://www.w3.org/2000/svg"" width=""256"" height=""256"" fill=""none"" viewBox=""0 0 256 256""><path stroke=""#000"" stroke-linecap=""round"" stroke-linejoin=""round"" stroke-width=""21.33"" d=""M85.33 42.67c-9.07 0-16 7.47-16 16s6.93 16 16 16 16-7.47 16-16-6.94-16-16-16m-32 0C21.33 42.67 0 54.67 0 69.33v106.66a21.4 21.4 0 0 0 21.33 21.34h149.34A21.4 21.4 0 0 0 192 176V69.33c0-14.66-21.33-26.66-42.66-26.66""/></svg>"
c8de301d35c53d0e72df6ae56edde621,"<svg xmlns=""http://www.w3.org/2000/svg"" width=""256"" height=""256"" fill=""none"" viewBox=""0 0 256 256""><g stroke=""#000"" stroke-linecap=""round"" stroke-width=""21.33""><path d=""M85.33 42.67c-17.71 0-32 14.29-32 32s14.29 32 32 32 32-14.29 32-32-14.29-32-32-32""/><path d=""m128 128-42.67-42.67L128 0l42.67 42.67z""/></g></svg>"
efa84cbc19adddf53f8fded9de39185c,"<svg xmlns=""http://www.w3.org/2000/svg"" width=""256"" height=""256"" viewBox=""0 0 256 256""><path fill=""currentColor"" d=""M178.49 178.49a8 8 0 0 1-11.31 0l-45.25-45.25L128 136.75V8a8 8 0 0 1 16 0v128h128a8 8 0 0 1 0 16""/><path fill=""currentColor"" d=""m178.49 178.49-45.25-45.25a8 8 0 0 1 0-11.31l45.25-45.25a8 8 0 0 1 11.31 0l45.25 45.25a8 8 0 0 1 0 11.31l-45.25 45.25a8 8 0 0 1-11.31 0""/></svg>"
4ceb2de56b8a4a667bab0cbe761d1dbc,"<svg xmlns=""http://www.w3.org/2000/svg"" width=""256"" height=""256"" viewBox=""0 0 256 256""><path fill=""#4d4d4d"" d=""M197.82 10.67a10.67 10.67 0 0 1 10.66 10.66v149.34c0 5.89-4.77 10.66-10.66 10.66H10.67A10.67 10.67 0 0 1 0 160.01V21.33C0 9.5 9.5 0 21.33 0h165.82c11.83 0 21.33 9.5 21.33 21.33m-186.66 160c0 5.89 4.77 10.66 10.67 10.66h165.82c5.89 0 10.66-4.77 10.66-10.66V21.33c0-5.89-4.77-10.66-10.66-10.66H21.33c-5.89 0-10.66 4.77-10.66 10.66z""/><path fill=""#4d4d4d"" d=""M106.67 106.67a10.67 10.67 0 0 1 10.66 10.66v21.34a10.67 10.67 0 0 1-21.33 0v-21.34a10.67 10.67 0 0 1 10.67-10.66m0 42.66a10.67 10.67 0 0 1 10.66 10.66v21.34a10.67 10.67 0 0 1-21.33 0v-21.34a10.67 10.67 0 0 1 10.67-10.66""/></svg>"
08622d6ae1ffc2c7945fb76c5ee21b2c,"<svg xmlns=""http://www.w3.org/2000/svg"" width=""256"" height=""256"" viewBox=""0 0 256 256""><rect x=""0"" y=""0"" width=""256"" height=""256"" fill=""white""/><circle cx=""128"" cy=""128"" r=""64"" fill=""#f44336""/></svg>"
fc6850e28ca47e7c4620a0a810b0a33f,"<svg xmlns=""http://www.w3.org/2000/svg"" width=""256"" height=""256"" viewBox=""0 0 256 256""><rect x=""0"" y=""0"" width=""256"" height=""256"" fill=""white""/><circle cx=""128"" cy=""128"" r=""64"" fill=""black""/></svg>"
4ffbff366fc8a0973cfe6f31d034bbff,"<svg xmlns=""http://www.w3.org/2000/svg"" width=""256"" height=""256"" viewBox=""0 0 256 256""><path fill=""#4e5969"" d=""M178.67 178.67H16V16h16v16h160v160zm-160-16h160v16H16z""/><path fill=""#4e5969"" d=""m160 160-16-16v-16l16-16 16 16v16l16-16-16-16zM160 0v160h16V0zm-160 0v160h16V0z""/></svg>"
49484c41779a745a90c961b0ed141a99,"<svg xmlns=""http://www.w3.org/2000/svg"" width=""256"" height=""256"" viewBox=""0 0 256 256""><path fill=""#f479a8"" d=""M106.67 0c-1.6 0-3.2.53-4.27 1.6L1.6 106.67C-.53 108.8.53 110.93 1.6 112l96 96c1.6 1.6 3.2 1.6 4.27 1.6s2.67 0 4.27-1.6l96-96c1.6-1.6 1.6-3.2 1.6-4.27V112c0-1.6-.53-3.2-1.6-4.27L110.93 1.6c-1.6-1.6-3.2-1.6-4.27-1.6""/><path fill=""#f479a8"" d=""m106.67 0 96 96v-96z""/></svg>"
305ead77-a8ba-4258-9a52-388ab6b33bfd,"<svg xmlns=""http://www.w3.org/2000/svg"" width=""256"" height=""256"" fill=""none"" viewBox=""0 0 256 256""><g stroke=""#1c274c"" stroke-linecap=""round"" stroke-width=""16""><path d=""M85.33 192H64a64 64 0 0 1-64-64V64A64 64 0 0 1 64 0h21.33""/><circle cx=""128"" cy=""128"" r=""42.67""/></g></svg>"
0b846be714c0cb5d1d68af1ad1c5b4cf,"<svg xmlns=""http://www.w3.org/2000/svg"" width=""256"" height=""256"" viewBox=""0 0 256 256""><rect x=""0"" y=""0"" width=""256"" height=""256"" fill=""white""/><circle cx=""128"" cy=""128"" r=""64"" fill=""#fff""/></svg>"
0444cb0e-f24d-49ea-b958-61c50002b7f8,"<svg xmlns=""http://www.w3.org/2000/svg"" width=""256"" height=""256"" viewBox=""0 0 256 256""><path fill=""#4d4d4d"" d=""M197.87 10.67h-192A10.67 10.67 0 0 0 0 21.33v128a10.67 10.67 0 0 0 10.67 10.66H192a10.67 10.67 0 0 0 10.67-10.66V21.33A10.67 10.67 0 0 0 192 10.67m-192 128h192V21.33H10.67z""/><path fill=""#4d4d4d"" d=""M192 128h-192a10.67 10.67 0 0 0-10.67 10.67v10.66A10.67 10.67 0 0 0 0 160h192a10.67 10.67 0 0 0 10.67-10.67v-10.66A10.67 10.67 0 0 0 192 128m-192 10.67h192v10.66H10.67zm192-10.67h-192v10.66h192zM10.67 128h192v10.67H10.67zm192 10.67h-192v10.66h192z""/><path fill=""#4d4d4d"" d=""M192 160h-192a10.67 10.67 0 0 0-10.67 10.67v10.66A10.67 10.67 0 0 0 0 192h192a10.67 10.67 0 0 0 10.67-10.67v-10.66A10.67 10.67 0 0 0 192 160m-192 10.67h192v10.66H10.67z""/></svg>"
8dd45f18ee9d2a7d1e7b16fce184e99b,"<svg xmlns=""http://www.w3.org/2000/svg"" width=""256"" height=""256"" viewBox=""0 0 256 256""><path d=""M94.78 106.67a10.67 10.67 0 1 0 21.33 0 10.67 10.67 0 1 0-21.33 0""/><path d=""M106.67 106.67A10.67 10.67 0 0 1 96 96V10.67C96 4.77 91.23 0 85.33 0S72 4.77 72 10.67v85.33c0 5.87 4.77 10.67 10.67 10.67m0-106.67c-22.08 0-40 17.92-40 40s17.92 40 40 40 40-17.92 40-40-17.92-40-40-40""/></svg>"
97807803c0b98a7c0204b3d651b01215,"<svg xmlns=""http://www.w3.org/2000/svg"" width=""256"" height=""256"" viewBox=""0 0 256 256""><rect x=""0"" y=""0"" width=""256"" height=""256"" fill=""white""/><circle cx=""128"" cy=""128"" r=""64"" fill=""black""/></svg>"
8af3927f4b61dd96b13296860a9d079d,"<svg xmlns=""http://www.w3.org/2000/svg"" width=""256"" height=""256"" viewBox=""0 0 256 256""><path d=""M128 0C57.42 0 0 57.42 0 128s57.42 128 128 128 128-57.42 128-128S198.58 0 128 0m0 234.67c-58.88 0-106.67-47.79-106.67-106.67S69.12 21.33 128 21.33 234.67 69.12 234.67 128 186.88 234.67 128 234.67""/></svg>"
ee959eba320678966980b5266489ed0f,"<svg xmlns=""http://www.w3.org/2000/svg"" width=""256"" height=""256"" viewBox=""0 0 256 256""><path d=""M84.97 16a84.97 84.97 0 1 0-84.97 84.97A85 85 0 0 0 84.97 16m0 16a68.97 68.97 0 1 1 68.97 68.97A69 69 0 0 1 84.97 16""/><path d=""M16 84.97a84.97 84.97 0 1 0 84.97 84.97A85 85 0 0 0 16 84.97m0 16a68.97 68.97 0 1 1 68.97 68.97A69 69 0 0 1 16 100.97""/></svg>"
749dbb938050d35c5fcdf4f9d378d8a3,"<svg xmlns=""http://www.w3.org/2000/svg"" width=""256"" height=""256"" fill=""none"" viewBox=""0 0 256 256""><g stroke=""#1c274c"" stroke-linecap=""round"" stroke-width=""16""><path d=""M85.33 96a85.33 85.33 0 1 0 0-170.67 85.33 85.33 0 0 0 0 170.67""/><path d=""m106.67 106.67 10.66-10.66h-10.66v-10.66H106.67V85.33h10.66z""/></g></svg>"
12ef9d71b62d5ed7808cbde91910a258,"<svg xmlns=""http://www.w3.org/2000/svg"" width=""256"" height=""256"" viewBox=""0 0 256 256""><path fill=""#fff"" d=""M0 0h245.76v245.76H0z""/><path d=""M189.76 102.4a10.24 10.24 0 0 1-10.24-10.24V51.2c0-5.63 4.61-10.24 10.24-10.24s10.24 4.61 10.24 10.24v30.72c0 5.63-4.61 10.24-10.24 10.24m-10.24 10.24H76.8v-30.72h102.4zm-10.24 102.4H76.8v-30.72h102.4zM102.4 153.6a51.2 51.2 0 1 1 0-102.4 51.2 51.2 0 0 1 0 102.4""/></svg>"
712fb5ad9547a2a859eed9fc42f1cf8d,"<svg xmlns=""http://www.w3.org/2000/svg"" width=""256"" height=""256"" viewBox=""0 0 256 256""><rect x=""0"" y=""0"" width=""256"" height=""256"" fill=""white""/><circle cx=""128"" cy=""128"" r=""64"" fill=""#4d4d4d""/></svg>"
cee975d169c6ff0d78bb5572b404ccf6,"<svg xmlns=""http://www.w3.org/2000/svg"" width=""256"" height=""256"" viewBox=""0 0 256 256""><path fill=""#333"" d=""M149.33 170.67a85.33 85.33 0 1 1-170.66 0 85.33 85.33 0 0 1 170.66 0m-128-10.67c-35.3 0-64-28.7-64-64s28.7-64 64-64 64 28.7 64 64-28.7 64-64 64""/><path fill=""#333"" d=""M192 170.67H21.33V21.33h170.66z""/></svg>"
d907bc994c744afd038f7bdd8e1b6cc1,"<svg xmlns=""http://www.w3.org/2000/svg"" width=""256"" height=""256"" viewBox=""0 0 256 256""><path fill=""#4d4d4d"" d=""M197.87 10.67h-16V0H10.67v10.67H0v192a10.67 10.67 0 0 0 10.67 10.66h187.2a10.67 10.67 0 0 0 10.66-10.66V10.67zM192 192H10.67V10.67h181.33z""/><path fill=""#4d4d4d"" d=""m149.33 106.67-21.34-21.34L128 64l-21.33 21.33zm-42.66 0-21.33-21.34L96 64l-21.33 21.33z""/></svg>"
b4b86740ca1f1b94f64e12a31805941a,"<svg xmlns=""http://www.w3.org/2000/svg"" width=""256"" height=""256"" viewBox=""0 0 256 256""><path fill=""#979797"" d=""M0 48h256v16H0z""/><path fill=""#979797"" d=""M0 96h256v16H0z""/><path fill=""#979797"" d=""M0 144h256v16H0z""/><path fill=""#979797"" d=""M0 192h256v16H0z""/><path fill=""#979797"" d=""M0 240h256v16H0z""/></svg>"
a4505046b1476f0c056dd2a5f2d50e5f,"<svg xmlns=""http://www.w3.org/2000/svg"" width=""256"" height=""256"" viewBox=""0 0 256 256""><path fill=""#979797"" d=""M148.8 104a104 104 0 0 0-28.8-72c0-2.4-.8-4.8-2.4-6.4L104 0l-40.8 24C40.8 24 32 32 32 40v128c0 8 8 16 16 16h128c8 0 16-8 16-16V40c0-8-8-16-16-16m-16 128H40V40h128z""/></svg>"
d6d1dee2a2fde7b349762e48c63b6c07,"<svg xmlns=""http://www.w3.org/2000/svg"" width=""256"" height=""256"" viewBox=""0 0 256 256""><path d=""M197.48 10.67h-16V0H16v10.67h-.13A10.67 10.67 0 0 0 .13 21.33L0 224a10.67 10.67 0 0 0 10.67 10.67h186.66A10.67 10.67 0 0 0 208 224l-.13-10.67a10.67 10.67 0 0 0-10.67-10.67m-16 192H16V21.33h175.95zm-16-170.67h-16V10.67h16zM16 128h175.95v10.67H16z""/></svg>"
thesantatitan_deepseek-svg-dataset_0000669,"<svg xmlns=""http://www.w3.org/2000/svg"" width=""256"" height=""256"" viewBox=""0 0 256 256""><rect width=""256"" height=""256""/><g transform=""translate(128 128)""><circle r=""19.2"" fill=""#fff""/><path fill=""red"" d=""M44.8 76.8q-12.8 12.8-25.6 0t-25.6-12.8Q0 76.8 0 64q0-12.8 12.8-25.6T25.6 0q12.8 12.8 25.6 0t25.6 12.8q12.8-12.8 25.6 0t25.6 12.8q12.8 12.8 0 25.6t-25.6 12.8""/><path fill=""red"" d=""M44.8 76.8q-12.8 12.8-25.6 0t-25.6-12.8Q0 76.8 0 64q0-12.8 12.8-25.6T25.6 0q12.8 12.8 25.6 0t25.6 12.8q12.8 12.8 0 25.6t-25.6 12.8""/><path fill=""red"" d=""M44.8 76.8q-12.8 12.8-25.6 0t-25.6-12.8Q0 76.8 0 64q0-12.8 12.8-25.6T25.6 0q12.8 12.8 25.6 0t25.6 12.8q12.8 12.8 0 25.6t-25.6 12.8""/></g></svg>"
8b9186dca63a14a1480c50ae3001b884,"<svg xmlns=""http://www.w3.org/2000/svg"" width=""256"" height=""256"" viewBox=""0 0 256 256""><path fill=""#4d4d4d"" d=""M189.73 106.67H10.67a10.67 10.67 0 0 1-10.67-10.66V10.67C0 4.75 4.75 0 10.67 0h179.2c5.92 0 10.66 4.75 10.66 10.67v85.34c0 5.92-4.74 10.66-10.66 10.66m-179.2-85.34h179.2c5.92 0 10.66 4.75 10.66 10.67s-4.74 10.66-10.66 10.66H10.67c-5.92 0-10.67-4.75-10.67-10.66S4.75 10.67 10.67 10.67""/><path fill=""#4d4d4d"" d=""M189.73 106.67H10.67a10.67 10.67 0 0 1-10.67-10.66V10.67C0 4.75 4.75 0 10.67 0h179.2c5.92 0 10.66 4.75 10.66 10.67v85.34c0 5.92-4.74 10.66-10.66 10.66m-179.2-85.34h179.2c5.92 0 10.66 4.75 10.66 10.67s-4.74 10.66-10.66 10.66H10.67c-5.92 0-10.67-4.75-10.67-10.66S4.75 10.67 10.67 10.67""/><path fill=""#4d4d4d"" d=""M189.73 106.67H10.67a10.67 10.67 0 0 1-10.67-10.66V10.67C0 4.75 4.75 0 10.67 0h179.2c5.92 0 10.66 4.75 10.66 10.67v85.34c0 5.92-4.74 10.66-10.66 10.66m-179.2-85.34h179.2c5.92 0 10.66 4.75 10.66 10.67s-4.74 10.66-10.66 10.66H10.67c-5.92 0-10.67-4.75-10.67-10.67S4.75 10.67 10.67 10.67""/></svg>"
0d023a70ccb244ddb37957856d357020,"<svg xmlns=""http://www.w3.org/2000/svg"" width=""256"" height=""256"" viewBox=""0 0 256 256""><path fill=""#4e8cee"" d=""M97.6 0C43.52 0 0 43.52 0 97.6s43.52 97.6 97.6 97.6 97.6-43.52 97.6-97.6S151.68 0 97.6 0m0 16c-44.8 0-80 35.2-80 80s35.2 80 80 80 80-35.2 80-80-35.2-80-80-80""/><path fill=""#fff"" d=""M108.8 115.2a12.8 12.8 0 1 0 25.6 0 12.8 12.8 0 1 0-25.6 0""/></svg>"
5d08388622a8416c9f124edb303655ab,"<svg xmlns=""http://www.w3.org/2000/svg"" width=""256"" height=""256"" viewBox=""0 0 256 256""><rect x=""0"" y=""0"" width=""256"" height=""256"" fill=""white""/><circle cx=""128"" cy=""128"" r=""64"" fill=""#4d4d4d""/></svg>"
77d1b3e5aafa26213a17a50e348a2a14,"<svg xmlns=""http://www.w3.org/2000/svg"" width=""256"" height=""256"" viewBox=""0 0 256 256""><path fill=""#fff"" d=""M94.78 189.57a94.78 94.78 0 1 1 94.78-94.78 94.9 94.9 0 0 1-94.78 94.78m0-176.57A81.8 81.8 0 0 0 12.9 94.78a81.8 81.8 0 0 0 81.88 81.88 81.8 81.8 0 0 0 81.88-81.88 81.8 81.8 0 0 0-81.88-81.88""/><path fill=""#fff"" d=""M102.78 128.57c-1.6 0-3.2-.57-4.8-1.6l-16-16a10.7 10.7 0 0 1 0-15.47 10.7 10.7 0 0 1 15.47 0l16 16a10.7 10.7 0 0 1 0 15.47 10.7 10.7 0 0 1-15.47 0""/><path fill=""#fff"" d=""M102.78 128.57c-1.6 0-3.2-.57-4.8-1.6l-16-16a10.7 10.7 0 0 1 0-15.47 10.7 10.7 0 0 1 15.47 0l16 16a10.7 10.7 0 0 1 0 15.47 10.7 10.7 0 0 1-15.47 0""/></svg>"
480304d1813794757ea03b689a26e3c6,"<svg xmlns=""http://www.w3.org/2000/svg"" width=""256"" height=""256"" viewBox=""0 0 256 256""><path fill=""#444"" d=""M97.8 195.6c-48.4 0-88.4-39.9-88.4-88.4s39.9-88.4 88.4-88.4 88.4 39.9 88.4 88.4-39.9 88.4-88.4 88.4m0-177.2a78.8 78.8 0 0 0-78.8 78.8 78.8 78.8 0 0 0 78.8 78.8 78.8 78.8 0 0 0 78.8-78.8 78.8 78.8 0 0 0-78.8-78.8""/><path fill=""#444"" d=""M155.6 155.6a7.8 7.8 0 0 1-5.6-2.2l-32.4-32.4a7.8 7.8 0 0 1 0-11.2 7.8 7.8 0 0 1 11.2 0l32.4 32.4a7.8 7.8 0 0 1-5.6 13.2""/></svg>"
3c89ac21-2c9c-4285-993e-bb2ed4f4132d,"<svg xmlns=""http://www.w3.org/2000/svg"" width=""256"" height=""256"" fill=""none"" viewBox=""0 0 256 256""><g stroke=""#000"" stroke-linecap=""round"" stroke-width=""21.33""><path d=""M48 96h-32c-17.71 0-32-14.29-32-32V32C0 14.29 14.29 0 32 0h32c17.71 0 32 14.29 32 32v32c0 17.71-14.29 32-32 32""/><path d=""M160 96h-32c-17.71 0-32-14.29-32-32V32c0-17.71 14.29-32 32-32h32c17.71 0 32 14.29 32 32v32c0 17.71-14.29 32-32 32""/></g></svg>"
211ac579-e807-43a9-89a3-f8126433ed69,"<svg xmlns=""http://www.w3.org/2000/svg"" width=""256"" height=""256"" fill=""none"" viewBox=""0 0 256 256""><g stroke=""#000"" stroke-linecap=""round"" stroke-linejoin=""round"" stroke-width=""21.33""><path d=""M85.33 42.67a42.67 42.67 0 1 0-85.33 0A42.67 42.67 0 0 0 85.33 42.67""/><path d=""M192 106.67c0 21.33-17.6 38.93-38.93 38.93S0 128 0 106.67s17.6-38.93 38.93-38.93C53.33 42.67 70.93 0 96 0s42.67 42.67 42.67 42.67""/></g></svg>"
60372742fd10015e9215dca9917f651b,"<svg xmlns=""http://www.w3.org/2000/svg"" width=""256"" height=""256"" viewBox=""0 0 256 256""><path fill=""#444"" d=""M87.99 10.67a10.67 10.67 0 0 1-15.08 0L1.01 64.01A10.67 10.67 0 0 1 0 53.33V10.67C0 4.77 4.77 0 10.67 0h10.66c5.9 0 10.67 4.77 10.67 10.67v42.66H64l-42.67 42.66a10.67 10.67 0 0 1-15.08 0L1.01 64.01a10.67 10.67 0 0 1 0-15.08zm106.67 0a10.67 10.67 0 0 1 0 21.33h-10.66v42.66l42.66-42.66a10.67 10.67 0 0 1 15.08 0l42.67 42.66a10.67 10.67 0 0 1 0 15.08l-42.67 42.66a10.67 10.67 0 0 1-15.08 0l-42.67-42.66V128h10.66a10.67 10.67 0 0 1 0 21.33""/></svg>"
b75b5b813208c3575eae23e7f8441c9c,"<svg xmlns=""http://www.w3.org/2000/svg"" width=""256"" height=""256"" viewBox=""0 0 256 256""><path d=""M84.79 10.67a10.67 10.67 0 0 1-10.66-10.66V0H0v106.67h10.67A10.67 10.67 0 0 1 21.33 128h106.66A10.67 10.67 0 0 1 160 138.67V128h10.67A10.67 10.67 0 0 1 192 138.67v-10.66h10.67v10.66A10.67 10.67 0 0 1 202.67 128h-10.67v-106.67H192V128a10.67 10.67 0 0 1-10.67 10.67zm-10.66 10.66v106.66H10.67V10.67zM10.67 128h10.66v106.67H10.67z""/></svg>"
21710155389cd47c795b518a3b0b8de5,"<svg xmlns=""http://www.w3.org/2000/svg"" width=""256"" height=""256"" viewBox=""0 0 256 256""><path fill=""#272636"" d=""M128 0C57.42 0 0 57.42 0 128s57.42 128 128 128 128-57.42 128-128S198.58 0 128 0m0 234.67c-58.88 0-106.67-47.79-106.67-106.67S69.12 21.33 128 21.33 234.67 69.12 234.67 128 186.88 234.67 128 234.67""/><path fill=""#272636"" d=""M128 106.67a21.33 21.33 0 1 0 0 42.66 21.33 21.33 0 0 0 0-42.66m0 16a5.33 5.33 0 1 1 0 10.67 5.33 5.33 0 0 1 0-10.67m-21.33 21.34h10.66v21.34H96zm10.67-42.67V96h21.34v-10.67z""/></svg>"
d7b5a8761701fde714108908b207ffc9,"<svg xmlns=""http://www.w3.org/2000/svg"" width=""256"" height=""256"" viewBox=""0 0 256 256""><path d=""M197.48 10.67a10.67 10.67 0 0 0-10.67-10.67H10.67A10.67 10.67 0 0 0 0 10.67v128a10.67 10.67 0 0 0 10.67 10.66h176a10.67 10.67 0 0 0 10.66-10.66zM106.67 128l-64-64V10.67L106.67 0z""/></svg>"
402dd1d6c8a1a3c341dc453dead18b97,"<svg xmlns=""http://www.w3.org/2000/svg"" width=""256"" height=""256"" viewBox=""0 0 256 256""><path d=""M197.48 0H10.52A10.5 10.5 0 0 0 0 10.52v176.9a10.5 10.5 0 0 0 10.52 10.52h186.96a10.5 10.5 0 0 0 10.52-10.52V10.52A10.5 10.5 0 0 0 197.48 0m-18.04 186.9c0 5.12-4.32 9.44-9.44 9.44H10.52c-5.12 0-9.44-4.32-9.44-9.44V10.52c0-5.12 4.32-9.44 9.44-9.44h186.96c5.12 0 9.44 4.32 9.44 9.44z""/><path d=""M10.52 10.52h186.96v166.88H10.52zm186.96 176.96H10.52V10.52h186.96zM10.52 127.5h186.96v16.96H10.52zm186.96 16.96H10.52v16.96h186.96z""/></svg>"
e8aee3776894d20b70727aa265e3c8b6,"<svg xmlns=""http://www.w3.org/2000/svg"" width=""256"" height=""256"" viewBox=""0 0 256 256""><path fill=""#f479a8"" d=""M104.01 128h-8v-8h8z""/><path fill=""#e6cfff"" d=""m192.01 184.01-48-48a8 8 0 0 0-11.31 11.3l48 48a8 8 0 0 0 11.31-11.31zM160 16H16A16 16 0 0 0 0 16v160a16 16 0 0 0 16 16h144a16 16 0 0 0 16-16V32a16 16 0 0 0-16-16""/></svg>"
b068c6bc0dab328b6027ccd02d03b174,"<svg xmlns=""http://www.w3.org/2000/svg"" width=""256"" height=""256"" viewBox=""0 0 256 256""><path fill=""#444"" d=""M178.93 10.67a10.67 10.67 0 0 1-10.66 10.66H10.67A10.67 10.67 0 0 1 0 10.67V10.67C0 4.77 4.77 0 10.67 0h158.6c5.9 0 10.66 4.77 10.66 10.67m-160 0v106.66h160V10.67zM160 128a10.67 10.67 0 1 1 0 21.33 10.67 10.67 0 0 1 0-21.33m-10.67 0a10.67 10.67 0 1 0 0 21.33 10.67 10.67 0 0 0 0-21.33""/></svg>"
d960f5de-3ab1-41a3-8db1-853e895889ec,"<svg xmlns=""http://www.w3.org/2000/svg"" width=""256"" height=""256"" fill=""none"" viewBox=""0 0 256 256""><g stroke=""#1c274c"" stroke-linecap=""round"" stroke-width=""16""><path d=""M85.33 96V0""/><path d=""m128 128-42.67 42.67""/><path d=""M128 128v-42.67""/></g></svg>"
22df98911f5c5a5eabc508e739730daf,"<svg xmlns=""http://www.w3.org/2000/svg"" width=""256"" height=""256"" viewBox=""0 0 256 256""><path fill=""#4e8cee"" d=""M179.2 128a51.2 51.2 0 1 0-102.4 0 51.2 51.2 0 1 0 102.4 0""/><path fill=""#4e8cee"" d=""m128 179.2-12.8-12.8c-12.8-12.8-38.4-12.8-51.2 0s-12.8 38.4 0 51.2l12.8 12.8c12.8 12.8 38.4 12.8 51.2 0s12.8-38.4 0-51.2z""/><path fill=""#fff"" d=""M128 256C57.31 256 0 198.69 0 128S57.31 0 128 0s128 57.31 128 128-57.31 128-128 128m0-243.2C64.96 12.8 12.8 64.96 12.8 128s52.16 115.2 115.2 115.2 115.2-52.16 115.2-115.2S191.04 12.8 128 12.8""/></svg>"
9ca610ffc3aa94ee90b8fad40f39f2ce,"<svg xmlns=""http://www.w3.org/2000/svg"" width=""256"" height=""256"" viewBox=""0 0 256 256""><path fill=""#999"" d=""M84.8 16c-1.6 0-3.2-.8-4.8-1.6L1.6 1.6C.8.8 0 .8 0 1.6v192c0 1.6.8 3.2 1.6 4.8l76.8 76.8c.8.8 1.6 1.6 3.2 1.6s3.2-.8 4.8-1.6l76.8-76.8c1.6-1.6 1.6-3.2 1.6-4.8V1.6c0-1.6-.8-3.2-1.6-4.8""/></svg>"
6cafe414afbff1122a96ac8f0a9ce893,"<svg xmlns=""http://www.w3.org/2000/svg"" width=""256"" height=""256"" viewBox=""0 0 256 256""><path fill=""currentColor"" d=""M197.48 16H16v16h181.48zM16 104h181.48V128H16zm-16 32h181.48v16H16z""/></svg>"
8e1fadf0ca78b939adfb003d4e011a0e,"<svg xmlns=""http://www.w3.org/2000/svg"" width=""256"" height=""256"" viewBox=""0 0 256 256""><path fill=""#4d4d4d"" d=""M97.8 195.6c-4.4 0-8.8-.8-12.8-2.4a104 104 0 0 1-32.8-24.8C24.8 156.4 0 122.4 0 88.4S24.8 24 57.6 24s57.6 32.8 57.6 76.8c0 33.6-24 63.6-57.6 76.8m0-184c-26.4 0-48 21.6-48 48s21.6 48 48 48 48-21.6 48-48-21.6-48-48-48""/><path fill=""#4d4d4d"" d=""M104 195.6c-4.4 0-8.8-.8-12.8-2.4a104 104 0 0 1-32.8-24.8C24.8 156.4 0 122.4 0 88.4S24.8 24 57.6 24s57.6 32.8 57.6 76.8c0 33.6-24 63.6-57.6 76.8m0-184c-26.4 0-48 21.6-48 48s21.6 48 48 48 48-21.6 48-48-21.6-48-48-48""/></svg>"
ab976da55b074a76089bd31cf654dc11,"<svg xmlns=""http://www.w3.org/2000/svg"" width=""256"" height=""256"" viewBox=""0 0 256 256""><rect x=""0"" y=""0"" width=""256"" height=""256"" fill=""white""/><circle cx=""128"" cy=""128"" r=""64"" fill=""#4d4d4d""/></svg>"
7d41f40dc025829b6c2c3f9370aa91ab,"<svg xmlns=""http://www.w3.org/2000/svg"" width=""256"" height=""256"" viewBox=""0 0 256 256""><path fill=""#4d4d4d"" d=""M189.73 106.67h-16V85.33a10.67 10.67 0 0 0-21.33 0v21.34H85.33V85.33A10.67 10.67 0 0 0 74.67 74.67v-21.34H53.33a10.67 10.67 0 0 0 0 21.34h16v21.34a10.67 10.67 0 0 0 21.33 0V128h106.66v-21.33a10.67 10.67 0 0 0-21.33 0m-106.66 0v-21.34h-16v21.34zm106.66 0v-21.34h-16v21.34z""/><path fill=""#4d4d4d"" d=""M189.73 106.67h-16V85.33a10.67 10.67 0 0 0-21.33 0v21.34H85.33V85.33A10.67 10.67 0 0 0 74.67 74.67v-21.34H53.33a10.67 10.67 0 0 0 0 21.34h16v21.34a10.67 10.67 0 0 0 21.33 0V128h106.66v-21.33a10.67 10.67 0 0 0-21.33 0""/></svg>"
ec89d045d7ac2c5bba7e3a7b7f2ecfe3,"<svg xmlns=""http://www.w3.org/2000/svg"" width=""256"" height=""256"" viewBox=""0 0 256 256""><path fill=""currentColor"" d=""M84.79 16a16 16 0 0 1-16 16v16H16a16 16 0 0 1-16-16V16A16 16 0 0 1 16 0h16zm0 16v16H16V16zM16 16v16h16V16z""/><path fill=""currentColor"" d=""m16 16 16 16v16H16zm0 16v16h16V16z""/></svg>"
68e2e535-32c9-48fd-a9f6-9c4b2c411e58,"<svg xmlns=""http://www.w3.org/2000/svg"" width=""256"" height=""256"" fill=""none"" stroke=""#000"" stroke-linecap=""round"" stroke-linejoin=""round"" stroke-width=""21.33"" viewBox=""0 0 256 256""><path d=""M85.33 42.67h-64c-17.71 0-32 14.29-32 32v128c0 17.71 14.29 32 32 32h64c17.71 0 32-14.29 32-32V74.67c0-17.71-14.29-32-32-32""/><path d=""M160 106.67H10.67C4.27 106.67 0 102.4 0 96s4.27-10.67 10.67-10.67h149.33c6.4 0 10.66 4.27 10.66 10.67S166.4 106.67 160 106.67""/><path d=""m160 106.67-42.67 42.66a10.67 10.67 0 0 1-15.04 0l-42.66-42.66a10.67 10.67 0 0 1 15.04-15.04L160 128z""/></svg>"
8c7c71f2fa98547406cb8e566921b0f0,"<svg xmlns=""http://www.w3.org/2000/svg"" width=""256"" height=""256"" viewBox=""0 0 256 256""><path fill=""#ff9800"" d=""M174.93 106.67H16c-8.85 0-16-7.15-16-16V16C0 7.15 7.15 0 16 0h158.93c8.85 0 16 7.15 16 16v74.67c0 8.85-7.15 16-16 16m-16-85.34a10.67 10.67 0 0 0-10.66 10.67v74.66a10.67 10.67 0 0 0 10.66 10.67h16V16z""/><path fill=""#ff9800"" d=""M160 106.67H42.67a10.67 10.67 0 0 0 0 21.34H160a10.67 10.67 0 0 0 0-21.34""/></svg>"
61b523b078eb8c534f9f61b1a98b3c59,"<svg xmlns=""http://www.w3.org/2000/svg"" width=""256"" height=""256"" viewBox=""0 0 256 256""><path fill=""currentColor"" d=""M98.47 192a98.47 98.47 0 1 1 98.47-98.47A98.5 98.5 0 0 1 98.47 192m0-181.33C43.2 10.67 0 56.85 0 112s43.2 101.33 98.47 101.33c55.27 0 98.47-46.13 98.47-101.33S153.73 10.67 98.47 10.67""/><path fill=""currentColor"" d=""M192 106.67h-10.67v-64H192zm-106.67 0V0H192v64z""/></svg>"
25ed85dba28ae2d20a0d38f681d5a613,"<svg xmlns=""http://www.w3.org/2000/svg"" width=""256"" height=""256"" viewBox=""0 0 256 256""><rect fill=""white"" height=""256"" width=""256""/><path d=""M184.79 10.67a10.67 10.67 0 0 1 10.66 10.66v128c0 5.89-4.77 10.66-10.66 10.66H10.67A10.67 10.67 0 0 1 0 138.67V10.67C0 4.77 4.77 0 10.67 0zm-17.06 10.66h-128l-.01.01L10.67 128v128l.01.01h128l.01-.01zM106.67 128a10.67 10.67 0 0 1 10.66 10.67v10.66a10.67 10.67 0 0 1-21.33 0v-10.66a10.67 10.67 0 0 1 10.67-10.67m0 21.33a10.67 10.67 0 0 1 10.66 10.66v10.66a10.67 10.67 0 0 1-21.33 0v-10.66a10.67 10.67 0 0 1 10.67-10.66m0 21.33a10.67 10.67 0 0 1 10.66 10.66v10.66a10.67 10.67 0 0 1-21.33 0v-10.66a10.67 10.67 0 0 1 10.67-10.66""/><path d=""M137.14 117.26h-23.39v-13.17h23.39a7.68 7.68 0 0 0 0-15.36h-14.08l15.65-17.84a7.68 7.68 0 1 0-11.52-10.14l-21.12 24.01-21.06-24.01a7.68 7.68 0 0 0-11.52 10.14l15.62 17.84H75.03a7.68 7.68 0 0 0 0 15.36h23.36v13.17H75.01a7.68 7.68 0 0 0 0 15.36h23.38v13.7a7.68 7.68 0 0 0 15.36 0v-13.7h23.39a7.68 7.68 0 0 0 0-15.36""/></svg>"
2e096cabf70630aa429df802aadee781,"<svg xmlns=""http://www.w3.org/2000/svg"" width=""256"" height=""256"" viewBox=""0 0 256 256""><path d=""M197.48 10.67H10.67A10.67 10.67 0 0 0 0 21.33v149.34a10.67 10.67 0 0 0 10.67 10.66h186.81a10.67 10.67 0 0 0 10.66-10.66V21.33a10.67 10.67 0 0 0-10.66-10.66m-186.81 149.34h176.22V21.33H10.67z""/><path d=""M197.48 10.67h-186.81a10.67 10.67 0 0 0-10.66 10.66v149.34a10.67 10.67 0 0 0 10.66 10.66h186.81a10.67 10.67 0 0 0 10.66-10.66V21.33a10.67 10.67 0 0 0-10.66-10.66m-186.81 149.34h176.22V21.33H10.67zm10.66-10.67h176.22c5.89 0 10.66 4.77 10.66 10.67v149.34c0 5.89-4.77 10.66-10.66 10.66H10.67C4.77 192 0 187.23 0 181.33V21.33c0-5.89 4.77-10.67 10.67-10.67""/></svg>"
233eefc40f52085d4f6005f113561a01,"<svg xmlns=""http://www.w3.org/2000/svg"" width=""256"" height=""256"" viewBox=""0 0 256 256""><rect x=""0"" y=""0"" width=""256"" height=""256"" fill=""white""/><circle cx=""128"" cy=""128"" r=""64"" fill=""black""/></svg>"
d47c83db86be1d46ff99cbff54fc0db9,"<svg xmlns=""http://www.w3.org/2000/svg"" width=""256"" height=""256"" viewBox=""0 0 256 256""><path fill=""#4e5969"" d=""M87.5 16a16 16 0 1 0 0-32 16 16 0 0 0 0 32m0-16C41.35 0 0 41.35 0 87.5s41.35 87.5 87.5 87.5 87.5-41.35 87.5-87.5S133.65 0 87.5 0""/><path fill=""#4e5969"" d=""M87.5 16c-4.4 0-8.5 3.1-8.5 6.8v10.5h-.1l-.1.1V16zm0 16a61.5 61.5 0 0 1 61.5 61.5 61.5 61.5 0 0 1-61.5 61.5 61.5 61.5 0 0 1-61.5-61.5 61.5 61.5 0 0 1 61.5-61.5m0 16a45.5 45.5 0 0 0-45.5 45.5 45.5 45.5 0 0 0 45.5 45.5 45.5 45.5 0 0 0 45.5-45.5 45.5 45.5 0 0 0-45.5-45.5""/></svg>"
thesantatitan_deepseek-svg-dataset_0003106,"<svg xmlns=""http://www.w3.org/2000/svg"" width=""256"" height=""256"" viewBox=""0 0 256 256""><rect x=""0"" y=""0"" width=""256"" height=""256"" fill=""white""/><rect x=""64"" y=""64"" width=""128"" height=""128"" fill=""#000""/></svg>"
a8a0ac74fb0e26c88d053271946e75f5,"<svg xmlns=""http://www.w3.org/2000/svg"" width=""256"" height=""256"" viewBox=""0 0 256 256""><path fill=""#4e78f9"" d=""M192 0H16C7.2 0 0 7.2 0 16v176c0 8.8 7.2 16 16 16h176c8.8 0 16-7.2 16-16V16c0-8.8-7.2-16-16-16m-16 192H16V16h160z""/><path fill=""#4e78f9"" d=""M160 160a16 16 0 0 1-16-16V80a16 16 0 0 1 32 0v64a16 16 0 0 1-16 16m-32-16a16 16 0 0 0-16 16v64a16 16 0 0 0 32 0V80a16 16 0 0 0-16-16""/></svg>"
6ac4b137-01f0-42d6-b8c0-95de2b9dd062,"<svg xmlns=""http://www.w3.org/2000/svg"" width=""256"" height=""256"" fill=""none"" viewBox=""0 0 256 256""><path stroke=""#000"" stroke-linecap=""round"" stroke-linejoin=""round"" stroke-width=""21.33"" d=""M48 74.67c-9.07 0-16 7.47-16 16s6.93 16 16 16h106.67c9.07 0 16-7.46 16-16s-6.93-16-16-16zm-16 0C26.67 58.67 0 74.67 0 96v106.67c0 21.33 26.67 37.33 48 37.33H48c21.33 0 48-16 48-37.33V96c0-21.33-26.67-37.33-48-37.33m16 0c-9.07 0-16 7.47-16 16s6.93 16 16 16h106.67c9.07 0 16-7.46 16-16s-6.94-16-16-16z""/></svg>"
thesantatitan_deepseek-svg-dataset_0001432,"<svg xmlns=""http://www.w3.org/2000/svg"" width=""256"" height=""256"" fill=""none"" stroke=""#000"" stroke-linecap=""round"" stroke-linejoin=""round"" stroke-width=""21.33""><rect width=""192"" height=""149.33"" x=""32"" y=""53.33"" rx=""21.33""/><circle cx=""85.33"" cy=""74.67"" r=""10.67""/><circle cx=""170.67"" cy=""74.67"" r=""10.67""/><path d=""M0 0h192v149.33H0z""/></svg>"
72621a2124e5b0f27cab11a405fbd9d0,"<svg xmlns=""http://www.w3.org/2000/svg"" width=""256"" height=""256"" viewBox=""0 0 256 256""><rect x=""0"" y=""0"" width=""256"" height=""256"" fill=""white""/><circle cx=""128"" cy=""128"" r=""64"" fill=""#ff479e""/></svg>"
3d5d85ea2a76724290395124ef144432,"<svg xmlns=""http://www.w3.org/2000/svg"" width=""256"" height=""256"" viewBox=""0 0 256 256""><path fill=""#9e8eff"" d=""M147.2 128a128 128 0 1 1-256 0 128 128 0 1 1 256 0""/><path fill=""#9e8eff"" d=""m128 128 12.8-12.8c-12.8 12.8-25.6 25.6-38.4 38.4l-12.8 12.8C12.8 166.4 0 153.6 0 128s12.8-38.4 38.4-38.4L128 12.8z""/></svg>"
08c13c16f4d8476b993b5784da3f12a3,"<svg xmlns=""http://www.w3.org/2000/svg"" width=""256"" height=""256"" viewBox=""0 0 256 256""><path fill=""#979797"" d=""M84.8 112a8 8 0 0 1-8-8V8a8 8 0 0 1 16 0v104a8 8 0 0 1-8 8m0-104a16 16 0 0 0-16 16v104a16 16 0 0 0 16 16h104a16 16 0 0 0 16-16V8a16 16 0 0 0-16-16z""/></svg>"
7b9efac1b032eb8136bc0f107f0fe6e6,"<svg xmlns=""http://www.w3.org/2000/svg"" width=""256"" height=""256"" viewBox=""0 0 256 256""><rect x=""0"" y=""0"" width=""256"" height=""256"" fill=""white""/><circle cx=""128"" cy=""128"" r=""64"" fill=""#4d4d4d""/></svg>"
a802656c9b712d3db0d6beb1cb1714be,"<svg xmlns=""http://www.w3.org/2000/svg"" width=""256"" height=""256"" viewBox=""0 0 256 256""><rect x=""0"" y=""0"" width=""256"" height=""256"" fill=""white""/><circle cx=""128"" cy=""128"" r=""64"" fill=""black""/></svg>"
349f7e64432849df0db439b6249505c2,"<svg xmlns=""http://www.w3.org/2000/svg"" width=""256"" height=""256"" viewBox=""0 0 256 256""><path d=""M197.48 106.67a10.67 10.67 0 1 0-21.33 0v-64h-10.67V10.67H10.67v128h10.66v-64a10.67 10.67 0 1 0-21.33 0v64H0v10.66h197.48zm-10.67 0H10.67v-128h176zM106.67 0a10.67 10.67 0 1 0 0 21.33 10.67 10.67 0 0 0 0-21.33m0 128a10.67 10.67 0 1 0 0 21.33 10.67 10.67 0 0 0 0-21.33""/></svg>"
e578c171a54f34c07c5b55bba5d61300,"<svg xmlns=""http://www.w3.org/2000/svg"" width=""256"" height=""256"" viewBox=""0 0 256 256""><path fill=""#4e8cee"" d=""M97.6 0C43.68 0 0 43.68 0 97.6s43.68 97.6 97.6 97.6 97.6-43.68 97.6-97.6S151.52 0 97.6 0m0 16c40.48 0 73.6 33.12 73.6 73.6s-33.12 73.6-73.6 73.6-73.6-33.12-73.6-73.6 33.12-73.6 73.6-73.6""/><path fill=""#4e8cee"" d=""M108.8 115.2a12.8 12.8 0 1 0 25.6 0 12.8 12.8 0 1 0-25.6 0""/><path fill=""#4e8cee"" d=""M64 115.2a12.8 12.8 0 1 0 25.6 0 12.8 12.8 0 1 0-25.6 0""/></svg>"
da6187528883b34f87a786adfc557953,"<svg xmlns=""http://www.w3.org/2000/svg"" width=""256"" height=""256"" viewBox=""0 0 256 256""><path fill=""#4e8cee"" d=""M197.33 0H18.67A18.67 18.67 0 0 0 0 18.67v178.66a18.67 18.67 0 0 0 18.67 18.66h178.66A18.67 18.67 0 0 0 216 197.33V18.67A18.67 18.67 0 0 0 197.33 0m-17.6 178.66c0 9.81-8.09 17.92-17.6 17.92H17.6c-9.81 0-17.6-8.11-17.6-17.92V17.92C0 8.11 8.09 0 17.6 0h171.13c9.81 0 17.6 8.11 17.6 17.92z""/><path fill=""#4e8cee"" d=""M160 106.67H42.67a10.67 10.67 0 0 1 0-21.34H160a10.67 10.67 0 0 1 0 21.34m-42.67 32H42.67a10.67 10.67 0 0 1 0-21.33H160a10.67 10.67 0 0 1 0 21.33""/></svg>"
b84924bd560d42becb4bde638d5a721f,"<svg xmlns=""http://www.w3.org/2000/svg"" width=""256"" height=""256"" viewBox=""0 0 256 256""><path fill=""currentColor"" d=""M197.48 0H18.52C8.2 0 0 8.2 0 18.52v178.96c0 10.32 8.2 18.52 18.52 18.52h178.96c10.32 0 18.52-8.2 18.52-18.52V18.52C215.98 8.2 207.78 0 197.48 0m-17.8 197.48H17.8V17.8h162.28z""/><path fill=""currentColor"" d=""M100.52 100.52a18.52 18.52 0 1 0 37.04 0 18.52 18.52 0 1 0-37.04 0""/><path fill=""currentColor"" d=""M100.52 118.52a18.52 18.52 0 1 0 37.04 0 18.52 18.52 0 1 0-37.04 0""/><path fill=""currentColor"" d=""M100.52 136.52a18.52 18.52 0 1 0 37.04 0 18.52 18.52 0 1 0-37.04 0""/><path fill=""currentColor"" d=""M100.52 154.52a18.52 18.52 0 1 0 37.04 0 18.52 18.52 0 1 0-37.04 0""/><path fill=""currentColor"" d=""M100.52 172.52a18.52 18.52 0 1 0 37.04 0 18.52 18.52 0 1 0-37.04 0""/></svg>"
2391d53e06ffc3fb8fd335429b75ce9c,"<svg xmlns=""http://www.w3.org/2000/svg"" width=""256"" height=""256"" viewBox=""0 0 256 256""><path fill=""currentColor"" d=""M197.48 0H18.52C8.2 0 0 8.2 0 18.52v178.96c0 10.32 8.2 18.52 18.52 18.52h178.96c10.32 0 18.52-8.2 18.52-18.52V18.52C215.99 8.2 207.79 0 197.48 0m-17.8 197.48H17.8V17.8h162.08zM102.4 102.4a12.8 12.8 0 1 0 25.6 0 12.8 12.8 0 1 0-25.6 0""/></svg>"
1fb2fc7afab9adb52a5f1fb0daefa0fe,"<svg xmlns=""http://www.w3.org/2000/svg"" width=""256"" height=""256"" viewBox=""0 0 256 256""><path fill=""currentColor"" d=""M197.48 16a16 16 0 0 0-16 16v16H16V16A16 16 0 0 0 0 16v16h16v160c0 8.82 7.18 16 16 16h160c8.82 0 16-7.18 16-16V16c0-8.82-7.18-16-16-16m-16 160H16V16h160zm-16-160a16 16 0 0 0-16 16v16h16v160c0 8.82 7.18 16 16 16h160c8.82 0 16-7.18 16-16V16c0-8.82-7.18-16-16-16z""/><path fill=""currentColor"" d=""M16 160a16 16 0 1 0 32 0 16 16 0 1 0-32 0""/><path fill=""currentColor"" d=""M16 160a16 16 0 1 0 32 0 16 16 0 1 0-32 0""/></svg>"
bd62059c6dddc7fc2566d415cdcf6b86,"<svg xmlns=""http://www.w3.org/2000/svg"" width=""256"" height=""256"" viewBox=""0 0 256 256""><path fill=""#fff"" d=""M84.79 10.67a10.67 10.67 0 1 0-21.33 0 10.67 10.67 0 1 0 21.33 0""/><path fill=""#fff"" d=""M106.67 10.67a10.67 10.67 0 1 0-21.33 0 10.67 10.67 0 1 0 21.33 0""/><path fill=""#fff"" d=""M128 10.67a10.67 10.67 0 1 0-21.33 0 10.67 10.67 0 1 0 21.33 0""/><path fill=""#fff"" d=""M149.33 10.67a10.67 10.67 0 1 0-21.33 0 10.67 10.67 0 1 0 21.33 0""/><path fill=""#fff"" d=""M170.67 10.67a10.67 10.67 0 1 0-21.33 0 10.67 10.67 0 1 0 21.33 0""/><path fill=""#fff"" d=""M192 10.67a10.67 10.67 0 1 0-21.33 0 10.67 10.67 0 1 0 21.33 0""/><path fill=""#fff"" d=""M192 106.67a10.67 10.67 0 1 0-21.33 0 10.67 10.67 0 1 0 21.33 0""/><path fill=""#fff"" d=""M192 192a10.67 10.67 0 1 0-21.33 0A10.67 10.67 0 1 0 192 192m-106.67 0a10.67 10.67 0 1 0-21.33 0 10.67 10.67 0 1 0 21.33 0""/></svg>"
53c93380b8d336542d7d4d4fdd7e3df0,"<svg xmlns=""http://www.w3.org/2000/svg"" width=""256"" height=""256"" viewBox=""0 0 256 256""><path fill=""currentColor"" d=""M178.49 10.67a10.67 10.67 0 0 0-15.04 0l-42.66 42.66H10.67v128h128V53.33h-10.66L128 10.67z""/><path fill=""currentColor"" d=""m128 10.67 42.67 42.66H10.67V192h128zm-10.67 128H10.67v-128h106.66z""/></svg>"
06dac9a2b00ae93b160a9fd33ff275f1,"<svg xmlns=""http://www.w3.org/2000/svg"" width=""256"" height=""256"" viewBox=""0 0 256 256""><path d=""M94.78 19.2a10.67 10.67 0 0 1-10.67 10.67c0 5.87 4.78 10.67 10.67 10.67s10.66-4.78 10.66-10.67A10.67 10.67 0 0 1 94.78 19.2m0 10.67C46.91 29.87 0 74.67 0 128c0 53.33 46.91 98.13 104.53 108.8l-.01.01c57.6 10.67 104.53-53.34 104.53-108.8 0-53.33-46.91-98.13-104.53-108.8z""/></svg>"
7dc444501e5eae3d56e2166fd6dbfdba,"<svg xmlns=""http://www.w3.org/2000/svg"" width=""256"" height=""256"" viewBox=""0 0 256 256""><path fill=""#f4ca1c"" d=""M197.82 10.67a10.67 10.67 0 0 0-15.04 0l-42.67 42.66L128 10.67l-42.67 42.66A10.67 10.67 0 0 0 85.33 64v106.67a10.67 10.67 0 0 0 10.66 10.66h106.66a10.67 10.67 0 0 0 10.67-10.66V64a10.67 10.67 0 0 0-10.67-10.67m-10.66 10.67H128l-32 32z""/></svg>"
c9497e732d693769be0341de77468546,"<svg xmlns=""http://www.w3.org/2000/svg"" width=""256"" height=""256"" viewBox=""0 0 256 256""><path fill=""#47d9c8"" d=""M16 0h192a16 16 0 0 1 16 16v192a16 16 0 0 1-16 16H16a16 16 0 0 1-16-16V16A16 16 0 0 1 16 0""/><path fill=""#fff"" d=""m104.8 104.8 16.8 16.8L128 128l-21.2 21.2-16.8-16.8 16.8-16.8-21.2-21.2z""/></svg>"
066676c0-8181-4092-a6c0-29c7ce8342d5,"<svg xmlns=""http://www.w3.org/2000/svg"" width=""256"" height=""256"" fill=""none"" viewBox=""0 0 256 256""><g stroke=""#1c274c"" stroke-linecap=""round"" stroke-width=""16""><path d=""M85.33 96h-64A21.4 21.4 0 0 0 0 117.33v21.34a21.4 21.4 0 0 0 21.33 21.34H128""/><path d=""m128 117.33 42.67 42.66V128l-42.67-42.67z""/></g></svg>"
08c4fe4b67eb5bde0560c776797a0b30,"<svg xmlns=""http://www.w3.org/2000/svg"" width=""256"" height=""256"" fill=""none"" viewBox=""0 0 256 256""><g stroke=""#1c274c"" stroke-linecap=""round"" stroke-width=""16""><path d=""M85.33 96h-64C0 96 0 106.67 0 117.33v21.34c0 10.66 0 21.33 10.67 21.33H85.33""/><path d=""M106.67 96h-64C42.67 96 42.67 106.67 42.67 117.33v21.34c0 10.66 0 21.33 10.67 21.33H85.33""/><path d=""M128 96h-64C64 96 64 106.67 64 117.33v21.34c0 10.66 0 21.33 10.67 21.33H85.33""/><path d=""M149.33 96h-64C85.33 96 85.33 106.67 85.33 117.33v21.34c0 10.66 0 21.33 10.66 21.33H85.33""/><path d=""M170.67 96h-64C106.67 96 106.67 106.67 106.67 117.33v21.34c0 10.66 0 21.33 10.66 21.33H85.33""/><path d=""M192 96h-64C128 96 128 106.67 128 117.33v21.34c0 10.66 0 21.33 10.67 21.33H85.33""/><path d=""M213.33 96h-64C149.33 96 149.33 106.67 149.33 117.33v21.34c0 10.66 0 21.33 10.66 21.33H85.33""/><path d=""M234.67 96h-64C170.67 96 170.67 106.67 170.67 117.33v21.34c0 10.66 0 21.33 10.66 21.33H85.33""/><path d=""M256 96h-64c-10.67 0-21.34 0-32-10.67S170.67 96 160 96H85.33""/><path d=""M256 96h-64c-10.67 0-21.34 0-32-10.67s-21.33-10.67-32-10.67H85.33""/></g></svg>"
aad6f0ae0528efb062bf9b084cf8fbbe,"<svg xmlns=""http://www.w3.org/2000/svg"" width=""256"" height=""256"" viewBox=""0 0 256 256""><path fill=""#4d4d4d"" d=""M197.87 10.67H10.67A10.67 10.67 0 0 0 0 21.33v149.34a10.67 10.67 0 0 0 10.67 10.66h187.2a10.67 10.67 0 0 0 10.66-10.66V21.33a10.67 10.67 0 0 0-10.66-10.66m-187.2 149.34h176.54V32.01H10.67z""/><path fill=""#4d4d4d"" d=""M197.87 53.33H10.67A10.67 10.67 0 0 0 0 64.01v149.34a10.67 10.67 0 0 0 10.67 10.66h187.2a10.67 10.67 0 0 0 10.66-10.66V64.01a10.67 10.67 0 0 0-10.66-10.68zm-187.2 149.34h176.54v-32.01H10.67z""/></svg>"
bd1c691a8b93a5902b8e608009409b26,"<svg xmlns=""http://www.w3.org/2000/svg"" width=""256"" height=""256"" viewBox=""0 0 256 256""><path fill=""#49e8d7"" d=""M160 0H16C7.2 0 0 7.2 0 16v144c0 8.8 7.2 16 16 16h144c8.8 0 16-7.2 16-16V16c0-8.8-7.2-16-16-16""/><path fill=""#fff"" d=""m144 128-48-48a8 8 0 0 0-11.31 11.31l48 48a8 8 0 0 0 11.31-11.31z""/></svg>"
68576ccc57bb97748fa1cbe13f37d971,"<svg xmlns=""http://www.w3.org/2000/svg"" width=""256"" height=""256"" viewBox=""0 0 256 256""><path d=""M94.78 10.67a10.67 10.67 0 1 0-21.33 0 10.67 10.67 0 1 0 21.33 0m-10.67 106.66a10.67 10.67 0 1 0 21.33 0 10.67 10.67 0 1 0-21.33 0m106.67-10.66a10.67 10.67 0 1 0 21.33 0 10.67 10.67 0 1 0-21.33 0m-10.67 106.66a10.67 10.67 0 1 0 21.33 0 10.67 10.67 0 1 0-21.33 0m-106.67-10.66a10.67 10.67 0 1 0 21.33 0 10.67 10.67 0 1 0-21.33 0m106.67-10.66a10.67 10.67 0 1 0 21.33 0 10.67 10.67 0 1 0-21.33 0m-10.67 106.66a10.67 10.67 0 1 0 21.33 0 10.67 10.67 0 1 0-21.33 0m-106.67-10.66a10.67 10.67 0 1 0 21.33 0 10.67 10.67 0 1 0-21.33 0m106.67-10.66a10.67 10.67 0 1 0 21.33 0 10.67 10.67 0 1 0-21.33 0m-10.67 106.66a10.67 10.67 0 1 0 21.33 0 10.67 10.67 0 1 0-21.33 0m-106.67-10.66a10.67 10.67 0 1 0 21.33 0 10.67 10.67 0 1 0-21.33 0""/></svg>"
d46706e4afd71b39bf6c7715fac7ce49,"<svg xmlns=""http://www.w3.org/2000/svg"" width=""256"" height=""256"" viewBox=""0 0 256 256""><path fill=""#333"" d=""M197.48 10.67a10.67 10.67 0 0 1-10.67 10.66H10.67A10.67 10.67 0 0 1 0 10.67V0h197.48zM10.67 160v-10.67h176V160zm176-10.67v10.67h-176V160z""/></svg>"
3712aaefea588dcfcbe2c40a038c9024,"<svg xmlns=""http://www.w3.org/2000/svg"" width=""256"" height=""256"" fill=""none"" viewBox=""0 0 256 256""><path stroke=""#000"" stroke-linecap=""round"" stroke-linejoin=""round"" stroke-width=""21.33"" d=""M48 74.67V96m-32 0v21.33H0M160 0h-10.67L128 32H160M160 0v21.33H128V0M160 0l-32 32m-32 0V32m32 0v21.33""/></svg>"
4c16131d4cc415d991a52a9bcfe32b8d,"<svg xmlns=""http://www.w3.org/2000/svg"" viewBox=""0 0 256 256""><rect fill=""black"" width=""256"" height=""256""/></svg>"
c673cfef632658ba00e3ce635f562901,"<svg xmlns=""http://www.w3.org/2000/svg"" width=""256"" height=""256"" viewBox=""0 0 256 256""><path fill=""#979797"" d=""M184.53 106.67H10.67A10.67 10.67 0 0 1 0 96V10.67C0 4.75 4.75 0 10.67 0h173.86c5.92 0 10.67 4.75 10.67 10.67v85.33a10.67 10.67 0 0 1-10.67 10.66m-170.66 0h160V10.67H10.67z""/><path fill=""#979797"" d=""M106.67 106.67a10.67 10.67 0 0 1-10.67-10.67V64a10.67 10.67 0 0 1 21.34 0v32a10.67 10.67 0 0 1-10.67 10.67m-10.66-42.67a10.67 10.67 0 0 1-10.66-10.66 10.67 10.67 0 0 1 21.33 0 10.67 10.67 0 0 1-10.67 10.66""/></svg>"
26994bd1171078b92a9957f977eed87c,"<svg xmlns=""http://www.w3.org/2000/svg"" width=""256"" height=""256"" viewBox=""0 0 256 256""><path fill=""currentColor"" d=""M178.49 178.49H10.67A10.67 10.67 0 0 1 0 167.82V10.67A10.67 10.67 0 0 1 10.67 0h167.82a10.67 10.67 0 0 1 10.66 10.67v157.15a10.67 10.67 0 0 1-10.66 10.67m-167.82-10.67h157.15V10.67H10.67zM10.67 167.82h167.82v10.67H10.67zm167.82-10.67h-10.66v-10.66h10.66z""/><path fill=""currentColor"" d=""M10.67 10.67h10.66v10.66H10.67zm10.66 10.66h10.66v10.66H21.33z""/></svg>"
b964937ebec4f76d545638387655b38f,"<svg xmlns=""http://www.w3.org/2000/svg"" width=""256"" height=""256"" viewBox=""0 0 256 256""><path fill=""#4d4d4d"" d=""M178.93 10.67a10.67 10.67 0 0 1-10.66 10.66H10.67A10.67 10.67 0 0 1 0 10.67V0h178.93zm-10.66 10.66v96l-10.66-10.66zM10.67 128h158.93a10.67 10.67 0 0 1 10.66 10.67v10.66H10.67z""/><path fill=""#4d4d4d"" d=""m106.67 10.67 10.66 10.66L128 0l-10.67 10.67zm-10.66 10.66v96l-10.66-10.66zm-10.66 106.66h158.93a10.67 10.67 0 0 1 10.66 10.67v10.66H10.67z""/><path fill=""#4d4d4d"" d=""M106.67 10.67 128 0l10.67 10.67zm-10.66 10.66v96l-10.66-10.66zm-10.66 106.66h158.93a10.67 10.67 0 0 1 10.66 10.67v10.66H10.67z""/></svg>"
3aeea789ed0e181f35968bafa8dded49,"<svg xmlns=""http://www.w3.org/2000/svg"" width=""256"" height=""256"" viewBox=""0 0 256 256""><path d=""M94.78 10.67a10.67 10.67 0 0 1-10.67-10.67A10.67 10.67 0 0 1 94.78 0c5.89 0 10.66 4.77 10.66 10.67S100.67 21.33 94.78 21.33m0-10.67C46.93 0 0 46.93 0 106.67s46.93 106.66 94.78 106.66 94.77-46.93 94.77-106.66S142.61 0 94.78 0""/><path d=""M106.67 106.67h-10.66v-10.66H96V96h10.67v10.67h10.66V96h10.66v10.67z""/></svg>"
c499d6062b8a598d6b5838d4792d7a41,"<svg xmlns=""http://www.w3.org/2000/svg"" width=""256"" height=""256"" viewBox=""0 0 256 256""><path d=""M197.48 0H18.52C8.2 0 0 8.2 0 18.52v178.96c0 10.32 8.2 18.52 18.52 18.52h178.96c10.32 0 18.52-8.2 18.52-18.52V18.52C215.99 8.2 207.79 0 197.48 0m-17.9 197.48H17.9V17.9h161.68zM103.74 46.5a4.7 4.7 0 0 1 4.69 4.69v103.74a4.7 4.7 0 0 1-4.69 4.69H46.5a4.7 4.7 0 0 1-4.69-4.69V51.19a4.7 4.7 0 0 1 4.69-4.69zm0 61.85a4.7 4.7 0 0 1 4.69 4.69v103.74a4.7 4.7 0 0 1-4.69 4.69H46.5a4.7 4.7 0 0 1-4.69-4.69V113.4a4.7 4.7 0 0 1 4.69-4.69z""/></svg>"
e7fa87cc7182de4add86460c905587df,"<svg xmlns=""http://www.w3.org/2000/svg"" width=""256"" height=""256"" viewBox=""0 0 256 256""><path fill=""#333"" d=""M197.48 16.01h-16.01V0H16.01v16.01h-16A16 16 0 0 0 0 32v144a16 16 0 0 0 16 16h181.48a16 16 0 0 0 16-16V32a16 16 0 0 0-16-16m-16 144H16V32h160zm-16-160H16v16h160zM16 16h160v16H16z""/></svg>"
8f4cfa5a-fb08-4eb1-aea3-e3601a18be4f,"<svg xmlns=""http://www.w3.org/2000/svg"" width=""256"" height=""256"" fill=""none"" viewBox=""0 0 256 256""><g stroke=""#000"" stroke-linecap=""round"" stroke-linejoin=""round"" stroke-width=""21.33""><path d=""M85.33 42.67a42.67 42.67 0 1 0 0-85.34""/><path d=""M85.33 192a42.67 42.67 0 1 0 0-85.33""/></g></svg>"
012864599f873514017c173770026982,"<svg xmlns=""http://www.w3.org/2000/svg"" width=""256"" height=""256"" viewBox=""0 0 256 256""><path fill=""#272636"" d=""M194.88 0H21.12C9.6 0 0 9.6 0 21.12v153.6c0 11.52 9.6 21.12 21.12 21.12h173.76c11.52 0 21.12-9.6 21.12-21.12V21.12""/><path fill=""#ffffff"" d=""M137.14 117.26h-23.39v-13.17h23.39a7.68 7.68 0 0 0 0-15.36h-14.08l15.65-17.84a7.68 7.68 0 1 0-11.52-10.14l-21.12 24.01-21.06-24.01a7.68 7.68 0 0 0-11.52 10.14l15.62 17.84H75.03a7.68 7.68 0 0 0 0 15.36h23.36v13.17H75.01a7.68 7.68 0 0 0 0 15.36h23.38v13.7a7.68 7.68 0 0 0 15.36 0v-13.7h23.39a7.68 7.68 0 0 0 0-15.36""/></svg>"
beed40817d966fca026c732b444c508e,"<svg xmlns=""http://www.w3.org/2000/svg"" width=""256"" height=""256"" viewBox=""0 0 256 256""><path fill=""#97b8d4"" d=""M192 16v144a16 16 0 0 1-16 16H16a16 16 0 0 1-16-16V16A16 16 0 0 1 16 0h160a16 16 0 0 1 16 16""/><path fill=""#fcd9e2"" d=""m160 16 16 16v144l-16 16H16L0 16zm-16 16v144l16 16h160l16-16V16z""/></svg>"
487f11a6f680d71ed8e1a90cf6e3e943,"<svg xmlns=""http://www.w3.org/2000/svg"" width=""256"" height=""256"" viewBox=""0 0 256 256""><path d=""M48.79 10.67h-32A10.67 10.67 0 0 0 0 21.33v128a10.67 10.67 0 0 0 10.67 10.66H48.79a10.67 10.67 0 0 0 10.66-10.66V21.33A10.67 10.67 0 0 0 48.79 10.67m-32 128h32a10.67 10.67 0 0 1 10.66 10.66v10.66H10.67zm128-10.67h-32a10.67 10.67 0 0 0-10.66 10.66v10.66h32a10.67 10.67 0 0 0 10.66-10.66V128h-32zM128 10.67h-32a10.67 10.67 0 0 0-10.66 10.66v10.66h32a10.67 10.67 0 0 0 10.66-10.66V21.33A10.67 10.67 0 0 0 128 10.67""/></svg>"
thesantatitan_deepseek-svg-dataset_0004275,"<svg xmlns=""http://www.w3.org/2000/svg"" width=""256"" height=""256"" fill=""none"" stroke=""#000"" stroke-linecap=""round"" stroke-linejoin=""round"" stroke-width=""21.33""><rect width=""213.33"" height=""213.33"" x=""21.33"" y=""21.33"" rx=""21.33""/><path d=""M42.67 85.33h-32v-32h32z""/><circle cx=""128"" cy=""128"" r=""96""/></svg>"
15816e0ecf760d38536ed9d1c1043ea8,"<svg xmlns=""http://www.w3.org/2000/svg"" width=""256"" height=""256"" viewBox=""0 0 256 256""><path d=""M84.79 106.67a21.33 21.33 0 1 0-42.67 0 21.33 21.33 0 0 0 42.67 0m-10.66-10.66c-17.71 0-32 14.29-32 32s14.29 32 32 32 32-14.29 32-32-14.29-32-32-32m106.66 0c-17.71 0-32 14.29-32 32s14.29 32 32 32 32-14.29 32-32-14.29-32-32-32m-10.66 10.66c-17.71 0-32 14.29-32 32s14.29 32 32 32 32-14.29 32-32-14.29-32-32-32m-10.66 10.66c-17.71 0-32 14.29-32 32s14.29 32 32 32 32-14.29 32-32-14.29-32-32-32m-10.66 10.66c-17.71 0-32 14.29-32 32s14.29 32 32 32 32-14.29 32-32-14.29-32-32-32m-10.66 10.66c-17.71 0-32 14.29-32 32s14.29 32 32 32 32-14.29 32-32-14.29-32-32-32""/></svg>"
4155430a-4529-49e0-aff0-19bc632a770a,"<svg xmlns=""http://www.w3.org/2000/svg"" width=""256"" height=""256"" fill=""none"" viewBox=""0 0 256 256""><g stroke=""#1c274c"" stroke-linecap=""round"" stroke-width=""16""><path d=""M85.33 96a42.67 42.67 0 1 0 0-85.33 42.67 42.67 0 0 0 0 85.33""/><path d=""m106.67 106.67-16-16""/></g></svg>"
25b3fc6e871febfd8a5aabf7dd75f3ea,"<svg xmlns=""http://www.w3.org/2000/svg"" width=""256"" height=""256"" viewBox=""0 0 256 256""><path fill=""#f44336"" d=""M79.8 10.67a10.67 10.67 0 1 0 21.33 0 10.67 10.67 0 1 0-21.33 0""/><path fill=""#fff"" d=""m106.67 10.67 10.66 10.66v106.66l-10.66 10.66V21.33z""/><path fill=""#e6e6e6"" d=""M106.67 10.67h-10.66L96 0H85.33l-10.66 10.67zm-10.66 10.66v106.66l10.66-10.66zM10.67 10.67h10.66L21.33 0H10.67z""/></svg>"
b3c9803cc62fa3a5074a40332ed1914b,"<svg xmlns=""http://www.w3.org/2000/svg"" width=""256"" height=""256"" viewBox=""0 0 256 256""><path d=""M178.49 10.67a10.67 10.67 0 0 1-10.66 10.66H10.67A10.67 10.67 0 0 1 0 10.67V10.67C0 4.77 4.77 0 10.67 0h157.16c5.9 0 10.67 4.77 10.67 10.67m-167.46 0v10.66h157.16V10.67zM160 160H32l-10.67-10.67L32 128h128zm-10.67-10.67L128 128H32l-10.67-10.67z""/></svg>"
4b3c3ff3dcac0299c4c7c83307487357,"<svg xmlns=""http://www.w3.org/2000/svg"" width=""256"" height=""256"" viewBox=""0 0 256 256""><path fill=""currentColor"" d=""M197.48 10.67a10.67 10.67 0 0 1-10.67 10.66H10.67A10.67 10.67 0 0 1 0 10.67V0h197.48zM10.67 160v-10.67h176V160zm176 10.67c0 58.88-47.79 106.66-106.67 106.66S0 218.88 0 160s47.79-106.67 106.67-106.67C153.6 53.33 201.39 0 256 0s-102.4 53.33-102.4 106.67""/></svg>"
20986efd4f1d0ec5b9b56785d47d965e,"<svg xmlns=""http://www.w3.org/2000/svg"" width=""256"" height=""256"" viewBox=""0 0 256 256""><path fill=""#979797"" d=""M184.43 0H16.01C7.21 0 0 7.21 0 16.01v192c0 8.8 7.21 16.01 16.01 16.01h168.42c8.8 0 16.01-7.21 16.01-16.01V16.01C200.44 7.21 193.23 0 184.43 0m-16.01 192H16.01V16.01h152.41z""/><path fill=""#979797"" d=""M104.43 48a8 8 0 0 1 8 8v16a8 8 0 0 1-16 0V56a8 8 0 0 1 8-8m0 40a8 8 0 0 1 8 8v16a8 8 0 0 1-16 0v-16a8 8 0 0 1 8-8""/></svg>"
2851c25b3ceb6e15363bd1e8e6b0b8e8,"<svg xmlns=""http://www.w3.org/2000/svg"" width=""256"" height=""256"" viewBox=""0 0 256 256""><path fill=""#97b4d8"" d=""M192.01 106.67a10.67 10.67 0 0 1-10.66 10.66H10.67A10.67 10.67 0 0 1 0 117.33v-.01l.01-10.66c0-17.65 14.35-32 32-32h149.34c17.65 0 32 14.35 32 32zm-10.66 0V128L128 160z""/><path fill=""#97b4d8"" d=""m128 160 10.67-10.67v-10.66l-10.67-10.66zM128 128l-10.67-10.67v-10.66l10.67-10.67z""/></svg>"
bf12a0c8-379b-4661-af84-94a26b15a80e,"<svg xmlns=""http://www.w3.org/2000/svg"" width=""256"" height=""256"" fill=""none"" viewBox=""0 0 256 256""><g stroke=""#1c274c"" stroke-linecap=""round"" stroke-width=""16""><path d=""M85.33 96H0""/><path d=""m106.67 96-10.66 10.67L96 106.67""/></g></svg>"
93bac8b8e5cfb84cfd53f337293f9775,"<svg xmlns=""http://www.w3.org/2000/svg"" width=""256"" height=""256"" viewBox=""0 0 256 256""><path fill=""#4d4d4d"" d=""M189.73 10.67h-160a10.67 10.67 0 0 0 0 21.33h160a10.67 10.67 0 0 0 0-21.33m-160 128H10.67v-64h160zm160-10.67V128h-160v-64z""/><path fill=""#4d4d4d"" d=""M106.67 106.67a10.67 10.67 0 1 0 21.33 0 10.67 10.67 0 1 0-21.33 0""/><path fill=""#4d4d4d"" d=""M106.67 160a10.67 10.67 0 1 0 21.33 0 10.67 10.67 0 1 0-21.33 0""/></svg>"
ce54df39bd2cc3f034d0e9ad37b57e54,"<svg xmlns=""http://www.w3.org/2000/svg"" width=""256"" height=""256"" viewBox=""0 0 256 256""><path d=""M197.48 0H20.52C9.14 0 0 9.14 0 20.52v146.86c0 11.38 9.14 20.52 20.52 20.52h176.96c11.38 0 20.52-9.14 20.52-20.52V20.52C218 9.14 208.86 0 197.48 0m-17.06 163.48a17.06 17.06 0 1 1 0-34.12 17.06 17.06 0 0 1 0 34.12m-56.52 0a17.06 17.06 0 1 1 0-34.12 17.06 17.06 0 0 1 0 34.12m-56.52 0a17.06 17.06 0 1 1 0-34.12 17.06 17.06 0 0 1 0 34.12""/></svg>"
363d477f8036ac66e42ead865d12c9e8,"<svg xmlns=""http://www.w3.org/2000/svg"" width=""256"" height=""256"" viewBox=""0 0 256 256""><path d=""M149.33 85.33a74.67 74.67 0 1 0-149.33 0A74.67 74.67 0 0 0 149.33 85.33m-128 0a53.33 53.33 0 1 1 106.67 0 53.33 53.33 0 0 1-106.67 0""/><path d=""M149.33 160a74.67 74.67 0 1 0 149.34 0 74.67 74.67 0 0 0-149.34 0m-128 0a53.33 53.33 0 1 1 106.67 0 53.33 53.33 0 0 1-106.67 0""/></svg>"
afda3458e088c1f3d2bf6ade3d448fa6,"<svg xmlns=""http://www.w3.org/2000/svg"" width=""256"" height=""256"" viewBox=""0 0 256 256""><path d=""M84.79 10.67a10.67 10.67 0 0 1-10.66-10.66V0H64v10.67c0 5.89 4.78 10.67 10.66 10.67h10.67zm-10.66 0L64 0l-10.67 10.67zM10.67 10.67C4.78 10.67 0 15.46 0 21.33s4.78 10.66 10.67 10.66h10.66v10.66H10.67z""/></svg>"
f79a5b0b-ca8a-492f-9edd-4c09fe80ad34,"<svg xmlns=""http://www.w3.org/2000/svg"" width=""256"" height=""256"" fill=""none"" viewBox=""0 0 256 256""><path stroke=""#000"" stroke-linecap=""round"" stroke-linejoin=""round"" stroke-width=""21.33"" d=""M85.33 42.67h-64m64 0v-64m-64 0H0m64 0v64m-64 0h64""/></svg>"
eeb810ad1f6d55ae95bd61cb3cf9d54b,"<svg xmlns=""http://www.w3.org/2000/svg"" width=""256"" height=""256"" viewBox=""0 0 256 256""><path fill=""#231815"" d=""M197.44 0H18.56A18.6 18.6 0 0 0 0 18.56v178.88a18.6 18.6 0 0 0 18.56 18.56h178.88a18.6 18.6 0 0 0 18.56-18.56V18.56A18.6 18.6 0 0 0 197.44 0m-17.92 179.2H17.92V17.92h161.92z""/><path fill=""#ff9f43"" d=""M102.4 102.4H64c-3.52 0-6.4-2.88-6.4-6.4s2.88-6.4 6.4-6.4h38.4c3.52 0 6.4 2.88 6.4 6.4s-2.88 6.4-6.4 6.4""/></svg>"
9eff1981af2d3adfdfa60004557b43a4,"<svg xmlns=""http://www.w3.org/2000/svg"" width=""256"" height=""256"" viewBox=""0 0 256 256""><path fill=""#979797"" d=""M48.01 192a8 8 0 0 1-5.66-2.34L2.34 104.01a8 8 0 0 1 0-11.3l42.67-42.67a8 8 0 0 1 11.3 0l106.66 106.66a8 8 0 0 1 0 11.3l-42.66 42.67a8 8 0 0 1-5.66 2.34""/></svg>"
30d5bc926cf885da954cfe2ed9bca5e0,"<svg xmlns=""http://www.w3.org/2000/svg"" width=""256"" height=""256"" viewBox=""0 0 256 256""><path fill=""#272636"" d=""M94.8 189.6a94.8 94.8 0 1 1 94.8-94.8 94.8 94.8 0 0 1-94.8 94.8m0-176.4A81.6 81.6 0 1 0 176.4 94.8 81.6 81.6 0 0 0 94.8 17.4""/><path fill=""#272636"" d=""M104.4 176.4H94.8v-17.4h17.4zm-17.4-158.8c-1.2 0-2-.4-2.8-1.2l-1.2-1.2c-.4-1.2-.4-2.8 0-4s1.2-1.2 2.8-1.2l1.2 1.2c1.2 0 2 .4 2.8 1.2 0 1.2-.4 2.8-1.2 4L94.8 158.8V94.8zM94.8 158.8c-1.2 0-2-.4-2.8-1.2l-1.2-1.2c-.4-1.2-.4-2.8 0-4s1.2-1.2 2.8-1.2l1.2 1.2c1.2 0 2 .4 2.8 1.2 0 1.2-.4 2.8-1.2 4z""/></svg>"
87fc9ad6d0953f556f3f0d36a9e6abee,"<svg xmlns=""http://www.w3.org/2000/svg"" width=""256"" height=""256"" viewBox=""0 0 256 256""><path fill=""#272636"" d=""M128 0C57.42 0 0 57.42 0 128s57.42 128 128 128 128-57.42 128-128S198.58 0 128 0m0 234.67c-58.88 0-106.67-47.79-106.67-106.67S69.12 21.33 128 21.33 234.67 69.12 234.67 128 186.88 234.67 128 234.67""/><path fill=""#272636"" d=""M128 106.67a10.67 10.67 0 0 1 10.67 10.66v42.66H160A10.67 10.67 0 0 1 160 160h-42.67V160a10.67 10.67 0 0 1-10.66-10.67H106.67V128a10.67 10.67 0 0 1-10.66 10.67z""/></svg>"
068efa43794f885e51025d7fd682f50e,"<svg xmlns=""http://www.w3.org/2000/svg"" viewBox=""0 0 256 256""><rect fill=""black"" width=""256"" height=""256""/></svg>"
fe163c205f88c88bd83c9eeefb5cf5f7,"<svg xmlns=""http://www.w3.org/2000/svg"" width=""256"" height=""256"" viewBox=""0 0 256 256""><path d=""M149.33 170.67a85.33 85.33 0 1 1-170.66 0 85.33 85.33 0 0 1 170.66 0m-128-10.67A106.67 106.67 0 1 0 213.33 160a106.67 106.67 0 0 0-106.66-106.67""/><path d=""M149.33 170.67c-2.13 0-4.26-.53-6.4-1.07l-42.66-42.66a10.67 10.67 0 0 1 0-15.15L143.47 10.67a10.67 10.67 0 0 1 15.15 0l42.66 42.66a10.67 10.67 0 0 1 0 15.15l-42.66 42.66a10.67 10.67 0 0 1-6.4 3.2""/></svg>"
592e346300a900eac1eb0fa0b32ae657,"<svg xmlns=""http://www.w3.org/2000/svg"" width=""256"" height=""256"" viewBox=""0 0 256 256""><path fill=""#f4c9d8"" d=""M72.53 106.67h-16v-64h16z""/><path fill=""#fff"" d=""m106.67 106.67 10.66-10.66V64H96v42.67l-10.67 10.66zm-10.66-10.66L96 64v42.67l10.67-10.66zM192 0a21.33 21.33 0 0 1 21.33 21.33v149.34A21.33 21.33 0 0 1 192 192H21.33A21.33 21.33 0 0 1 0 170.67V21.33A21.33 21.33 0 0 1 21.33 0z""/></svg>"
1cb3f7c5409a7bc41be0c8192a60cb97,"<svg xmlns=""http://www.w3.org/2000/svg"" width=""256"" height=""256"" viewBox=""0 0 256 256""><path fill=""#4e5969"" d=""M187.73 0H28.44A28.44 28.44 0 0 0 0 28.44v159.72a28.44 28.44 0 0 0 28.44 28.44h159.72a28.44 28.44 0 0 0 28.44-28.44V28.44A28.44 28.44 0 0 0 187.73 0m-15.79 159.72c0 8.83-7.26 15.79-15.79 15.79H28.44c-8.83 0-15.79-7.26-15.79-15.79V28.44c0-8.83 7.26-15.79 15.79-15.79h159.72c8.83 0 15.79 7.26 15.79 15.79z""/><path fill=""#4e5969"" d=""M159.72 102.31H28.44a7.11 7.11 0 0 1 0-14.22h131.28a7.11 7.11 0 0 1 0 14.22""/></svg>"
afe06d3bbc251bbd6aaeb0ebedf1191c,"<svg xmlns=""http://www.w3.org/2000/svg"" viewBox=""0 0 256 256""><rect fill=""black"" width=""256"" height=""256""/></svg>"
992e35eb052c94802ca82064711a49c9,"<svg xmlns=""http://www.w3.org/2000/svg"" width=""256"" height=""256"" viewBox=""0 0 256 256""><path d=""M184 72H8a8 8 0 0 1-8-8V8a8 8 0 0 1 8-8h176a8 8 0 0 1 8 8v56a8 8 0 0 1-8 8m-96 48H8a8 8 0 0 1-8-8V8a8 8 0 0 1 8-8h96a8 8 0 0 1 8 8v56a8 8 0 0 1-8 8m-96-48H8a8 8 0 0 1-8-8V8a8 8 0 0 1 8-8h96a8 8 0 0 1 8 8v56a8 8 0 0 1-8 8""/></svg>"
24b34f9251b33158b5fbb94a430cedaf,"<svg xmlns=""http://www.w3.org/2000/svg"" width=""256"" height=""256"" viewBox=""0 0 256 256""><path d=""M184 0H24C10.77 0 0 10.77 0 24v160c0 13.23 10.77 24 24 24h160c13.23 0 24-10.77 24-24V24c0-13.23-10.77-24-24-24m-16 192H32V32h144z""/></svg>"
f5195281cbde1f30eb5a15aa0fd70bbe,"<svg xmlns=""http://www.w3.org/2000/svg"" width=""256"" height=""256"" viewBox=""0 0 256 256""><rect x=""0"" y=""0"" width=""256"" height=""256"" fill=""white""/><circle cx=""128"" cy=""128"" r=""64"" fill=""black""/></svg>"
af1e68518f76d8d893cd2eee9415c11d,"<svg xmlns=""http://www.w3.org/2000/svg"" width=""256"" height=""256"" viewBox=""0 0 256 256""><path fill=""#272636"" d=""M194.88 10.67h-16V0H16v10.67h-16A10.67 10.67 0 0 0 0 21.33v170.66a10.67 10.67 0 0 0 10.67 10.66h184.21l-.01.01a10.67 10.67 0 0 0 10.66-10.66V21.33c0-5.87-4.79-10.67-10.66-10.67m-16 170.66H16V21.33h168.21zm-16-160H16v160h168.21zM16 10.67h168.21L192 10.67z""/><path fill=""#272636"" d=""M106.67 106.67H80v-64h26.67zm-32 0H48v-64h26.67zm-32 0H16v-64h26.67zm-32 0H0v-64h26.67z""/></svg>"
3966e08c3d5f49f093bcf2c55a03afa0,"<svg xmlns=""http://www.w3.org/2000/svg"" width=""256"" height=""256"" fill=""none"" viewBox=""0 0 256 256""><g stroke=""#1c274c"" stroke-linecap=""round"" stroke-width=""16""><path d=""M85.33 192H128v-10.67h-42.67""/><path d=""M128 192V0H0v192h128""/><path d=""m128 192-42.67-42.67""/></g></svg>"
thesantatitan_deepseek-svg-dataset_0000625,"<svg xmlns=""http://www.w3.org/2000/svg"" width=""256"" height=""256"" viewBox=""0 0 256 256""><rect width=""256"" height=""256""/><g transform=""translate(128 128)""><circle r=""19.2"" fill=""#fff""/><path fill=""red"" d=""M44.8 76.8q-12.8 12.8-25.6 0t-25.6-12.8Q0 76.8 0 64q0-12.8 12.8-25.6T25.6 0q12.8 12.8 25.6 0t25.6 12.8q12.8-12.8 25.6 0t25.6 12.8q12.8 12.8 0 25.6t-25.6 12.8""/><path fill=""red"" d=""M44.8 76.8q-12.8 12.8-25.6 0t-25.6-12.8Q0 76.8 0 64q0-12.8 12.8-25.6T25.6 0q12.8 12.8 25.6 0t25.6 12.8q12.8 12.8 0 25.6t-25.6 12.8""/><path fill=""red"" d=""M44.8 76.8q-12.8 12.8-25.6 0t-25.6-12.8Q0 76.8 0 64q0-12.8 12.8-25.6T25.6 0q12.8 12.8 25.6 0t25.6 12.8q12.8 12.8 0 25.6t-25.6 12.8""/></g></svg>"
0c4c70a3672a69359fc35986cec3a40e,"<svg xmlns=""http://www.w3.org/2000/svg"" width=""256"" height=""256"" viewBox=""0 0 256 256""><path fill=""#4d4d4d"" d=""M178.93 104.4a10.67 10.67 0 0 0-10.66 10.67v10.66H10.67V125.07a10.67 10.67 0 0 0-10.66-10.67h-.1l-1.17-1.17C.1 102.35 0 100.2 0 98.13c0-2.13.1-4.27 1.17-6.4L10.67 85.33h160.16l1.17-1.17c.1-2.13.1-4.27 1.17-6.4s1.17-4.27 3.2-6.4l1.17-1.17c1.07-1.07 2.13-1.07 3.2-1.07 2.13 0 4.27 1.07 6.4 1.07l1.17 1.17c2.13 2.13 4.27 4.27 6.4 6.4l1.17 1.17c1.07 1.07 1.07 2.13 1.07 3.2s0 2.13-1.07 3.2l-1.17 1.17c-1.07 1.07-2.13 1.07-3.2 1.07h-160.16zM10.67 10.67A10.67 10.67 0 0 0 0 21.33v10.66h192V21.33a10.67 10.67 0 0 0-10.67-10.66zm160 106.67a10.67 10.67 0 0 0-10.66 10.66v10.66h-192v-10.66a10.67 10.67 0 0 0-10.67-10.66V21.33h192z""/></svg>"
c34bc238145cb0dcdd1ec8101ec219e0,"<svg xmlns=""http://www.w3.org/2000/svg"" width=""256"" height=""256"" viewBox=""0 0 256 256""><path fill=""#4d4d4d"" d=""M97.8 195.6c-50.8 0-92.4-41.6-92.4-92.4s41.6-92.4 92.4-92.4 92.4 41.6 92.4 92.4-41.6 92.4-92.4 92.4m0-176.4C47.2 19.2 19.2 47.2 19.2 97.8S47.2 180 97.8 180s78.6-41.6 78.6-92.4S148.4 19.2 97.8 19.2""/><path fill=""#4d4d4d"" d=""M107.4 112.4a10.6 10.6 0 0 1-10.6-10.6V61.8a10.6 10.6 0 0 1 21.2 0v39.8a10.6 10.6 0 0 1-10.6 10.6m-21.2-10.6h-.2l-.2-.2c-1.4-1.4-3.8-1.4-5.2 0L76.2 81.8H55.4a10.6 10.6 0 0 1-10.6-10.6V61.8a10.6 10.6 0 0 1 21.2 0v39.8a10.6 10.6 0 0 1-10.6 10.6m-21.2-10.6h-.2l-.2-.2c-1.4-1.4-3.8-1.4-5.2 0L55.4 81.8H34.6a10.6 10.6 0 0 1-10.6-10.6V61.8a10.6 10.6 0 0 1 21.2 0v39.8a10.6 10.6 0 0 1-10.6 10.6""/></svg>"
a76155e15411f7f5fd94bc02a4ab6941,"<svg xmlns=""http://www.w3.org/2000/svg"" width=""256"" height=""256"" viewBox=""0 0 256 256""><rect fill=""black"" height=""256"" width=""256""/></svg>"
ac2b7fa7392fe4da83562436461a28ca,"<svg xmlns=""http://www.w3.org/2000/svg"" width=""256"" height=""256"" viewBox=""0 0 256 256""><path fill=""#4e8cee"" d=""M97.28 102.4a102.4 102.4 0 1 0-102.4 102.4A102.4 102.4 0 0 0 97.28 102.4m0-17.07c-46.93 0-85.33 38.4-85.33 85.33s38.4 85.34 85.33 85.34 85.34-38.4 85.34-85.34S144.21 17.07 97.28 17.07""/><path fill=""#4e8cee"" d=""M102.4 17.07h-.85v-.85l-1.71 1.71L102.4 17.07zm-1.71 17.07H97.28V17.07h.85l1.71 1.71zM102.4 0h-.85l-1.71 1.71v17.07h.85l1.71-1.71zm-1.71 17.07H97.28V17.07h.85l1.71 1.71z""/></svg>"
65f76990299ca74cd6deef0395202bbb,"<svg xmlns=""http://www.w3.org/2000/svg"" width=""256"" height=""256"" viewBox=""0 0 256 256""><path fill=""currentColor"" d=""M197.48 10.67h-16V0H16v10.67h-16A10.67 10.67 0 0 0 0 21.33v149.34a10.67 10.67 0 0 0 10.67 10.66h181.33a10.67 10.67 0 0 0 10.66-10.66V21.33a10.67 10.67 0 0 0-10.66-10.66m-16 149.34c0 5.89-4.78 10.67-10.66 10.67H21.33c-5.88 0-10.66-4.78-10.66-10.67V21.33c0-5.89 4.78-10.67 10.66-10.67h160c5.88 0 10.66 4.78 10.66 10.67z""/><path fill=""currentColor"" d=""M106.67 10.67h-64C21.33 10.67 0 32 0 64v106.67c0 32 21.33 53.33 53.33 53.33h64c32 0 53.33-21.33 53.33-53.33V64c0-32-21.33-53.33-53.33-53.33""/></svg>"
5a414dc713e9d2967474bb9394789712,"<svg xmlns=""http://www.w3.org/2000/svg"" width=""256"" height=""256"" viewBox=""0 0 256 256""><path fill=""#4e8cee"" d=""M179.2 0H25.6C11.52 0 0 11.52 0 25.6v128c0 14.08 11.52 25.6 25.6 25.6h153.6c14.08 0 25.6-11.52 25.6-25.6V25.6C204.8 11.52 193.28 0 179.2 0""/></svg>"
f964d85da109fe4774a76a7b5acce9d5,"<svg xmlns=""http://www.w3.org/2000/svg"" width=""256"" height=""256"" viewBox=""0 0 256 256""><path fill=""#47c98e"" d=""M160 16v16h-16V16H8a8 8 0 0 0-8 8v160a8 8 0 0 0 8 8h144a8 8 0 0 0 8-8V24a8 8 0 0 0-8-8m-16 16v160H16V24z""/><path fill=""#47c98e"" d=""M160 16v16h-16V16H8a8 8 0 0 0-8 8v160a8 8 0 0 0 8 8h144a8 8 0 0 0 8-8V24a8 8 0 0 0-8-8m-16 16v160H16V24z""/><path fill=""#47c98e"" d=""M160 16v16h-16V16H8a8 8 0 0 0-8 8v160a8 8 0 0 0 8 8h144a8 8 0 0 0 8-8V24a8 8 0 0 0-8-8m-16 16v160H16V24z""/></svg>"
2559b460433538b805da78a4248053c4,"<svg xmlns=""http://www.w3.org/2000/svg"" width=""256"" height=""256"" viewBox=""0 0 256 256""><path d=""M184.79 16H16A16 16 0 0 0 0 32v160a16 16 0 0 0 16 16h168.79c8.85 0 16-7.15 16-16V32c0-8.85-7.15-16-16-16m-16 160H16V32h168.79zM16 16h168.79l-.01 16H16zm168.79 0L160 32h16.79z""/><path d=""M104.79 160a16 16 0 1 0 32 0 16 16 0 1 0-32 0""/></svg>"
6171431e6fd4be7aec781fe6f86a7260,"<svg xmlns=""http://www.w3.org/2000/svg"" width=""256"" height=""256"" fill=""none"" viewBox=""0 0 256 256""><g stroke=""#000"" stroke-linecap=""round"" stroke-linejoin=""round"" stroke-width=""21.33""><path d=""M48 74.67h-10.67v-64H96V74.67""/><path d=""M106.67 106.67c0 17.71-14.29 32-32 32s-32-14.29-32-32 14.29-32 32-32 32 14.29 32 32m-32 0a10.67 10.67 0 0 0 0 21.33 10.67 10.67 0 0 0 0-21.33""/><path d=""M106.67 106.67c0 17.71-14.29 32-32 32s-32-14.29-32-32 14.29-32 32-32 32 14.29 32 32""/><path d=""M106.67 106.67C106.67 47.79 154.61 0 213.33 0h21.34c58.72 0 106.66 47.79 106.66 106.67v21.34c0 58.72-47.94 106.66-106.66 106.66H106.67z""/></g></svg>"
dc9937b7f8ac24ae5cfeb6292e174339,"<svg xmlns=""http://www.w3.org/2000/svg"" width=""256"" height=""256"" viewBox=""0 0 256 256""><path fill=""#474a54"" d=""M198.4 102.4H128v-64h70.4c12.8 0 22.4 10.24 22.4 22.4s-9.6 22.4-22.4 22.4m-128 0V22.4C70.4 10.24 60.16 0 47.36 0S25.6 10.24 25.6 22.4v64z""/><path fill=""#474a54"" d=""M198.4 102.4H128v-64h70.4c12.8 0 22.4 10.24 22.4 22.4s-9.6 22.4-22.4 22.4m-128 0V22.4C70.4 10.24 60.16 0 47.36 0S25.6 10.24 25.6 22.4v64z""/><path fill=""#00b1bc"" d=""M198.4 102.4H128v-64h70.4c12.8 0 22.4 10.24 22.4 22.4s-9.6 22.4-22.4 22.4m-128 0V22.4C70.4 10.24 60.16 0 47.36 0S25.6 10.24 25.6 22.4v64z""/><path fill=""#474a54"" d=""M198.4 102.4H128v-64h70.4c12.8 0 22.4 10.24 22.4 22.4s-9.6 22.4-22.4 22.4m-128 0V22.4C70.4 10.24 60.16 0 47.36 0S25.6 10.24 25.6 22.4v64z""/></svg>"
09ffc9113cc361c62d1093d82385ccc9,"<svg xmlns=""http://www.w3.org/2000/svg"" width=""256"" height=""256"" viewBox=""0 0 256 256""><path fill=""#272636"" d=""M194.88 10.67a10.67 10.67 0 0 1-10.67 10.66H10.67A10.67 10.67 0 0 1 0 10.67V0h194.88zM10.67 160v-10.67a10.67 10.67 0 0 1 10.66-10.66h174.45l-21.33-21.33a10.67 10.67 0 0 1 0-15.08L194.88 10.67H10.67z""/><path fill=""#272636"" d=""m194.88 106.67-21.33-21.34a10.67 10.67 0 0 1 0-15.08l21.33-21.33a10.67 10.67 0 0 1 15.08 0l21.33 21.33a10.67 10.67 0 0 1 0 15.08l-21.33 21.34a10.67 10.67 0 0 1-15.08 0""/></svg>"
7794bf395f0e23235313e6f6b64824b8,"<svg xmlns=""http://www.w3.org/2000/svg"" width=""256"" height=""256"" viewBox=""0 0 256 256""><rect x=""0"" y=""0"" width=""256"" height=""256"" fill=""white""/><circle cx=""128"" cy=""128"" r=""64"" fill=""#333""/></svg>"
66065b7a-be96-4ad5-8d3e-2510c38e9312,"<svg xmlns=""http://www.w3.org/2000/svg"" width=""256"" height=""256"" fill=""none"" viewBox=""0 0 256 256""><g stroke=""#1c274c"" stroke-linecap=""round"" stroke-width=""16""><path d=""M89.6 102.4h-64C16 102.4 0 118.4 0 134.4v44.8c0 16 16 32 32 32h128c16 0 32-16 32-32V134.4c0-16-16-32-32-32""/><path d=""m128 134.4-12.8-12.8L128 121.6l12.8-12.8""/></g></svg>"
bb383be6-efd5-4266-858d-26dd6e01382e,"<svg xmlns=""http://www.w3.org/2000/svg"" width=""256"" height=""256"" fill=""none"" viewBox=""0 0 256 256""><g stroke=""#1c274c"" stroke-linecap=""round"" stroke-width=""16""><path d=""M85.33 96H64v-32h21.33""/><path d=""M128 96V64a10.67 10.67 0 0 0-21.33 0v32H96""/><path d=""M128 128H64a10.67 10.67 0 0 0-21.33 0h64""/><path d=""M128 160H64a10.67 10.67 0 0 0-21.33 0h64""/><path d=""M128 192H64a10.67 10.67 0 0 0-21.33 0h64""/></g></svg>"
81aca13a-c934-4433-a8f9-847b9ab81581,"<svg xmlns=""http://www.w3.org/2000/svg"" width=""256"" height=""256"" viewBox=""0 0 256 256""><rect x=""0"" y=""0"" width=""256"" height=""256"" fill=""white""/><circle cx=""128"" cy=""128"" r=""64"" fill=""#00c8ff""/></svg>"
0bdead1c59587f304730dc559bd0077d,"<svg xmlns=""http://www.w3.org/2000/svg"" viewBox=""0 0 256 256""><circle cx=""128"" cy=""128"" r=""128"" fill=""#f5f0e0""/><path d=""M64 72h80l24 24H64z"" fill=""#ffa500""/><path d=""M64 72v88h128V96l-24-24H64z"" fill=""#ffb347""/><path fill=""#FFFF00"" d=""M165.14 148.26h-23.39v-13.17h23.39a7.68 7.68 0 0 0 0-15.36h-14.08l15.65-17.84a7.68 7.68 0 1 0-11.52-10.14l-21.12 24.01-21.06-24.01a7.68 7.68 0 0 0-11.52 10.14l15.62 17.84h-18.39a7.68 7.68 0 0 0 0 15.36h23.36v13.17h-23.38a7.68 7.68 0 0 0 0 15.36h23.38v13.7a7.68 7.68 0 0 0 15.36 0v-13.7h23.39a7.68 7.68 0 0 0 0-15.36""/></svg>"
cd1983cf12ee2015f55b6234a90ca5aa,"<svg xmlns=""http://www.w3.org/2000/svg"" width=""256"" height=""256"" viewBox=""0 0 256 256""><path fill=""#4e8cee"" d=""M197.33 0H18.67C8.53 0 0 8.53 0 18.67v170.66c0 10.14 8.53 18.67 18.67 18.67h178.66c10.14 0 18.67-8.53 18.67-18.67V18.67C216 8.53 207.47 0 197.33 0m-17.6 176a8 8 0 0 1-8 8H18.67a8 8 0 0 1-8-8V18.67a8 8 0 0 1 8-8h178.66a8 8 0 0 1 8 8z""/><path fill=""#4e8cee"" d=""M18.67 160h170.66v21.33H18.67zm170.66-42.67H18.67V160h170.66zM18.67 106.67h170.66v21.34H18.67z""/></svg>"
c03c6485-765b-4c86-9bfd-4428fb1ef0b5,"<svg xmlns=""http://www.w3.org/2000/svg"" width=""256"" height=""256"" fill=""none"" viewBox=""0 0 256 256""><g stroke=""#1c274c"" stroke-width=""16""><path d=""M85.33 96h-64C21.33 96 0 74.67 0 53.33V32a32 32 0 0 1 32-32h128a32 32 0 0 1 32 32v21.33a32 32 0 0 1-32 32H128""/><path d=""M128 106.67h-64c-17.71 0-32-14.29-32-32s14.29-32 32-32h64c17.71 0 32 14.29 32 32s-14.29 32-32 32m0-42.67c-17.71 0-32-14.29-32-32S110.29 32 128 32s32 14.29 32 32-14.29 32-32 32""/><circle cx=""128"" cy=""128"" r=""21.33""/></g></svg>"
00dc7f04-c2ce-441b-8ebf-431d6d23eaec,"<svg xmlns=""http://www.w3.org/2000/svg"" width=""256"" height=""256"" fill=""none"" viewBox=""0 0 256 256""><g stroke=""#1c274c"" stroke-linecap=""round"" stroke-width=""16""><path d=""M89.6 102.4h-64C16 102.4 0 118.4 0 134.4v64c0 16 16 32 32 32s32-16 32-32V134.4c0-16 16-32 32-32""/><path d=""m115.2 102.4-12.8 12.8L128 128l-12.8-12.8""/></g></svg>"
2707ad13f72707b60f69c3811701c1b5,"<svg xmlns=""http://www.w3.org/2000/svg"" width=""256"" height=""256"" viewBox=""0 0 256 256""><path fill=""#4d4d4d"" d=""M178.93 10.67h-16V0H10.67v10.67H0v128a10.67 10.67 0 0 0 10.67 10.66h160a10.67 10.67 0 0 0 10.66-10.66v-128zM16 128h149.33v-10.67H16zm149.33-10.67V16H16v10.67z""/><path fill=""#4d4d4d"" d=""M106.67 106.67H80v-10.66h26.67zm0-32H80v-10.66h26.67zm0-32H80V42.67h26.67zm0-32H80V10.67h26.67zm0-32H80V0h26.67zm0-32H80v10.67h26.67z""/></svg>"
fcbd3dd0f3205055864a080f786642fe,"<svg xmlns=""http://www.w3.org/2000/svg"" width=""256"" height=""256"" viewBox=""0 0 256 256""><path d=""M197.48 10.67a10.67 10.67 0 0 1 10.67 10.66v128A10.67 10.67 0 0 1 197.48 160H10.67A10.67 10.67 0 0 1 0 149.33V10.67A10.67 10.67 0 0 1 10.67 0h186.82zM186.82 160H10.67v-128h176.15zm-10.67-10.66L160 128l-26.67-26.67z""/></svg>"
1b345ad059582af46300c46bb39ebd70,"<svg xmlns=""http://www.w3.org/2000/svg"" width=""256"" height=""256"" viewBox=""0 0 256 256""><path fill=""#979797"" d=""M48 0h16v16H48zm0 16h16v16H48zm0 16h16v16H48z""/></svg>"
6d950c48fe42ed6b32b64f641d4d0f40,"<svg xmlns=""http://www.w3.org/2000/svg"" width=""256"" height=""256"" fill=""none"" viewBox=""0 0 256 256""><g stroke=""#1c274c"" stroke-linecap=""round"" stroke-width=""16""><path d=""M85.33 96v-64""/><path d=""m128 128-42.67 42.67""/><path d=""M128 128V0""/></g></svg>"
6a6ca488-0ca7-43e0-be5e-3a4bd9d0950c,"<svg xmlns=""http://www.w3.org/2000/svg"" width=""256"" height=""256"" fill=""none"" viewBox=""0 0 256 256""><g stroke=""#000"" stroke-linecap=""round"" stroke-linejoin=""round"" stroke-width=""21.33""><path d=""M85.33 42.67h-64A21.4 21.4 0 0 0 0 64v96a21.4 21.4 0 0 0 21.33 21.33H128a21.4 21.4 0 0 0 21.33-21.33V64a21.4 21.4 0 0 0-21.33-21.33""/><path d=""M128 128c0 17.71-14.29 32-32 32s-32-14.29-32-32 14.29-32 32-32 32 14.29 32 32""/></g></svg>"
57d5c6abde8998c16c29acd67057160a,"<svg xmlns=""http://www.w3.org/2000/svg"" width=""256"" height=""256"" viewBox=""0 0 256 256""><path fill=""#979797"" d=""M48 0h16v16H48zm-16 16v16h16V16zM16 48h16v16H16zm16 16v16h16V64z""/><path fill=""#979797"" d=""M16 16h16v16H16zm16 16v16h16V24z""/></svg>"
f98e788a-cb5b-4f6d-a42f-88f10527d4f1,"<svg xmlns=""http://www.w3.org/2000/svg"" width=""256"" height=""256"" viewBox=""0 0 256 256""><path d=""M84.97 0c-1.6 0-3.2.8-4.27 2.13L2.13 53.33C-.53 54.93 0 57.6 0 60v106.67c0 2.67 1.07 5.33 2.67 7.47l80.53 53.34a10.7 10.7 0 0 0 10.66 0l80.53-53.34c1.6-2.13 2.67-4.8 2.67-7.47V60c0-2.67-1.07-5.33-2.67-7.47L90.17 2.13C88.57 1.07 86.97 0 85.37 0zm0 10.67H21.37L10.67 60v106.67h170.66V60zM10.67 160h170.66v21.33H10.67z""/></svg>"
ab70b374f4f09f6f3702b0c6484597e5,"<svg xmlns=""http://www.w3.org/2000/svg"" width=""256"" height=""256"" viewBox=""0 0 256 256""><path fill=""#4987f9"" d=""M0 128a128 128 0 1 0 256 0 128 128 0 1 0-256 0""/><path fill=""#fff"" d=""m128 106.67 10.67-10.66h-10.67zm-10.67 10.66v-10.66H128zM128 192V128h-10.67v64z""/><path fill=""#fff"" d=""M128 128c-17.71 0-32 14.29-32 32s14.29 32 32 32 32-14.29 32-32-14.29-32-32-32m0 42.67A10.67 10.67 0 0 1 117.33 128 10.67 10.67 0 0 1 128 117.33 10.67 10.67 0 0 1 138.67 128 10.67 10.67 0 0 1 128 138.67""/></svg>"
e4356d8c-b193-4988-8af7-46dbfa0b3906,"<svg xmlns=""http://www.w3.org/2000/svg"" width=""256"" height=""256"" fill=""none"" viewBox=""0 0 256 256""><g stroke=""#000"" stroke-linecap=""round"" stroke-width=""16""><path d=""M84.79 10.67h-64C10.67 10.67 0 21.33 0 32v128c0 10.67 10.67 21.33 21.33 21.33H84.79""/><path d=""M160 10.67V160""/></g></svg>"
3aced3ceb1f4f809cc7362157856a47e,"<svg xmlns=""http://www.w3.org/2000/svg"" width=""256"" height=""256"" viewBox=""0 0 256 256""><path fill=""#272636"" d=""M184.96 16.96a16.96 16.96 0 0 0-16.96-16.96H16.96A16.96 16.96 0 0 0 0 16.96v147.2c0 9.44 7.52 16.96 16.96 16.96h147.2c9.44 0 16.96-7.52 16.96-16.96V16.96zM16.96 12.8C7.52 12.8 0 19.84 0 28.8v147.2c0 9.44 7.52 16.96 16.96 16.96h147.2c9.44 0 16.96-7.52 16.96-16.96V28.8c0-9.44-7.52-16.96-16.96-16.96z""/><path fill=""#272636"" d=""m160.96 128-32-32a16.96 16.96 0 0 0-24 0l-32 32a16.96 16.96 0 0 0 0 24l32 32a16.96 16.96 0 0 0 24 0l32-32a16.96 16.96 0 0 0 0-24""/></svg>"
92ed8fec183f86a232b1a1bad759b94a,"<svg xmlns=""http://www.w3.org/2000/svg"" width=""256"" height=""256"" viewBox=""0 0 256 256""><path fill=""#9e8df4"" d=""M170.67 170.67a96 96 0 1 1-192 0 96 96 0 0 1 192 0""/><path fill=""#9e8df4"" d=""m170.67 154.67-32-32a10.67 10.67 0 0 0-15.08 15.08l32 32a10.67 10.67 0 0 0 15.08 0""/></svg>"
bf5739d50c3812db213e09c84aa7bece,"<svg xmlns=""http://www.w3.org/2000/svg"" width=""256"" height=""256"" viewBox=""0 0 256 256""><path fill=""currentColor"" d=""M184 0H24C10.77 0 0 10.77 0 24v192c0 13.23 10.77 24 24 24h160c13.23 0 24-10.77 24-24V24c-.01-13.23-10.78-24-24-24m-16 208H32V32h144zm-16-160H32V32h144zM16 160h144v16H16z""/><path fill=""currentColor"" d=""M16 160h144v16H16zm0-48h144v16H16zm0-48h144v16H16zm0-48h144v16H16z""/></svg>"
c6a4b8f080508bd24a33f1473686429b,"<svg xmlns=""http://www.w3.org/2000/svg"" width=""256"" height=""256"" viewBox=""0 0 256 256""><path d=""M184.79 10.67a10.67 10.67 0 0 1-10.66 10.66H10.67A10.67 10.67 0 0 1 0 10.67V10.67C0 4.77 4.77 0 10.67 0h163.46c5.9 0 10.67 4.77 10.67 10.67m-163.46 0v10.66h163.46V10.67zM160 106.67H21.33a10.67 10.67 0 0 1 0-21.34H160a10.67 10.67 0 0 1 0 21.34""/></svg>"
8972c992608f4a9abf73a5836aad48a7,"<svg xmlns=""http://www.w3.org/2000/svg"" width=""256"" height=""256"" viewBox=""0 0 256 256""><path fill=""#979797"" d=""M184.53 0H21.33C9.6 0 0 9.6 0 21.33v149.34c0 11.73 9.6 21.33 21.33 21.33h163.2c11.73 0 21.33-9.6 21.33-21.33V21.33C205.87 9.6 196.27 0 184.53 0m-162.13 162.13H184V21.33H21.33z""/><path fill=""#979797"" d=""M106.67 106.67a10.67 10.67 0 0 1-10.66-10.66V21.33a10.67 10.67 0 0 1 21.33 0v74.67a10.67 10.67 0 0 1-10.67 10.66""/></svg>"
f11f5c89bd20cd96350feee81112a947,"<svg xmlns=""http://www.w3.org/2000/svg"" width=""256"" height=""256"" viewBox=""0 0 256 256""><path fill=""#4e5969"" d=""M181.33 0H21.33A21.33 21.33 0 0 0 0 21.33v149.34a21.33 21.33 0 0 0 21.33 21.34h160a21.33 21.33 0 0 0 21.34-21.34V21.33A21.33 21.33 0 0 0 181.33 0m-160 149.33h160V21.33H21.33z""/></svg>"
28ebcd68a26c4a5c3627e0b387634a06,"<svg xmlns=""http://www.w3.org/2000/svg"" width=""256"" height=""256"" viewBox=""0 0 256 256""><path d=""M117.33 0C52.48 0 0 52.48 0 117.33c0 64.85 52.48 117.33 117.33 117.33s117.34-52.48 117.34-117.33S182.19 0 117.33 0m0 21.33a96 96 0 0 1 96 96 96 96 0 0 1-96 96 96 96 0 0 1-96-96 96 96 0 0 1 96-96""/><path fill=""#fff"" d=""M117.33 106.67h-21.34v-21.34l21.34-21.34L128 64l-21.33 21.33z""/></svg>"
92bc76fd445cfb23162ecfb03f75c2a5,"<svg xmlns=""http://www.w3.org/2000/svg"" width=""256"" height=""256"" viewBox=""0 0 256 256""><path fill=""#4d4d4d"" d=""M197.82 0H10.18C4.5 0 0 4.5 0 10.18v177.6c0 5.68 4.5 10.18 10.18 10.18h187.64c5.68 0 10.18-4.5 10.18-10.18V10.18C208 4.5 203.5 0 197.82 0""/><path fill=""#4d4d4d"" d=""M197.82 187.64H10.18a10.18 10.18 0 1 1 0-20.36h187.64a10.18 10.18 0 1 1 0 20.36m-187.64-10.18h187.64a20.36 20.36 0 0 0 20.36-20.36V10.18a20.36 20.36 0 0 0-20.36-20.36H10.18A20.36 20.36 0 0 0 0 10.18v177.64a20.36 20.36 0 0 0 20.36 20.36""/><path fill=""#4d4d4d"" d=""M197.82 177.64H10.18a10.18 10.18 0 1 1 0-20.36h187.64a10.18 10.18 0 1 1 0 20.36m-187.64-10.18h187.64a20.36 20.36 0 0 0 20.36-20.36V10.18a20.36 20.36 0 0 0-20.36-20.36H10.18A20.36 20.36 0 0 0 0 10.18v177.64a20.36 20.36 0 0 0 20.36 20.36""/></svg>"
b8039c02aeb5b7800f5ab6147c25d8da,"<svg xmlns=""http://www.w3.org/2000/svg"" width=""256"" height=""256"" viewBox=""0 0 256 256""><path fill=""currentColor"" d=""m184.79 10.67-10.66 10.66v106.66h-10.66V10.67zM10.67 10.67H0v192h192V10.67zm10.66 10.66v170.66h170.66V21.33z""/><path fill=""currentColor"" d=""M106.67 106.67a10.67 10.67 0 0 1 10.66 10.66v10.66A10.67 10.67 0 0 1 117.33 128H128a10.67 10.67 0 0 1 10.67 10.67v10.66A10.67 10.67 0 0 1 128 160H117.33a10.67 10.67 0 0 1-10.66-10.67v-10.66A10.67 10.67 0 0 1 106.67 128H96a10.67 10.67 0 0 1-10.67-10.67v-10.66A10.67 10.67 0 0 1 96 96h10.67a10.67 10.67 0 0 1 10.66 10.67v10.66A10.67 10.67 0 0 1 106.67 128""/></svg>"
9c3614fc9c9de9db37b36b286e46921e,"<svg xmlns=""http://www.w3.org/2000/svg"" width=""256"" height=""256"" viewBox=""0 0 256 256""><path d=""M184 176H16c-8.8 0-16-7.2-16-16V16C0 7.2 7.2 0 16 0h160c8.8 0 16 7.2 16 16v144c0 8.8-7.2 16-16 16m-16-16h-16v-16h16zm-96-16H16v-16h160zM16 16v144h160V16z""/><path d=""M128 160a8 8 0 0 1-8-8V80l-32 32a8 8 0 0 1-11.32-.08L64 80V8a8 8 0 0 1 16 0v144a8 8 0 0 1-8 8""/></svg>"
f3474be9579d8beda72d1541de40a444,"<svg xmlns=""http://www.w3.org/2000/svg"" width=""256"" height=""256"" viewBox=""0 0 256 256""><path fill=""#4d4d4d"" d=""M197.87 10.67a10.67 10.67 0 0 1 10.66 10.66v128a10.67 10.67 0 0 1-10.66 10.67H10.67A10.67 10.67 0 0 1 0 138.67V10.67A10.67 10.67 0 0 1 10.67 0h177.86a10.67 10.67 0 0 1 10.66 10.67""/><path fill=""#ff4b4b"" d=""M106.67 106.67H85.33a10.67 10.67 0 0 1 0-21.34h21.34a10.67 10.67 0 0 1 0 21.34m0 42.66H85.33a10.67 10.67 0 0 1 0-21.33h21.34a10.67 10.67 0 0 1 0 21.33""/></svg>"
a5d6d0951bccfe94265019f1b8c5ef39,"<svg xmlns=""http://www.w3.org/2000/svg"" width=""256"" height=""256"" viewBox=""0 0 256 256""><path fill=""#47c98e"" d=""M0 128a128 128 0 1 0 256 0 128 128 0 1 0-256 0""/><path fill=""#fff"" d=""m128 128 12.8-12.8L128 115.2l-12.8 12.8z""/><path fill=""#fff"" d=""M128 128v-12.8h12.8V128H128zm-12.8 0v-12.8h12.8v12.8H115.2zM128 128v-12.8h12.8V128H128zm-12.8 0v-12.8h12.8v12.8H115.2z""/></svg>"
9f0782e6-9bf0-4211-9aad-0c6cd8714ac5,"<svg xmlns=""http://www.w3.org/2000/svg"" width=""256"" height=""256"" fill=""none"" viewBox=""0 0 256 256""><path stroke=""#000"" stroke-linecap=""round"" stroke-linejoin=""round"" stroke-width=""21.33"" d=""M85.33 42.67v-32m-32 0V0m32 0v32m-32 0v32""/></svg>"
14187d6297456d67ab32a78e4c8fcdf8,"<svg xmlns=""http://www.w3.org/2000/svg"" width=""256"" height=""256"" viewBox=""0 0 256 256""><path d=""M184.79 16.01a16 16 0 0 0-16-16H16A16 16 0 0 0 0 16v192a16 16 0 0 0 16 16h160a16 16 0 0 0 16-16V32a16 16 0 0 0-16-16m-16 192H16V32h160zm-16-160H16V16h160zM16 16h160v160H16z""/><path d=""M160 160H32c-8.85 0-16-7.15-16-16s7.15-16 16-16h128c8.85 0 16 7.15 16 16s-7.15 16-16 16m0-16c-4.43 0-8 3.57-8 8s3.57 8 8 8h128c4.43 0 8-3.57 8-8s-3.57-8-8-8z""/><path d=""M160 160H32c-8.85 0-16-7.15-16-16s7.15-16 16-16h128c8.85 0 16 7.15 16 16s-7.15 16-16 16m0-16c-4.43 0-8 3.57-8 8s3.57 8 8 8h128c4.43 0 8-3.57 8-8s-3.57-8-8-8z""/></svg>"
819ecc751368a711d824b10b1b727ea2,"<svg xmlns=""http://www.w3.org/2000/svg"" width=""256"" height=""256"" viewBox=""0 0 256 256""><path fill=""#fff"" d=""M128 0C57.42 0 0 57.42 0 128s57.42 128 128 128 128-57.42 128-128S198.58 0 128 0m0 234.67c-58.88 0-106.67-47.79-106.67-106.67S69.12 21.33 128 21.33 234.67 69.12 234.67 128 186.88 234.67 128 234.67""/><path fill=""#fff"" d=""M128 106.67a21.33 21.33 0 1 0 0 42.66 21.33 21.33 0 0 0 0-42.66m0 16A5.33 5.33 0 0 1 133.33 128H96a5.33 5.33 0 0 1 0-10.67h37.33a5.33 5.33 0 0 1 0 10.67""/></svg>"
6b6ad214135060900be917f659dccc26,"<svg xmlns=""http://www.w3.org/2000/svg"" width=""256"" height=""256"" viewBox=""0 0 256 256""><path fill=""#4d4d4d"" d=""M197.87 10.67a10.67 10.67 0 0 1-10.66 10.66H10.67A10.67 10.67 0 0 1 0 10.67V0h197.87zM10.67 160a10.67 10.67 0 0 1-10.66-10.67v-128h197.87v128a10.67 10.67 0 0 1-10.67 10.67zm170.66-10.67a10.67 10.67 0 0 1-10.66 10.67H21.33a10.67 10.67 0 0 1-10.66-10.67V21.33h197.87z""/><path fill=""#4d4d4d"" d=""M106.67 106.67a10.67 10.67 0 0 1-10.66-10.66V53.33a10.67 10.67 0 0 1 21.33 0v42.67a10.67 10.67 0 0 1-10.67 10.66m0-128a10.67 10.67 0 0 1-10.66 10.67v42.66a10.67 10.67 0 0 1 21.33 0V10.67A10.67 10.67 0 0 1 106.67 0""/></svg>"
4826a16f417e94a83afdbf7e22e5a0a9,"<svg xmlns=""http://www.w3.org/2000/svg"" width=""256"" height=""256"" viewBox=""0 0 256 256""><path fill=""currentColor"" d=""M184.79 16.01a16 16 0 0 0-16-16H16A16 16 0 0 0 0 16v160a16 16 0 0 0 16 16h160a16 16 0 0 0 16-16V32a16 16 0 0 0-16-16m-16 160H16V32h160zm-16-160H16V16h160zM16 16h160v16H16z""/><path fill=""#fff"" d=""M104 160c-13.23 0-24-10.77-24-24s10.77-24 24-24 24 10.77 24 24-10.77 24-24 24m0-32c-8.82 0-16 7.18-16 16s7.18 16 16 16 16-7.18 16-16-7.18-16-16-16""/><path fill=""#fff"" d=""M104 160a16 16 0 1 0 0-32 16 16 0 0 0 0 32m-16-48a16 16 0 1 0 0-32 16 16 0 0 0 0 32""/></svg>"
23f7fa2f-ebc0-49d2-9aa3-fd1542efba96,"<svg xmlns=""http://www.w3.org/2000/svg"" width=""256"" height=""256"" fill=""none"" viewBox=""0 0 256 256""><path stroke=""#000"" stroke-linecap=""round"" stroke-linejoin=""round"" stroke-width=""21.33"" d=""M96 48a42.67 42.67 0 1 0-85.33 0v10.67m10.66 0V48m-10.66 0h10.66""/></svg>"
89e6603077a4021a00b49ba81da4f642,"<svg xmlns=""http://www.w3.org/2000/svg"" width=""256"" height=""256"" fill=""none"" viewBox=""0 0 256 256""><g stroke=""#1c274c"" stroke-linecap=""round"" stroke-width=""16""><path d=""M85.33 96H64v-32h21.33""/><path d=""m128 128 10.67-10.67L160 128l-10.67 10.67-10.67-10.67L160 117.33z""/><path d=""M128 128V160l-10.67-10.67L117.33 160""/></g></svg>"
69be32f9806b461e9e8b0af54791b968,"<svg xmlns=""http://www.w3.org/2000/svg"" width=""256"" height=""256"" viewBox=""0 0 256 256""><path d=""M197.48 10.67h-16V0H16v10.67h-16C7.15 10.67 0 17.82 0 27.2v192c0 9.38 7.15 16.53 16 16.53h176c8.85 0 16-7.15 16-16.53V27.2c0-9.38-7.15-16.53-16-16.53m-16 192H16V27.2h176zm-16-10.67a10.67 10.67 0 1 0 0 21.33 10.67 10.67 0 0 0 0-21.33m-16 0a10.67 10.67 0 1 0 0 21.33 10.67 10.67 0 0 0 0-21.33m-16 0a10.67 10.67 0 1 0 0 21.33 10.67 10.67 0 0 0 0-21.33""/></svg>"
45ec68713decbbbdc5d2da29f4a2e543,"<svg xmlns=""http://www.w3.org/2000/svg"" width=""256"" height=""256"" fill=""none"" viewBox=""0 0 256 256""><path stroke=""#000"" stroke-linecap=""round"" stroke-linejoin=""round"" stroke-width=""21.33"" d=""M85.33 42.67h-64A21.4 21.4 0 0 0 0 64v96a21.4 21.4 0 0 0 21.33 21.33H128a21.4 21.4 0 0 0 21.33-21.33V64a21.4 21.4 0 0 0-21.33-21.33m-64 0v96m64 0v-96""/><g fill=""#ffbe68""><path d=""M128 106.67c0 17.71-14.29 32-32 32s-32-14.29-32-32 14.29-32 32-32 32 14.29 32 32""/><path d=""M128 106.67C128 128 112 144 96 144S64 128 64 106.67 74.67 96 96 96s32 14.29 32 32""/></g></svg>"
a65ab6b493eaec46d6a2a2a68c1be344,"<svg xmlns=""http://www.w3.org/2000/svg"" width=""256"" height=""256"" viewBox=""0 0 256 256""><rect fill=""white"" height=""256"" width=""256""/><path fill=""currentColor"" d=""M184.79 10.67a10.67 10.67 0 0 0-15.04 0l-21.33 21.34H10.67v128h170.66V32zM10.67 128h170.66v21.33H10.67zm170.66-10.67L128 128v21.33h21.33z""/><path fill=""currentColor"" d=""m128 128 21.33 21.33v21.34H128z""/></svg>"
e62aec99bb4aa8dd5bcf99ce23e8a3c7,"<svg xmlns=""http://www.w3.org/2000/svg"" width=""256"" height=""256"" viewBox=""0 0 256 256""><path fill=""#4e8cee"" d=""M197.33 10.67A10.67 10.67 0 0 0 186.67 0H10.67A10.67 10.67 0 0 0 0 10.67v170.66a10.67 10.67 0 0 0 10.67 10.66h170.66a10.67 10.67 0 0 0 10.66-10.66V10.67zm-186.66 0h170.66v170.66H10.67z""/><path fill=""#4e8cee"" d=""m160.01 106.67-16-16a10.67 10.67 0 0 0-15.08 0l-16 16a10.67 10.67 0 0 0 0 15.08l16 16a10.67 10.67 0 0 0 15.08 0l16-16a10.67 10.67 0 0 0 0-15.08m-32 0L128 128l-16-16a10.67 10.67 0 0 0-15.08 0l-16 16a10.67 10.67 0 0 0 0 15.08l16 16a10.67 10.67 0 0 0 15.08 0l16-16a10.67 10.67 0 0 0 0-15.08""/></svg>"
8f4d1acdfe3ae945e0d8048ad87bf299,"<svg xmlns=""http://www.w3.org/2000/svg"" width=""256"" height=""256"" viewBox=""0 0 256 256""><path fill=""#444"" d=""M178.93 106.67H16V85.33h162.93zm-16 0v-16H32v16zM16 106.67A10.67 10.67 0 0 1 0 96V85.33a10.67 10.67 0 0 1 10.67-10.66h162.93A10.67 10.67 0 0 1 192 85.33V96a10.67 10.67 0 0 1-10.67 10.67z""/><path fill=""#444"" d=""M16 106.67c0-17.71 14.29-32 32-32s32 14.29 32 32v16H16zm16-16h160v16H32z""/></svg>"
a4aaa1dea134b7ad933bc58f45a8abd7,"<svg xmlns=""http://www.w3.org/2000/svg"" width=""256"" height=""256"" viewBox=""0 0 256 256""><path fill=""#444"" d=""M178.93 10.67a10.67 10.67 0 0 1-10.66 10.66H10.67A10.67 10.67 0 0 1 0 10.67V0h192v10.67zm-160 0a10.67 10.67 0 0 1-10.66 10.66H10.67A10.67 10.67 0 0 1 0 10.67V0h160z""/><path fill=""#444"" d=""M106.67 106.67c-17.71 0-32-14.29-32-32s14.29-32 32-32 32 14.29 32 32-14.29 32-32 32m0-42.67C50.13 64 0 114.13 0 160s50.13 96 106.67 96 106.66-50.13 106.66-96S162.93 64 106.67 64""/></svg>"
84cd7f9519a45bc7ae28c0fb77a6d54c,"<svg xmlns=""http://www.w3.org/2000/svg"" width=""256"" height=""256"" viewBox=""0 0 256 256""><path fill=""#444"" d=""M197.87 104.5a10.67 10.67 0 0 0-10.67 10.67v64c0 5.87-4.77 10.67-10.67 10.67H10.67C4.77 208 0 203.2 0 197.87V10.67C0 4.77 4.77 0 10.67 0h176.53c5.87 0 10.67 4.77 10.67 10.67zm-186.66 0h176.53v186.66H10.67z""/><path fill=""#444"" d=""M106.67 106.67a10.67 10.67 0 0 0 10.66-10.67V53.33a10.67 10.67 0 0 0-21.33 0v42.67a10.67 10.67 0 0 0 10.67 10.66m0-106.67a10.67 10.67 0 0 0 10.66 10.67v42.67a10.67 10.67 0 0 0 21.33 0V53.33a10.67 10.67 0 0 0-10.67-10.67""/></svg>"
5c7a342dd3688343a0e0962a2d7a74d0,"<svg xmlns=""http://www.w3.org/2000/svg"" width=""256"" height=""256"" viewBox=""0 0 256 256""><path d=""M184 0H24C10.77 0 0 10.77 0 24v160c0 13.23 10.77 24 24 24h160c13.23 0 24-10.77 24-24V24c0-13.23-10.77-24-24-24m-9.33 160a8 8 0 0 1-8 8H24a8 8 0 0 1-8-8V24a8 8 0 0 1 8-8h160a8 8 0 0 1 8 8z""/><path d=""M168 160a8 8 0 0 1-8 8H24a8 8 0 0 1-8-8V24a8 8 0 0 1 8-8h160a8 8 0 0 1 8 8zm-104-48L16 160l104-104zM16 160l104-104 104 104z""/></svg>"
ef5081c497027006bd07735208bba911,"<svg xmlns=""http://www.w3.org/2000/svg"" width=""256"" height=""256"" viewBox=""0 0 256 256""><path fill=""currentColor"" d=""M197.48 0H18.52C8.2 0 0 8.2 0 18.52v178.96c0 10.32 8.2 18.52 18.52 18.52h178.96c10.32 0 18.52-8.2 18.52-18.52V18.52C215.99 8.2 207.79 0 197.48 0m-17.9 178.96a17.9 17.9 0 0 1-17.9 17.9H18.52a17.9 17.9 0 0 1-17.9-17.9V18.52a17.9 17.9 0 0 1 17.9-17.9h178.96a17.9 17.9 0 0 1 17.9 17.9z""/><path fill=""currentColor"" d=""M103.74 103.74a35.56 35.56 0 1 0 71.12 0 35.56 35.56 0 1 0-71.12 0""/><path fill=""currentColor"" d=""M103.74 129.3a17.9 17.9 0 1 0 35.8 0 17.9 17.9 0 1 0-35.8 0""/></svg>"
0989e2d303186dcb44ec3d718f0d1d04,"<svg xmlns=""http://www.w3.org/2000/svg"" width=""256"" height=""256"" viewBox=""0 0 256 256""><path d=""M184 0H24A24 24 0 0 0 0 24v176a24 24 0 0 0 24 24h160a24 24 0 0 0 24-24V24a24 24 0 0 0-24-24m-96 192c-4.43 0-8-3.57-8-8s3.57-8 8-8 8 3.57 8 8-3.57 8-8 8m48 0c-4.43 0-8-3.57-8-8s3.57-8 8-8 8 3.57 8 8-3.57 8-8 8m-48 0c-4.43 0-8-3.57-8-8s3.57-8 8-8 8 3.57 8 8-3.57 8-8 8m16-104H16v-8a8 8 0 0 1 8-8h144a8 8 0 0 1 8 8zm0-32H16a8 8 0 0 1-8-8V16a8 8 0 0 1 8-8h144a8 8 0 0 1 8 8v8a8 8 0 0 1-8 8""/></svg>"
245d2a9c92b73bbd58c9e4e97f91b72b,"<svg xmlns=""http://www.w3.org/2000/svg"" width=""256"" height=""256"" viewBox=""0 0 256 256""><path fill=""#4d4d4d"" d=""M197.87 200H18.13C8.53 200 0 191.47 0 181.87V18.13C0 8.53 8.53 0 18.13 0h179.74c9.6 0 18.13 8.53 18.13 18.13v163.74c0 9.6-8.53 18.13-18.13 18.13m-179.74-18.13h179.74a9.1 9.1 0 0 0 9.1-9.1V18.13a9.1 9.1 0 0 0-9.1-9.1H18.13a9.1 9.1 0 0 0-9.1 9.1v163.74a9.1 9.1 0 0 0 9.1 9.1""/><path fill=""#4d4d4d"" d=""M106.67 181.87c-4.27 0-8.53-1.6-11.73-4.8l-42.67-42.67a18.1 18.1 0 0 1-4.8-11.73c0-9.6 7.47-17.07 17.07-17.07s17.07 7.47 17.07 17.07a18.1 18.1 0 0 1-4.8 11.73L94.93 177.07c-3.2 3.2-4.8 7.47-4.8 11.73""/></svg>"
d091e6693343180a934c1509fc164aaf,"<svg xmlns=""http://www.w3.org/2000/svg"" width=""256"" height=""256"" viewBox=""0 0 256 256""><rect x=""0"" y=""0"" width=""256"" height=""256"" fill=""white""/><rect x=""64"" y=""64"" width=""128"" height=""128"" fill=""#4e5969""/></svg>"
3ede34cac54e503b8f9805cc75fcd0d0,"<svg xmlns=""http://www.w3.org/2000/svg"" width=""256"" height=""256"" viewBox=""0 0 256 256""><path fill=""#979797"" d=""M184.4 102.2a56.4 56.4 0 0 0-56.4-56.4c-19.2 0-36.4 8.4-47.6 21.6l-.4.4h-1.2v1.2c0 10.4 8.4 18.8 18.8 18.8s18.8-8.4 18.8-18.8V84.4H128c-19.2 0-36.4 8.4-47.6 21.6L100.4 102.2zm-12.4 10.8c-10.4 0-18.8-8.4-18.8-18.8s8.4-18.8 18.8-18.8 18.8 8.4 18.8 18.8-8.4 18.8-18.8 18.8m-10.8-10.8c-10.4 0-18.8-8.4-18.8-18.8S128 43.6 138.4 43.6s18.8 8.4 18.8 18.8-8.4 18.8-18.8 18.8""/><path fill=""#979797"" d=""M184.4 102.2a56.4 56.4 0 0 0-56.4-56.4c-19.2 0-36.4 8.4-47.6 21.6l-.4.4h-1.2v1.2c0 10.4 8.4 18.8 18.8 18.8s18.8-8.4 18.8-18.8V84.4H128c-19.2 0-36.4 8.4-47.6 21.6L100.4 102.2z""/></svg>"
thesantatitan_deepseek-svg-dataset_0002089,"<svg xmlns=""http://www.w3.org/2000/svg"" width=""256"" height=""256"" viewBox=""0 0 256 256""><rect width=""256"" height=""256""/><g transform=""translate(128 128)""><circle r=""19.2"" fill=""#fff""/><path fill=""red"" d=""M44.8 76.8q-12.8 12.8-25.6 0t-25.6-12.8Q0 76.8 0 64q0-12.8 12.8-25.6T25.6 0q12.8 12.8 25.6 0t25.6 12.8q12.8-12.8 25.6 0t25.6 12.8q12.8 12.8 0 25.6t-25.6 12.8""/><path fill=""red"" d=""M44.8 76.8q-12.8 12.8-25.6 0t-25.6-12.8Q0 76.8 0 64q0-12.8 12.8-25.6T25.6 0q12.8 12.8 25.6 0t25.6 12.8q12.8 12.8 0 25.6t-25.6 12.8""/><path fill=""red"" d=""M44.8 76.8q-12.8 12.8-25.6 0t-25.6-12.8Q0 76.8 0 64q0-12.8 12.8-25.6T25.6 0q12.8 12.8 25.6 0t25.6 12.8q12.8 12.8 0 25.6t-25.6 12.8""/></g></svg>"
7e2b0cf65f4bea635397c5c06288ac5d,"<svg xmlns=""http://www.w3.org/2000/svg"" width=""256"" height=""256"" viewBox=""0 0 256 256""><rect fill=""white"" height=""256"" width=""256""/><path fill=""currentColor"" d=""M184.79 16H16C7.17 16 0 23.17 0 32v160c0 8.83 7.17 16 16 16h168.79c8.83 0 16-7.17 16-16V32c-.03-8.83-7.17-16-16.01-16m-16 160a8 8 0 0 1-8 8H32a8 8 0 0 1-8-8V32a8 8 0 0 1 8-8h144.79a8 8 0 0 1 8 8z""/><path fill=""currentColor"" d=""M168.79 160H32a8 8 0 0 1-8-8V32a8 8 0 0 1 8-8h136.79a8 8 0 0 1 8 8v112a8 8 0 0 1-8 8m-16-16H32a4 4 0 0 0-4 4v112a4 4 0 0 0 4 4h136.79a4 4 0 0 0 4-4V32a4 4 0 0 0-4-4""/></svg>"
e7eab03a78edfdb3292458a0d110d5a7,"<svg xmlns=""http://www.w3.org/2000/svg"" width=""256"" height=""256"" viewBox=""0 0 256 256""><path fill=""#47c98e"" d=""M106.67 106.67a106.67 106.67 0 1 0-106.66 106.66A106.67 106.67 0 0 0 106.67 106.67m0-192C47.79 1.17 1.17 47.79 1.17 106.67s46.62 105.5 106.67 105.5S213.33 155.57 213.33 106.67 166.71 1.17 106.67 1.17""/><path fill=""#47c98e"" d=""M106.67 106.67a106.67 106.67 0 1 0-106.66 106.66A106.67 106.67 0 0 0 106.67 106.67m0-192C47.79 1.17 1.17 47.79 1.17 106.67s46.62 105.5 106.67 105.5 106.66-46.62 106.66-105.5S165.55 1.17 106.67 1.17""/></svg>"
419c943e98115a522ce8d0ceed72e058,"<svg xmlns=""http://www.w3.org/2000/svg"" viewBox=""0 0 256 256""><rect width=""256"" height=""256"" fill=""white""/><text x=""128"" y=""160"" font-size=""160"" text-anchor=""middle"" fill=""black"" font-family=""sans-serif"">?</text></svg>"
96d444b9e253870b0f9c681127a7a60c,"<svg xmlns=""http://www.w3.org/2000/svg"" width=""256"" height=""256"" viewBox=""0 0 256 256""><path fill=""#4d4d4d"" d=""M197.87 17.07H17.07C7.57 17.07 0 24.64 0 33.14v128c0 8.5 7.57 16.07 17.07 16.07h180.8c9.5 0 17.07-7.57 17.07-16.07V33.14c0-8.5-7.57-16.07-17.07-16.07m-17.07 128H34.14v-128h146.26z""/><path fill=""#4d4d4d"" d=""M170.67 17.07H17.07C7.57 17.07 0 24.64 0 33.14v128c0 8.5 7.57 16.07 17.07 16.07h180.8c9.5 0 17.07-7.57 17.07-16.07V33.14c0-8.5-7.57-16.07-17.07-16.07""/></svg>"
8c5f5dc69089a16823a430a679e0e1b6,"<svg xmlns=""http://www.w3.org/2000/svg"" width=""256"" height=""256"" viewBox=""0 0 256 256""><path d=""M178.49 0H27.51C12.22 0 0 12.22 0 27.51v150.98c0 15.29 12.22 27.51 27.51 27.51h150.98c15.29 0 27.51-12.22 27.51-27.51V27.51C205.99 12.22 193.77 0 178.49 0m-15.29 15.29v135.69l-63.1-63.1a15.29 15.29 0 0 0-21.76 0L15.29 150.98V15.29z""/></svg>"
82bbbfbc5d7e8dcce562cb2f8ee1289e,"<svg xmlns=""http://www.w3.org/2000/svg"" width=""256"" height=""256"" viewBox=""0 0 256 256""><path fill=""#49d8c7"" d=""M0 128a128 128 0 1 0 256 0 128 128 0 1 0-256 0""/><path fill=""#fff"" d=""m128 106.67 10.67-10.66v-16h-16V80l-10.66 10.67zm-10.67 10.66L117.33 128H128z""/></svg>"
f4d9e588ca3be28b2257c8bfea9d4f50,"<svg xmlns=""http://www.w3.org/2000/svg"" width=""256"" height=""256"" fill=""none"" viewBox=""0 0 256 256""><path stroke=""#ff9f43"" stroke-linecap=""round"" stroke-width=""16"" d=""M80 74.67h-16c-13.23 0-24 10.77-24 24v16c0 13.23 10.77 24 24 24h16c13.23 0 24-10.77 24-24v-16c0-13.23-10.77-24-24-24""/><g stroke=""#fff"" stroke-linecap=""round"" stroke-width=""16""><path d=""m160 106.67-16-16a21.3 21.3 0 0 0-16 0l-16 16A21.3 21.3 0 0 0 64 128V192H42.67L0 192v-64z""/><path d=""M160 106.67h-16c-13.23 0-24 10.77-24 24v16c0 13.23 10.77 24 24 24h16c13.23 0 24-10.77 24-24v-16c0-13.23-10.77-24-24-24""/></g></svg>"
d949e65e28d18212f411b315efd37426,"<svg xmlns=""http://www.w3.org/2000/svg"" width=""256"" height=""256"" viewBox=""0 0 256 256""><path fill=""#ff9c4d"" d=""M87.5 103.75a12.5 12.5 0 1 0-25 0 12.5 12.5 0 1 0 25 0""/><path fill=""#ff9c4d"" d=""M112.5 103.75a12.5 12.5 0 1 0-25 0 12.5 12.5 0 1 0 25 0""/><path fill=""#f44b4b"" d=""M112.5 103.75a12.5 12.5 0 1 0-25 0 12.5 12.5 0 1 0 25 0""/><path fill=""#f44b4b"" d=""M112.5 103.75a12.5 12.5 0 1 0-25 0 12.5 12.5 0 1 0 25 0""/><path fill=""#fff"" d=""m112.5 103.75-12.5-12.5v-.1l-12.5 12.5V103.7l-12.5-12.5v-.1L75 103.7v.1l-12.5 12.5v.1z""/></svg>"
78b1ba881f33cdc22e61cafd7a1b20a4,"<svg xmlns=""http://www.w3.org/2000/svg"" width=""256"" height=""256"" viewBox=""0 0 256 256""><path fill=""#979797"" d=""M84.8 16c-4.8 0-8.8 3.2-8.8 8s4 8 8.8 8h16v16H84.8zm0-16C38.4 0 0 38.4 0 84.8S38.4 168 84.8 168s84.8-38.4 84.8-84.8S131.2 0 84.8 0m0 16a68.8 68.8 0 0 1 68.8 68.8 68.8 68.8 0 0 1-68.8 68.8A68.8 68.8 0 0 1 16 84.8 68.8 68.8 0 0 1 84.8 16""/></svg>"
16233792e99370718b4d5da5b7c68332,"<svg xmlns=""http://www.w3.org/2000/svg"" viewBox=""0 0 256 256""><rect width=""256"" height=""256"" fill=""white""/><rect x=""40"" y=""80"" width=""176"" height=""120"" fill=""black""/><path d=""M90 80 Q128 40 166 80"" fill=""none"" stroke=""black"" stroke-width=""6""/><line x1=""200"" y1=""80"" x2=""120"" y2=""200"" stroke=""black"" stroke-width=""4""/><circle cx=""128"" cy=""180"" r=""8"" fill=""black""/></svg>"
ee182160475a006959dad8bb4d6d6fbd,"<svg xmlns=""http://www.w3.org/2000/svg"" viewBox=""0 0 256 256""><rect width=""256"" height=""256"" fill=""white""/><rect x=""40"" y=""60"" width=""176"" height=""60"" fill=""#cccccc""/><rect x=""40"" y=""120"" width=""176"" height=""80"" fill=""#2b6cb0""/><g><circle cx=""60"" cy=""180"" r=""6"" fill=""green""/><circle cx=""80"" cy=""180"" r=""6"" fill=""green""/><circle cx=""100"" cy=""180"" r=""6"" fill=""green""/><circle cx=""120"" cy=""180"" r=""6"" fill=""green""/><circle cx=""140"" cy=""180"" r=""6"" fill=""green""/><circle cx=""160"" cy=""180"" r=""6"" fill=""green""/><circle cx=""180"" cy=""180"" r=""6"" fill=""green""/><circle cx=""200"" cy=""180"" r=""6"" fill=""yellow""/></g></svg>"
bf5e875f-ff60-41ae-83f4-fa434d44eac8,"<svg xmlns=""http://www.w3.org/2000/svg"" width=""256"" height=""256"" fill=""none"" viewBox=""0 0 256 256""><g stroke=""#000"" stroke-linecap=""round"" stroke-linejoin=""round"" stroke-width=""21.33""><path d=""M48 74.67c-9.07 0-16 7.47-16 16s6.93 16 16 16h106.67a10.67 10.67 0 0 0 0-21.33H48c-9.07 0-16-7.46-16-16""/><path d=""m106.67 10.67 10.66 10.66L128 0l-21.33 21.33z""/></g></svg>"
22d7d3facdcbf22bb0dbf76407b98b4b,"<svg xmlns=""http://www.w3.org/2000/svg"" viewBox=""0 0 256 256""><rect width=""256"" height=""256"" fill=""white""/><rect x=""90"" y=""100"" width=""80"" height=""100"" rx=""20"" fill=""purple""/><rect x=""100"" y=""70"" width=""60"" height=""40"" rx=""10"" fill=""pink""/><path d=""M130 70 L160 50"" stroke=""pink"" stroke-width=""25""/></svg>"
db82e3784a60c9c9f3db667cf53a7855,"<svg xmlns=""http://www.w3.org/2000/svg"" width=""256"" height=""256"" viewBox=""0 0 256 256""><path d=""M98.47 196.9a98.47 98.47 0 1 1 98.47-98.47 98.5 98.5 0 0 1-98.47 98.47m0-184.9c-47.5 0-86.1 38.6-86.1 86.1s38.6 86.1 86.1 86.1 86.1-38.6 86.1-86.1S145.97 10.03 98.47 10.03""/><path d=""M184.9 184.9a98.47 98.47 0 1 1-98.47-98.47 98.5 98.5 0 0 1 98.47 98.47m0-184.9c-47.5 0-86.1 38.6-86.1 86.1s38.6 86.1 86.1 86.1 86.1-38.6 86.1-86.1S145.97 10.03 98.47 10.03""/><path d=""M184.9 184.9a98.47 98.47 0 1 1-98.47-98.47 98.5 98.5 0 0 1 98.47 98.47m0-184.9c-47.5 0-86.1 38.6-86.1 86.1s38.6 86.1 86.1 86.1 86.1-38.6 86.1-86.1S145.97 10.03 98.47 10.03""/></svg>"
b81e1ec1740a7b11cd4821adf6dbe19b,"<svg xmlns=""http://www.w3.org/2000/svg"" width=""256"" height=""256"" viewBox=""0 0 256 256""><path fill=""#4e8cee"" d=""M197.33 0H18.67C8.53 0 0 8.53 0 18.67v160c0 10.14 8.53 18.67 18.67 18.67h178.66c10.14 0 18.67-8.53 18.67-18.67V18.67C216 8.53 207.47 0 197.33 0m-17.6 160a2.67 2.67 0 0 1-2.67 2.67H18.67a2.67 2.67 0 0 1-2.67-2.67V18.67a2.67 2.67 0 0 1 2.67-2.67h178.66a2.67 2.67 0 0 1 2.67 2.67z""/><path fill=""#4e8cee"" d=""M106.67 42.67H64a2.67 2.67 0 0 1 0-5.33h42.67a2.67 2.67 0 0 1 0 5.33m0 42.66H64a2.67 2.67 0 0 1 0-5.33h42.67a2.67 2.67 0 0 1 0 5.33m0 42.67H64a2.67 2.67 0 0 1 0-5.34h42.67a2.67 2.67 0 0 1 0 5.34""/></svg>"
cb8f6e2a3e24a2e03181ab6fd360e0c1,"<svg xmlns=""http://www.w3.org/2000/svg"" width=""256"" height=""256"" viewBox=""0 0 256 256""><path d=""M149.33 85.33h-128c-17.71 0-32 14.29-32 32v128c0 17.71 14.29 32 32 32h128c17.71 0 32-14.29 32-32v-128c0-17.71-14.29-32-32-32m-128 128H32V32h128zm128-128a10.67 10.67 0 0 1 10.66 10.67v128a10.67 10.67 0 0 1-10.66 10.66H32a10.67 10.67 0 0 1-10.67-10.66v-128A10.67 10.67 0 0 1 32 32z""/><path d=""M106.67 106.67h-64C21.33 106.67 0 128 0 154.67s21.33 48 53.33 48h64c32 0 53.33-48 53.33-48s-21.33-48-53.33-48m0 21.34c-17.71 0-32 14.29-32 32v128c0 17.71 14.29 32 32 32h64c17.71 0 32-14.29 32-32v-128c0-17.71-14.29-32-32-32zM106.67 0c-17.71 0-32 14.29-32 32v128c0 17.71 14.29 32 32 32h64c17.71 0 32-14.29 32-32V32c0-17.71-14.29-32-32-32z""/></svg>"
a1822f1e1e899bcaf1e5e3cecb02d7ca,"<svg xmlns=""http://www.w3.org/2000/svg"" width=""256"" height=""256"" viewBox=""0 0 256 256""><path fill=""#4e8cee"" d=""M197.33 10.67h-16V0H16v10.67h-.13a10.67 10.67 0 0 0 0 21.33h16v128a10.67 10.67 0 0 0 21.33 0v-128h128a10.67 10.67 0 0 0 0-21.33m-16 128H32V32h149.33z""/><path fill=""#4e8cee"" d=""M160 10.67h-16V0H16v10.67h-.13a10.67 10.67 0 0 0 0 21.33h16v128a10.67 10.67 0 0 0 21.33 0v-128h128a10.67 10.67 0 0 0 0-21.33""/></svg>"
7f1a8304ece0d81fe025c385076708c3,"<svg xmlns=""http://www.w3.org/2000/svg"" width=""256"" height=""256"" viewBox=""0 0 256 256""><path fill=""#4d4d4d"" d=""M189.73 106.67H160V85.33h-10.67v-32a10.67 10.67 0 0 0-21.34 0v32H53.33V85.33H42.67v-32A10.67 10.67 0 0 0 32 53.33v32H10.67A10.67 10.67 0 0 0 0 106.67v106.66A10.67 10.67 0 0 0 10.67 224h179.2c5.87 0 10.66-4.78 10.66-10.66V106.67c0-5.87-4.79-10.67-10.66-10.67m-10.66 106.66H10.67V106.67h179.2z""/><path fill=""#4d4d4d"" d=""M160 106.67h-10.67v-32a10.67 10.67 0 0 0-21.34 0v32H53.33V85.33H42.67v-32A10.67 10.67 0 0 0 32 53.33v32H10.67A10.67 10.67 0 0 0 0 106.67v106.66A10.67 10.67 0 0 0 10.67 224h179.2c5.87 0 10.66-4.78 10.66-10.66V106.67c0-5.87-4.79-10.67-10.66-10.67""/></svg>"
8abac35e-2595-4967-9767-75547161362f,"<svg xmlns=""http://www.w3.org/2000/svg"" viewBox=""0 0 256 256""><rect width=""256"" height=""256"" fill=""white""/><rect x=""50"" y=""100"" width=""156"" height=""80"" fill=""#ddd"" stroke=""black"" stroke-width=""4""/><rect x=""80"" y=""60"" width=""96"" height=""50"" fill=""white"" stroke=""black"" stroke-width=""3""/><rect x=""60"" y=""180"" width=""20"" height=""20"" fill=""red""/><rect x=""90"" y=""180"" width=""20"" height=""20"" fill=""blue""/><rect x=""120"" y=""180"" width=""20"" height=""20"" fill=""green""/></svg>"
9b9d1f2e-4e3e-401d-ab83-e99ec38e9e10,"<svg xmlns=""http://www.w3.org/2000/svg"" width=""256"" height=""256"" fill=""none"" viewBox=""0 0 256 256""><path stroke=""#ff4798"" stroke-linecap=""round"" stroke-width=""21.33"" d=""M106.67 106.67V0""/><path stroke=""#ff4798"" stroke-linecap=""round"" stroke-width=""21.33"" d=""m106.67 106.67-53.34 53.34""/><path stroke=""#ff4798"" stroke-linecap=""round"" stroke-width=""21.33"" d=""M106.67 106.67v-53.34""/><path stroke=""#ff4798"" stroke-linecap=""round"" stroke-width=""21.33"" d=""M106.67 106.67H53.33""/></svg>"
f2d07302e18ae7d9776178dffceb271f,"<svg xmlns=""http://www.w3.org/2000/svg"" width=""256"" height=""256"" viewBox=""0 0 256 256""><path d=""M197.48 10.67a10.67 10.67 0 0 1 10.67 10.66v128a10.67 10.67 0 0 1-10.67 10.66H10.67A10.67 10.67 0 0 1 0 138.67V10.67A10.67 10.67 0 0 1 10.67 0h176.14zm-10.67 128a10.67 10.67 0 0 1 10.66 10.66v10.66H10.67v-10.66a10.67 10.67 0 0 1 10.67-10.66zM10.67 10.67v128h176.14V10.67z""/></svg>"
db82a4a661507741ca0f6da7bdaee1c6,"<svg xmlns=""http://www.w3.org/2000/svg"" width=""256"" height=""256"" viewBox=""0 0 256 256""><path fill=""#4a90e2"" d=""M78.29 10.24h-5.12V0H78.29v10.24z""/><path fill=""#ff4d4f"" d=""m10.24 10.24 10.24 10.24L0 20.48l10.24-10.24zm10.24 10.24 10.24 10.24L20.48 20.48l10.24-10.24zM10.24 10.24h10.24v10.24H10.24z""/></svg>"
0d31244c36f30e28fe93b814641bc343,"<svg xmlns=""http://www.w3.org/2000/svg"" width=""256"" height=""256"" viewBox=""0 0 256 256""><path fill=""#4d4d4d"" d=""M178.93 10.67H10.67C4.27 10.67 0 14.93 0 20.8v128c0 5.87 4.27 10.13 10.67 10.13h168.26c6.4 0 10.67-4.26 10.67-10.13V20.8c-.53-5.87-4.8-10.13-10.67-10.13m-168.26 128h168.26V20.8H10.67z""/><path fill=""#4d4d4d"" d=""M178.93 10.67h-168a10.67 10.67 0 0 0-10.66 10.66v128a10.67 10.67 0 0 0 10.66 10.67h168a10.67 10.67 0 0 0 10.67-10.67V20.8a10.67 10.67 0 0 0-10.67-10.66m-168 128h168V20.8H10.67zm-10.66-10.67h168a21.33 21.33 0 0 1 21.34 21.34v128a21.33 21.33 0 0 1-21.34 21.34H10.67A21.33 21.33 0 0 1 0 149.33v-128A21.33 21.33 0 0 1 21.33 10.67""/></svg>"
32c32e232654d64a03ef21e65f62578f,"<svg xmlns=""http://www.w3.org/2000/svg"" width=""256"" height=""256"" viewBox=""0 0 256 256""><path fill=""#4d4d4d"" d=""M178.93 10.67a10.67 10.67 0 0 1-10.66 10.66H10.67A10.67 10.67 0 0 1 0 10.67V0h178.93zM10.67 16v42.67h158.06V16z""/><path fill=""#4d4d4d"" d=""M10.67 10.67h178.93c5.89 0 10.66 4.77 10.66 10.67s-4.77 10.66-10.66 10.66H10.67C4.77 32 0 27.23 0 21.33S4.77 10.67 10.67 10.67m16 0h146.66v42.67H26.67zm16 10.66h146.66v21.34H42.67z""/></svg>"
thesantatitan_deepseek-svg-dataset_0004060,"<svg xmlns=""http://www.w3.org/2000/svg"" width=""256"" height=""256"" fill=""none"" stroke=""#000"" stroke-linecap=""round"" stroke-linejoin=""round"" stroke-width=""21.33""><circle cx=""128"" cy=""128"" r=""96""/><path d=""M42.67 0h-10.66A10.67 10.67 0 0 0 32 10.67v10.66a10.67 10.67 0 0 0 10.67 10.66H42.67""/></svg>"
thesantatitan_deepseek-svg-dataset_0000687,"<svg xmlns=""http://www.w3.org/2000/svg"" width=""256"" height=""256"" fill=""none"" stroke=""#000"" stroke-linecap=""round"" stroke-linejoin=""round"" stroke-width=""21.33""><rect width=""213.33"" height=""213.33""/><circle cx=""128"" cy=""170.67"" r=""42.67"" fill=""#fff""/><path d=""M0 0h192v192H0z""/></svg>"
76cd9ce8bd8c824e3ef75f4d114114d1,"<svg xmlns=""http://www.w3.org/2000/svg"" width=""256"" height=""256"" viewBox=""0 0 256 256""><path fill=""#4d4d4d"" d=""M197.87 10.67h-16V0H10.67v10.67H0v170.66a10.67 10.67 0 0 0 10.67 10.66h187.2a10.67 10.67 0 0 0 10.66-10.66V10.67zM10.67 16h176c5.87 0 10.66 4.78 10.66 10.67s-4.79 10.66-10.66 10.66H10.67z""/><path fill=""#4d4d4d"" d=""M106.67 160a10.67 10.67 0 0 1-10.67-10.67V53.33a10.67 10.67 0 0 1 21.34 0v96a10.67 10.67 0 0 1-10.67 10.67m0-160a26.67 26.67 0 0 0-26.66 26.67v96a26.67 26.67 0 0 0 26.66 26.66 26.67 26.67 0 0 0 26.67-26.66V53.33A26.67 26.67 0 0 0 106.67 26.67""/></svg>"
dd6c00e847681e312f0bddc999e60693,"<svg xmlns=""http://www.w3.org/2000/svg"" viewBox=""0 0 256 256""><rect width=""256"" height=""256"" fill=""white""/><rect x=""60"" y=""40"" width=""120"" height=""160"" fill=""white"" stroke=""black"" stroke-width=""4""/><polygon points=""180,40 200,60 180,60"" fill=""#ccc""/><rect x=""130"" y=""40"" width=""20"" height=""50"" fill=""red""/><circle cx=""120"" cy=""140"" r=""20"" fill=""red"" stroke=""black"" stroke-width=""4""/></svg>"
02b8f76167c80dec8201c5cb4f15d3c3,"<svg xmlns=""http://www.w3.org/2000/svg"" viewBox=""0 0 256 256""><rect width=""256"" height=""256"" fill=""white""/><path d=""M60 80 Q128 20 196 80"" fill=""none"" stroke=""black"" stroke-width=""4""/><line x1=""128"" y1=""20"" x2=""128"" y2=""60"" stroke=""black"" stroke-width=""4""/><rect x=""70"" y=""80"" width=""116"" height=""50"" fill=""none"" stroke=""black"" stroke-width=""4""/></svg>"
5b2c72f60d01bb99ae45460a3539acd3,"<svg xmlns=""http://www.w3.org/2000/svg"" width=""256"" height=""256"" viewBox=""0 0 256 256""><path fill=""#4d4d4d"" d=""M197.87 0H10.13C4.53 0 0 4.53 0 10.13v187.74c0 5.6 4.53 10.13 10.13 10.13h187.74c5.6 0 10.13-4.53 10.13-10.13V10.13C208 4.53 203.47 0 197.87 0m-18.67 197.87H18.67V18.67h160.53zm-160.53-160h160a10.13 10.13 0 0 1 10.13 10.13v160a10.13 10.13 0 0 1-10.13 10.13H10.13A10.13 10.13 0 0 1 0 197.87z""/><path fill=""#4d4d4d"" d=""M160.53 160h-160a10.13 10.13 0 0 1-10.13-10.13V10.13A10.13 10.13 0 0 1 10.13 0h160a10.13 10.13 0 0 1 10.13 10.13v139.74a10.13 10.13 0 0 1-10.13 10.13""/></svg>"
4d728b8028bde2a072dcf55f9830f137,"<svg xmlns=""http://www.w3.org/2000/svg"" viewBox=""0 0 256 256""><rect width=""256"" height=""256"" fill=""white""/><rect x=""40"" y=""100"" width=""140"" height=""80"" fill=""orange"" stroke=""black"" stroke-width=""4""/><rect x=""180"" y=""120"" width=""40"" height=""60"" fill=""orange"" stroke=""black"" stroke-width=""4""/><circle cx=""100"" cy=""190"" r=""15"" fill=""black""/><circle cx=""180"" cy=""190"" r=""15"" fill=""black""/><text x=""110"" y=""145"" font-size=""28"" text-anchor=""middle"" fill=""black"" font-family=""sans-serif"">API</text></svg>"
beec5bc1456e6f7d7521aa7c5dcaa469,"<svg xmlns=""http://www.w3.org/2000/svg"" viewBox=""0 0 256 256""><rect width=""256"" height=""256"" fill=""black""/><path d=""M80 40 Q160 40 160 100 Q160 160 80 160 Q80 200 160 200"" fill=""none"" stroke=""lime"" stroke-width=""6""/><polygon points=""180,60 190,90 220,90 195,110 205,140 180,120 155,140 165,110 140,90 170,90"" fill=""red""/><circle cx=""60"" cy=""200"" r=""30"" fill=""teal""/></svg>"
9cd0140cd4b2d2a32bf11812e2f7e238,"<svg xmlns=""http://www.w3.org/2000/svg"" width=""256"" height=""256"" viewBox=""0 0 256 256""><path d=""M197.48 10.67a10.67 10.67 0 0 0-10.67-10.67H10.67A10.67 10.67 0 0 0 0 10.67v170.66c0 5.89 4.78 10.67 10.67 10.67h170.66c5.89 0 10.67-4.78 10.67-10.67V10.67zm-10.67 160a10.67 10.67 0 0 1-10.67 10.66H21.33a10.67 10.67 0 0 1-10.66-10.66V21.33a10.67 10.67 0 0 1 10.66-10.66h165.48a10.67 10.67 0 0 1 10.67 10.66z""/><path d=""M106.67 106.67a10.67 10.67 0 1 0 21.33 0 10.67 10.67 0 1 0-21.33 0m-32 0a10.67 10.67 0 1 0 21.33 0 10.67 10.67 0 1 0-21.33 0m32 0a10.67 10.67 0 1 0 21.33 0 10.67 10.67 0 1 0-21.33 0m-32 0a10.67 10.67 0 1 0 21.33 0 10.67 10.67 0 1 0-21.33 0m-32 0a10.67 10.67 0 1 0 21.33 0 10.67 10.67 0 1 0-21.33 0""/></svg>"
c2b6cc5e1354c632e1f672d7eb30bc2e,"<svg xmlns=""http://www.w3.org/2000/svg"" width=""256"" height=""256"" viewBox=""0 0 256 256""><path fill=""#333"" d=""M94.78 106.67a10.67 10.67 0 1 0 21.33 0 10.67 10.67 0 1 0-21.33 0""/><path fill=""#333"" d=""M106.67 106.67A10.67 10.67 0 0 0 117.33 96v-64h-10.66V96a10.67 10.67 0 0 0 10.66 10.67m-10.66-64H128V0h-10.67zM106.67 0a10.67 10.67 0 0 0-10.66 10.67v64H96V10.67A10.67 10.67 0 0 0 85.33 0z""/></svg>"
3968b3d2665d692e689b25976462335b,"<svg xmlns=""http://www.w3.org/2000/svg"" width=""256"" height=""256"" viewBox=""0 0 256 256""><path d=""M149.33 85.33a74.67 74.67 0 1 0-149.33 0A74.67 74.67 0 0 0 149.33 85.33m0-10.66c-35.3 0-64 28.7-64 64s28.7 64 64 64 64-28.7 64-64-28.7-64-64-64""/><path d=""M149.33 106.67H128v-10.66h21.33V96h-21.33v-10.67h21.33V85.33h-21.33V74.67h21.33V64h-21.33V53.33h21.33V42.67h-21.33V32h21.33V21.33h-21.33V10.67h21.33V0H128v10.67h-21.33v10.66H128V21.33h-21.33V32h21.33v10.67h-21.33v10.66H128V42.67h-21.33v10.66H128V53.33h-21.33v10.66H128V64h-21.33v10.67H128V74.67h-21.33v10.66H128V85.33h-21.33v10.66H128V96h-21.33v10.66H128V106.67zm-10.66 0h-10.66l-.01-10.66v-10.66L128 96l-10.67-10.67v-10.66l10.67-10.66 10.66 10.66v10.66l10.67 10.67v10.66l-10.67 10.66z""/></svg>"
12b37b7b73f422373d7548407bfcbe8f,"<svg xmlns=""http://www.w3.org/2000/svg"" width=""256"" height=""256"" viewBox=""0 0 256 256""><path d=""M184 0H72a16 16 0 0 0-16 16v96h16V16h112v16h16V16A16 16 0 0 0 184 0m-16 16v96H80V16zm-16 16v96H64V32zM16 16v96h16V16z""/></svg>"
09f2f0c8078e838e6d466dae721a98e7,"<svg xmlns=""http://www.w3.org/2000/svg"" width=""256"" height=""256"" viewBox=""0 0 256 256""><path d=""M197.48 10.67h-16V0H10.67v10.67H0v170.66h197.48V10.67zm-186.66 170.66h16v-10.66h-16zM197.48 0h-16v10.67h16z""/><path d=""m186.68 10.67-16 10.66h-16l16 10.66h16zm-16 170.66h16v-10.66h-16z""/></svg>"
90e00776-4d3e-4b89-9398-9480fcde7a3e,"<svg xmlns=""http://www.w3.org/2000/svg"" width=""256"" height=""256"" viewBox=""0 0 256 256""><path fill=""#4e8cee"" d=""M0 127a127 127 0 1 0 254 0 127 127 0 1 0-254 0""/><path fill=""#fff"" d=""m190.4 100.8-10.4-10.4c-1.6-1.6-4-.8-4 .8l-10.4 10.4c-1.6 1.6-1.6 4 0 4s4 1.6 4.8 0l10.4-10.4c1.6-1.6 1.6-4 0-4""/><path fill=""#fff"" d=""M180.8 100.8h-10.4v-10.4c0-1.6-1.6-4-4-4s-4 1.6-4 4v10.4H128V80c0-1.6-1.6-4-4-4s-4 1.6-4 4v10.4H80V80c0-1.6-1.6-4-4-4s-4 1.6-4 4v10.4H40V80c0-1.6-1.6-4-4-4s-4 1.6-4 4v10.4H16V80c0-1.6-1.6-4-4-4s-4 1.6-4 4v10.4H8c-1.6 0-4 1.6-4 4s1.6 4 4 4h10.4v10.4c0 1.6 1.6 4 4 4s4-1.6 4-4v-10.4h10.4c1.6 0 4-1.6 4-4s-1.6-4-4-4z""/></svg>"
3dabbae64ac72c4159037593bfc10c52,"<svg xmlns=""http://www.w3.org/2000/svg"" width=""256"" height=""256"" fill=""none"" viewBox=""0 0 256 256""><g stroke=""#000"" stroke-linecap=""round"" stroke-width=""16""><path d=""M84.79 10.67A10.67 10.67 0 0 1 96 0h106.67a10.67 10.67 0 0 1 10.66 10.67v106.66a10.67 10.67 0 0 1-10.66 10.66H96a10.67 10.67 0 0 1-10.67-10.66V10.67A10.67 10.67 0 0 1 84.79 0""/><path d=""m106.67 106.67 10.66 10.66L192 128l-10.67 10.67z""/></g></svg>"
36c10387fc114fd2117979d13f271868,"<svg xmlns=""http://www.w3.org/2000/svg"" width=""256"" height=""256"" viewBox=""0 0 256 256""><path fill=""#444"" d=""M128 0C57.31 0 0 57.31 0 128s57.31 128 128 128 128-57.31 128-128S198.69 0 128 0m0 234.67c-58.88 0-106.67-47.79-106.67-106.67S69.12 21.33 128 21.33 234.67 69.12 234.67 128 186.88 234.67 128 234.67""/><path fill=""#444"" d=""M128 106.67a10.67 10.67 0 0 1 10.67 10.66v42.66H128zm0-106.67A10.67 10.67 0 0 1 138.67 0h42.66V10.67z""/></svg>"
b7eca035720fbc892f7694fb868ef297,"<svg xmlns=""http://www.w3.org/2000/svg"" width=""256"" height=""256"" fill=""none"" stroke=""#000"" stroke-linecap=""round"" stroke-linejoin=""round"" stroke-width=""24"" viewBox=""0 0 256 256""><path d=""M80 0v72""/><path d=""m96 0-16 16""/><path d=""M16 0h72""/><path d=""M0 0h16""/></svg>"
4f82c239dd7865d70480fa760082e950,"<svg xmlns=""http://www.w3.org/2000/svg"" width=""256"" height=""256"" viewBox=""0 0 256 256""><path fill=""#ff94a7"" d=""M181.33 0H21.33A21.33 21.33 0 0 0 0 21.33v160a21.33 21.33 0 0 0 21.33 21.34h160A21.33 21.33 0 0 0 181.33 181.33V21.33A21.33 21.33 0 0 0 160 0zm-160 160h160V21.33H21.33z""/><path fill=""#fff"" d=""M160 106.67H21.33V21.33H160zM21.33 128h117.34V128H21.33z""/></svg>"
5161f5f9cb93e860ab0a5f3433e87fdd,"<svg xmlns=""http://www.w3.org/2000/svg"" width=""256"" height=""256"" fill=""none"" viewBox=""0 0 256 256""><g stroke=""#1c274c"" stroke-linecap=""round"" stroke-width=""16""><path d=""M85.33 96a85.33 85.33 0 1 0 0-170.67""/><path d=""m106.67 106.67-21.34-21.34""/></g></svg>"
2fca18de72c4a9c9cf0ded8580faacd9,"<svg xmlns=""http://www.w3.org/2000/svg"" width=""256"" height=""256"" viewBox=""0 0 256 256""><path fill=""currentColor"" d=""M178.49 10.67a10.67 10.67 0 0 0-15.04 0l-42.66 42.66H10.67A10.67 10.67 0 0 0 0 64v128a10.67 10.67 0 0 0 10.67 10.67h170.66A10.67 10.67 0 0 0 192 192V64a10.67 10.67 0 0 0-10.67-10.67m-10.66 128H10.67v-128h170.66zm-10.66-106.67c-1.6 0-3.2-.53-4.27-1.6L10.67 10.67C5.33 16 0 21.33 0 26.67s5.33 10.66 10.67 10.66h170.66c5.33 0 10.66-5.33 10.66-10.66S181.33 10.67 176 10.67zM10.67 160h170.66v21.33H10.67z""/></svg>"
38f572d88d5ffd17a89013711afd22c9,"<svg xmlns=""http://www.w3.org/2000/svg"" width=""256"" height=""256"" viewBox=""0 0 256 256""><path fill=""#4d4d4d"" d=""M189.73 0H25.6C11.09 0 0 11.09 0 25.6v164.27c0 14.51 11.09 25.6 25.6 25.6h164.27c14.51 0 25.6-11.09 25.6-25.6V25.6C215.47 11.09 204.48 0 189.73 0m-16.21 181.76a10.24 10.24 0 0 1-10.24 10.24H25.6a10.24 10.24 0 0 1-10.24-10.24V25.6a10.24 10.24 0 0 1 10.24-10.24h164.27a10.24 10.24 0 0 1 10.24 10.24z""/><path fill=""#4d4d4d"" d=""M102.4 128a10.24 10.24 0 0 1-10.24-10.24V51.2a10.24 10.24 0 0 1 20.48 0v66.56a10.24 10.24 0 0 1-10.24 10.24m-10.24-10.24a10.24 10.24 0 0 1-10.24-10.24V51.2a10.24 10.24 0 0 1 20.48 0v66.56a10.24 10.24 0 0 1-10.24 10.24""/></svg>"
42efbb57f659a5d2ba4a12960936f87f,"<svg xmlns=""http://www.w3.org/2000/svg"" viewBox=""0 0 256 256""><rect width=""128"" height=""256"" x=""0"" y=""0"" fill=""green""/><rect width=""128"" height=""256"" x=""128"" y=""0"" fill=""white""/><circle cx=""10"" cy=""18"" r=""40"" fill=""red""/><circle cx=""170"" cy=""128"" r=""30"" fill=""white""/><polygon points=""200,128 215,140 210,120 225,110 205,110 200,90 195,110 175,110 190,120 185,140"" fill=""red""/></svg>"
0b79739fa4bcb122783788213c782721,"<svg xmlns=""http://www.w3.org/2000/svg"" viewBox=""0 0 256 256""><rect width=""256"" height=""256"" fill=""white""/><rect x=""40"" y=""60"" width=""80"" height=""80"" fill=""none"" stroke=""#003366"" stroke-width=""6""/><text x=""80"" y=""115"" font-size=""48"" text-anchor=""middle"" fill=""#3399ff"" font-family=""sans-serif"">E</text></svg>"
5f083a92f86834d90e63e720f8951d02,"<svg xmlns=""http://www.w3.org/2000/svg"" viewBox=""0 0 256 256""><rect width=""256"" height=""256"" fill=""white""/><circle cx=""128"" cy=""128"" r=""80"" fill=""none"" stroke=""black"" stroke-width=""4""/><circle cx=""128"" cy=""128"" r=""50"" fill=""none"" stroke=""black"" stroke-width=""3""/><circle cx=""128"" cy=""128"" r=""20"" fill=""black""/><g stroke=""black"" stroke-width=""3""><line x1=""68"" y1=""68"" x2=""188"" y2=""188""/><line x1=""188"" y1=""68"" x2=""68"" y2=""188""/></g></svg>"
190a66384392df4f5e812a5d0f2d4e96,"<svg xmlns=""http://www.w3.org/2000/svg"" width=""256"" height=""256"" viewBox=""0 0 256 256""><path d=""M84.97 16a8 8 0 0 1-8-8V8a8 8 0 0 1 16 0v8a8 8 0 0 1-8 8m0 16a16 16 0 1 0 0-32 16 16 0 0 0 0 32m0 16a32 32 0 1 1 0-64 32 32 0 0 1 0 64m0 16a48 48 0 1 0 0-96 48 48 0 0 0 0 96""/></svg>"
c8c93c790f4af02010dc5ae4b7977186,"<svg xmlns=""http://www.w3.org/2000/svg"" width=""256"" height=""256"" viewBox=""0 0 256 256""><path fill=""#ff4757"" d=""M189.73 189.73a10.67 10.67 0 0 1-15.08 0l-42.67-42.67H10.67V10.67h170.66z""/><path fill=""#ff4757"" d=""m189.73 189.73-42.67-42.67a10.67 10.67 0 0 1 0-15.08L189.73 10.67a10.67 10.67 0 0 1 15.08 0 10.67 10.67 0 0 1 0 15.08l-42.67 42.67a10.67 10.67 0 0 1-15.08 0""/><path fill=""#ff4757"" d=""M189.73 189.73a10.67 10.67 0 0 1-15.08 0l-42.67-42.67H10.67v-170.66h170.66zm-170.66-10.67h150.05c1.17 0 2.34-.43 3.11-1.2l42.67-42.67a10.67 10.67 0 0 1 15.08 0 10.67 10.67 0 0 1 0 15.08l-42.67 42.67a10.67 10.67 0 0 1-15.08 0""/></svg>"
8d678bec7789b4f45a5937fd3569e327,"<svg xmlns=""http://www.w3.org/2000/svg"" width=""256"" height=""256"" viewBox=""0 0 256 256""><path fill=""#4d4d4d"" d=""M197.87 102.4a10.24 10.24 0 0 0-10.24 10.24v102.4c0 5.63-4.61 10.24-10.24 10.24H10.24C4.61 204.8 0 200.19 0 194.56V102.4c0-5.63 4.61-10.24 10.24-10.24h177.65c5.63 0 10.24 4.61 10.24 10.24m-187.73 0c-5.63 0-10.24 4.61-10.24 10.24v102.4c0 5.63 4.61 10.24 10.24 10.24h177.65c5.63 0 10.24-4.61 10.24-10.24V102.4c0-5.63-4.61-10.24-10.24-10.24z""/><path fill=""#4d4d4d"" d=""M197.87 102.4a10.24 10.24 0 0 0-10.24 10.24v102.4c0 5.63-4.61 10.24-10.24 10.24H10.24c-5.63 0-10.24-4.61-10.24-10.24V102.4c0-5.63 4.61-10.24 10.24-10.24h177.65c5.63 0 10.24 4.61 10.24 10.24m-187.73 0c-5.63 0-10.24 4.61-10.24 10.24v102.4c0 5.63 4.61 10.24 10.24 10.24h177.65c5.63 0 10.24-4.61 10.24-10.24V102.4c0-5.63-4.61-10.24-10.24-10.24z""/><path fill=""#4d4d4d"" d=""M197.87 102.4a10.24 10.24 0 0 0-10.24 10.24v102.4c0 5.63-4.61 10.24-10.24 10.24H10.24c-5.63 0-10.24-4.61-10.24-10.24V102.4c0-5.63 4.61-10.24 10.24-10.24h177.65c5.63 0 10.24 4.61 10.24 10.24m-187.73 0c-5.63 0-10.24 4.61-10.24 10.24v102.4c0 5.63 4.61 10.24 10.24 10.24h177.65c5.63 0 10.24-4.61 10.24-10.24V102.4c0-5.63-4.61-10.24-10.24-10.24z""/></svg>"
c9515952342a43cf72b8a7727c194f03,"<svg xmlns=""http://www.w3.org/2000/svg"" width=""256"" height=""256"" viewBox=""0 0 256 256""><path d=""M184 72h-96V48a16 16 0 0 0-16-16H16A16 16 0 0 0 0 48v160a16 16 0 0 0 16 16h160a16 16 0 0 0 16-16V80h16c8.8 0 16-7.2 16-16m-16 160H16V80h160zm-16-160H16v16h160zM16 48h160v16H16z""/><path d=""M104 160a16 16 0 0 1-16-16V80a16 16 0 0 1 32 0v64a16 16 0 0 1-16 16""/></svg>"
a768d35479dada1dae71da76807f058f,"<svg xmlns=""http://www.w3.org/2000/svg"" width=""256"" height=""256"" viewBox=""0 0 256 256""><path d=""M84.79 10.67a10.67 10.67 0 0 1-10.66-10.66V0H64v10.67A10.67 10.67 0 0 1 53.33 10.67zm-10.66 0h-10.66L64 0l-10.67 10.67zM10.67 10.67A10.67 10.67 0 0 1 0 0v10.67h10.67zm10.66 0H10.67v10.66h10.66z""/><path d=""m106.67 10.67 10.66 10.66v10.66H128V10.67zm10.66 0h-10.66l-10.67 10.66v10.66h10.66z""/></svg>"
023d5f817a9967267a3dba34251f98df,"<svg xmlns=""http://www.w3.org/2000/svg"" viewBox=""0 0 256 256""><rect width=""256"" height=""256"" fill=""white""/><rect x=""80"" y=""40"" width=""96"" height=""40"" fill=""#e6d3a3""/><rect x=""70"" y=""80"" width=""116"" height=""120"" fill=""#6b3e26""/><rect x=""70"" y=""130"" width=""116"" height=""10"" fill=""white""/><rect x=""70"" y=""150"" width=""116"" height=""10"" fill=""red""/><rect x=""186"" y=""100"" width=""20"" height=""60"" fill=""#6b3e26""/></svg>"
de9aefbc28b32b7996b92dda6ad0d460,"<svg xmlns=""http://www.w3.org/2000/svg"" width=""256"" height=""256"" viewBox=""0 0 256 256""><path fill=""#272636"" d=""M84.96 10.67a10.67 10.67 0 0 1-10.67 10.66H32A32 32 0 0 0 0 32v106.67a32 32 0 0 0 32 32h10.67a10.67 10.67 0 0 1 0 21.33H32a10.67 10.67 0 0 1-10.67-10.66V32A10.67 10.67 0 0 1 32 21.33zm106.67 0a10.67 10.67 0 0 1-10.66 10.66H192a32 32 0 0 0 32-32V21.33a32 32 0 0 0-32-32h-10.67a10.67 10.67 0 0 1 0-21.33H192a10.67 10.67 0 0 1 10.67 10.66z""/><path fill=""#272636"" d=""M106.67 106.67c-17.71 0-32-14.29-32-32s14.29-32 32-32 32 14.29 32 32-14.29 32-32 32m0-42.67C54.4 64 10.67 108.8 10.67 160S54.4 213.33 106.67 213.33 213.33 168.53 213.33 160 168.53 106.67 106.67 106.67""/></svg>"
e9bb9c99188432d39681c16f3932baa8,"<svg xmlns=""http://www.w3.org/2000/svg"" width=""256"" height=""256"" viewBox=""0 0 256 256""><path fill=""#ff9800"" d=""M174.93 0H21.33C9.6 0 0 9.6 0 21.33v149.34c0 11.73 9.6 21.33 21.33 21.33h153.6c11.73 0 21.33-9.6 21.33-21.33V21.33C196.27 9.6 186.67 0 174.93 0m-12.8 170.67a12.8 12.8 0 0 1-12.8 12.8H21.33a12.8 12.8 0 0 1-12.8-12.8V21.33a12.8 12.8 0 0 1 12.8-12.8h153.6a12.8 12.8 0 0 1 12.8 12.8z""/><path fill=""#fff"" d=""M128 128h-12.8v-12.8h12.8zm0-38.4h-12.8v-12.8h12.8zm0-38.4h-12.8v-12.8h12.8zM128 179.2h-12.8v-12.8h12.8zm0-38.4h-12.8v-12.8h12.8zm0-38.4h-12.8v-12.8h12.8z""/></svg>"
d51db1cba1c46a0de571af7d65e6ac18,"<svg xmlns=""http://www.w3.org/2000/svg"" width=""256"" height=""256"" viewBox=""0 0 256 256""><path fill=""#4d4d4d"" d=""M189.73 106.67H10.67A10.67 10.67 0 0 1 0 96V10.67C0 4.75 4.75 0 10.67 0h179.2c5.92 0 10.67 4.75 10.67 10.67v85.33a10.67 10.67 0 0 1-10.67 10.66m-179.2-85.34h179.2c5.92 0 10.67 4.75 10.67 10.67v85.33c0 5.92-4.75 10.67-10.67 10.67H10.67A10.67 10.67 0 0 1 0 106.67z""/><path fill=""#4d4d4d"" d=""M189.73 106.67H10.67A10.67 10.67 0 0 1 0 96V10.67C0 4.75 4.75 0 10.67 0h179.2c5.92 0 10.67 4.75 10.67 10.67v85.33a10.67 10.67 0 0 1-10.67 10.66m-179.2-85.34h179.2c5.92 0 10.67 4.75 10.67 10.67v85.33c0 5.92-4.75 10.67-10.67 10.67H10.67A10.67 10.67 0 0 1 0 106.67z""/></svg>"
c973d2ca1c58f013c507decae31a0c26,"<svg xmlns=""http://www.w3.org/2000/svg"" width=""256"" height=""256"" viewBox=""0 0 256 256""><path fill=""#f4ca1c"" d=""M179.2 0H25.6C11.52 0 0 11.52 0 25.6v153.6c0 14.08 11.52 25.6 25.6 25.6h153.6c14.08 0 25.6-11.52 25.6-25.6V25.6C204.8 11.52 193.28 0 179.2 0""/><path fill=""#fff"" d=""M128 102.4a12.8 12.8 0 1 0 25.6 0 12.8 12.8 0 1 0-25.6 0""/><path fill=""#fff"" d=""m128 102.4 12.8 12.8-12.8 12.8L128 147.2l-12.8-12.8z""/><path fill=""#fff"" d=""M128 102.4a12.8 12.8 0 1 0 25.6 0 12.8 12.8 0 1 0-25.6 0""/></svg>"
45486555-9f01-4a7e-8432-3734af76555c,"<svg xmlns=""http://www.w3.org/2000/svg"" width=""256"" height=""256"" fill=""none"" viewBox=""0 0 256 256""><path stroke=""#000"" stroke-linecap=""round"" stroke-linejoin=""round"" stroke-width=""21.33"" d=""M85.33 42.67h-64m64 0v-64m-64 0H0""/></svg>"
93319c64-c2b3-4b7a-a210-e95e9831f06f,"<svg xmlns=""http://www.w3.org/2000/svg"" width=""256"" height=""256"" fill=""none"" viewBox=""0 0 256 256""><g stroke=""#1c274c"" stroke-linecap=""round"" stroke-width=""16""><path d=""M96 181.33C42.67 181.33 0 138.67 0 96S42.67 0 96 0s96 42.67 96 96-42.67 96-96 96""/><path d=""m106.67 106.67-21.34 21.34L85.33 128l-21.34 21.33 10.66 10.66 21.34-21.33 21.34 21.33z""/></g></svg>"
1b36f0fd37021a1d271d1e655ab88e91,"<svg xmlns=""http://www.w3.org/2000/svg"" width=""256"" height=""256"" viewBox=""0 0 256 256""><path fill=""#4a90e2"" d=""M87.5 170.67c-35.3 0-64-28.7-64-64s28.7-64 64-64 64 28.7 64 64-28.7 64-64 64m0-117.34C42.67 53.33 0 96 0 149.33s42.67 96 96 96 96-42.67 96-96-42.67-96-96-96""/><path fill=""#4a90e2"" d=""M106.67 128v-21.33l-42.66 21.33z""/></svg>"
e806d9f46ba842485ff904bfcd677b0e,"<svg xmlns=""http://www.w3.org/2000/svg"" width=""256"" height=""256"" viewBox=""0 0 256 256""><path d=""M84.79 10.67a10.67 10.67 0 0 1-10.66-10.66A10.67 10.67 0 0 1 84.79 0c1.6 0 3.2.53 4.8 1.6l10.66 10.66a10.67 10.67 0 0 1 0 15.04L89.6 21.33a10.67 10.67 0 0 1-15.04 0m-10.66 10.66v10.66H64V21.33zm106.66 0h-10.66v10.66h10.66zM10.67 106.67C4.27 106.67 0 102.4 0 96s4.27-10.67 10.67-10.67h10.66v10.67H10.67zm192 0h-10.66v10.67h10.66c6.4 0 10.67-4.27 10.67-10.67S208 96 201.6 96z""/><path d=""M106.67 106.67c-6.4 0-10.67-4.27-10.67-10.67s4.27-10.67 10.67-10.67h10.66v10.67H106.67zm10.66 0h-10.66v10.67h10.66c6.4 0 10.67-4.27 10.67-10.67s-4.27-10.67-10.67-10.67""/></svg>"
b373d88e7addf0b42a6edb3236b0e013,"<svg xmlns=""http://www.w3.org/2000/svg"" width=""256"" height=""256"" fill=""none"" viewBox=""0 0 256 256""><path stroke=""#000"" stroke-linecap=""round"" stroke-width=""21.33"" d=""M48 74.67h-32V42.67a42.69 42.69 0 0 1 85.33 0v32H128m-10.67 0L128 10.67l-10.67 64""/><g stroke=""#2f88ff"" stroke-linecap=""round"" stroke-width=""21.33""><path d=""M128 10.67c-17.71 0-32 14.29-32 32s14.29 32 32 32 32-14.29 32-32-14.29-32-32-32""/><path d=""M128 10.67C146.29 10.67 160 24.43 160 42.67v32""/></g></svg>"
thesantatitan_deepseek-svg-dataset_0002725,"<svg xmlns=""http://www.w3.org/2000/svg"" width=""256"" height=""256"" viewBox=""0 0 256 256""><rect width=""256"" height=""256""/><g transform=""translate(128 128)""><circle r=""19.2"" fill=""#fff""/><path fill=""red"" d=""M44.8 76.8q-12.8 12.8-25.6 0t-12.8-25.6T0 76.8l12.8-12.8L0 0h25.6z""/><path fill=""red"" d=""M44.8 76.8Q25.6 64 12.8 76.8t-12.8 25.6T0 76.8l12.8-12.8L0 0h25.6z""/><path fill=""red"" d=""M44.8 76.8Q25.6 64 12.8 76.8t-12.8 25.6T0 76.8l12.8-12.8L0 0h25.6z""/><path fill=""red"" d=""M44.8 76.8Q25.6 64 12.8 76.8t-12.8 25.6T0 76.8l12.8-12.8L0 0h25.6z""/></g></svg>"
ad7370692ccf45080b0313e775fdc09b,"<svg xmlns=""http://www.w3.org/2000/svg"" width=""256"" height=""256"" viewBox=""0 0 256 256""><path d=""M178.94 106.67H16V85.33h162.94zm-16 0v-16a10.67 10.67 0 0 0-10.66-10.66H16A10.67 10.67 0 0 0 6.34 85.33l-.01 10.66c0 5.89 4.77 10.66 10.66 10.66h162.94c5.89 0 10.66-4.77 10.66-10.66zM16 64h162.94a10.67 10.67 0 0 0 10.66-10.67V10.67C178.94 4.77 174.17 0 168.34 0H16C4.77 0 0 4.77 0 10.67v42.66c0 5.89 4.77 10.66 10.67 10.66m16 0v-16a10.67 10.67 0 0 0-10.66-10.66H16A10.67 10.67 0 0 0 6.34 64L.01 74.67c0 5.89 4.77 10.66 10.66 10.66z""/></svg>"
ea45dd1338d4e9dbf629a33711d73ae4,"<svg xmlns=""http://www.w3.org/2000/svg"" width=""256"" height=""256"" viewBox=""0 0 256 256""><path fill=""#4987f9"" d=""M106.67 106.67a10.67 10.67 0 0 1-10.66-10.66V53.33A53.33 53.33 0 0 1 160 106.67h-10.67v10.66a10.67 10.67 0 0 1-21.34 0V106.67H106.67z""/><path fill=""#fff"" d=""M106.67 106.67a10.67 10.67 0 0 1-10.66-10.66V53.33A53.33 53.33 0 0 1 160 106.67h-10.67v10.66a10.67 10.67 0 0 1-21.34 0V106.67H106.67z""/><path fill=""#4987f9"" d=""m106.67 106.67-10.66-10.66a10.67 10.67 0 0 1 0-15.08l10.66-10.66a10.67 10.67 0 0 1 15.08 0L128 91.59l10.67-10.66a10.67 10.67 0 0 1 15.08 0l10.66 10.66a10.67 10.67 0 0 1 0 15.08l-10.66 10.66a10.67 10.67 0 0 1-15.08 0l-10.67-10.66a10.67 10.67 0 0 1 0-15.08""/></svg>"
5a7b83c366f20f47b4fee61d4ed46672,"<svg xmlns=""http://www.w3.org/2000/svg"" viewBox=""0 0 256 256""><rect width=""256"" height=""256"" fill=""green""/><path d=""M40 60 h120 a20 20 0 0 1 20 20 v20 a20 20 0 0 1 -20 20 h-60 30 v-30 h-20 a20 20 0 0 1 -20 -20 v-20 a20 20 0 0 1 20 -20 z"" fill=""yellow""/><text x=""100"" y=""110"" font-size=""48"" text-anchor=""middle"" fill=""black"" font-family=""sans-serif"">Q</text><path d=""M120 120 h100 a0 20 0 0 1 20 20 v20 a20 20 0 0 1 -20 20 h-60 l-40 30 v-30 h-20 a20 20 0 0 1 -20 -20 20 a20 20 0 0 1 20 -20 z"" fill=""white""/><text x=""180"" y=""180"" font-size=""48"" text-anchor=""middle"" fill=""pink"" font-family=""sans-serif"">A</text></svg>"
4a082d8ce70f07f2c8ec4343fb09607e,"<svg xmlns=""http://www.w3.org/2000/svg"" width=""256"" height=""256"" viewBox=""0 0 256 256""><path fill=""currentColor"" d=""M197.48 197.48H10.67A10.67 10.67 0 0 1 0 186.81V10.67C0 4.77 4.77 0 10.67 0h186.81c5.9 0 10.67 4.77 10.67 10.67v176.14a10.67 10.67 0 0 1-10.67 10.67m-186.81-10.67h176.14V10.67H10.67z""/><path fill=""currentColor"" d=""M197.48 186.81H10.67A10.67 10.67 0 0 1 0 176.14V10.67C0 4.77 4.77 0 10.67 0h186.81c5.9 0 10.67 4.77 10.67 10.67v176.14a10.67 10.67 0 0 1-10.67 10.67M10.67 10.67h176.14V10.67H10.67zm176.14 176.14H10.67V10.67h176.14zM106.67 10.67h106.66v176.14H106.67z""/></svg>"
2bc39245-d640-43d8-9530-b286f936c0ba,"<svg xmlns=""http://www.w3.org/2000/svg"" width=""256"" height=""256"" fill=""none"" viewBox=""0 0 256 256""><path stroke=""#000"" stroke-linecap=""round"" stroke-linejoin=""round"" stroke-width=""21.33"" d=""M96 48c-17.71 0-32 14.29-32 32s14.29 32 32 32 32-14.29 32-32-14.29-32-32-32m0 106.67C42.67 154.67 0 112 0 64S42.67 0 96 0s96 42.67 96 96-42.67 96-96 96""/></svg>"
56a3f65b116a470d99c361fc2adfd5b0,"<svg xmlns=""http://www.w3.org/2000/svg"" width=""256"" height=""256"" fill=""none"" stroke=""#000"" stroke-linecap=""round"" stroke-linejoin=""round"" stroke-width=""21.33"" viewBox=""0 0 256 256""><path d=""M85.33 42.67c-9.07 0-16 7.47-16 16s6.93 16 16 16 16-7.47 16-16-6.94-16-16-16""/><path d=""m106.67 106.67 21.34-21.34a10.67 10.67 0 0 0 0-15.04l-21.34-21.33a10.67 10.67 0 0 0-15.04 0L64 64V10.67""/></svg>"
d0dd63edc498d8af5ad88feec3a3aa45,"<svg xmlns=""http://www.w3.org/2000/svg"" width=""256"" height=""256"" viewBox=""0 0 256 256""><path fill=""#444"" d=""M178.93 104.5a10.67 10.67 0 0 1-10.66-10.67V42.67H10.67v10.66a10.67 10.67 0 0 1-21.34 0V42.67h128v10.66a10.67 10.67 0 0 1-10.67 10.67m-160 0a10.67 10.67 0 0 1-10.66-10.67V42.67H0v10.66a10.67 10.67 0 0 1-21.33 0V42.67h128v10.66a10.67 10.67 0 0 1-10.67 10.67""/><path fill=""#444"" d=""M178.93 104.5a10.67 10.67 0 0 1-10.66-10.67V42.67H10.67v10.66a10.67 10.67 0 0 1-21.34 0V42.67h128v10.66a10.67 10.67 0 0 1-10.67 10.67m-160 0a10.67 10.67 0 0 1-10.66-10.67V42.67H0v10.66a10.67 10.67 0 0 1-21.33 0V42.67h128v10.66a10.67 10.67 0 0 1-10.67 10.67""/></svg>"
62bc19fa5c982a11799d408868ea7a34,"<svg xmlns=""http://www.w3.org/2000/svg"" width=""256"" height=""256"" viewBox=""0 0 256 256""><path fill=""#979797"" d=""M84.8 16c-1.6 0-3.2-.8-4.8-1.6L48 12C40.8 10.4 32 16 32 16s-8 5.6-12 12l-16 16c-1.6 1.6-1.6 4 .8 4.8l16 16c1.6 1.6 4 1.6 4.8.8s4-1.6 4.8-4.8l16-16c1.6-1.6 1.6-4-.8-4.8L64 32c-1.6-1.6-4-1.6-4.8-.8m-16 0a16 16 0 0 0-16 16v16h16zm16 0V32H64v16z""/><path fill=""#979797"" d=""M16 160a16 16 0 0 0 16 16h160a16 16 0 0 0 16-16V80a16 16 0 0 0-16-16H32a16 16 0 0 0-16 16zM16 80a8 8 0 0 1 8-8h160a8 8 0 0 1 8 8v160a8 8 0 0 1-8 8H32a8 8 0 0 1-8-8z""/></svg>"
019dc4ad-a0fe-4399-ac43-08b3934069f1,"<svg xmlns=""http://www.w3.org/2000/svg"" width=""256"" height=""256"" fill=""none"" viewBox=""0 0 256 256""><g stroke=""#1c274c"" stroke-linecap=""round"" stroke-width=""16""><path d=""M85.33 96a85.33 85.33 0 1 0 0-170.67A85.33 85.33 0 0 0 85.33 96""/><circle cx=""128"" cy=""128"" r=""106.67""/></g></svg>"
252a142060baed151fbdfe5c6e3b0dfb,"<svg xmlns=""http://www.w3.org/2000/svg"" width=""256"" height=""256"" viewBox=""0 0 256 256""><path d=""M94.78 19.2c-1.28 0-2.56-.64-3.2-1.92L1.92 0C.64 0 0 .64 0 1.92v128c0 1.28.64 2.56 1.92 3.2l88.32 17.92a12.8 12.8 0 0 0 12.8-12.8V19.2zm-1.28 128H12.8V19.2h76.8z""/></svg>"
0dc5c2d18af6c533f3bb0b897c4b0b92,"<svg xmlns=""http://www.w3.org/2000/svg"" viewBox=""0 0 256 256""><rect width=""256"" height=""256"" fill=""white""/><circle cx=""120"" cy=""130"" r=""70"" fill=""yellow""/><circle cx=""120"" cy=""130"" r=""50"" fill=""none"" stroke=""orange"" stroke-width=""3""/><rect x=""150"" y=""50"" width=""6"" height=""20"" fill=""green"" transform=""rotate(30 150 50)""/><circle cx=""170"" cy=""180"" r=""4"" fill=""orange""/><circle cx=""185"" cy=""190"" r=""4"" fill=""orange""/><circle cx=""160"" cy=""200"" r=""4"" fill=""orange""/></svg>"
8c08a58c7f37e1a9dbefae50a6cc9f88,"<svg xmlns=""http://www.w3.org/2000/svg"" width=""256"" height=""256"" viewBox=""0 0 256 256""><path fill=""#47c9b8"" d=""M128 0C57.31 0 0 57.31 0 128s57.31 128 128 128 128-57.31 128-128S198.69 0 128 0m0 234.67a106.67 106.67 0 1 1 0-213.33 106.67 106.67 0 0 1 0 213.33""/><path fill=""#fff"" d=""M128 128h-10.67v-10.67H128z""/><path fill=""#47c9b8"" d=""M128 128V10.67A10.67 10.67 0 0 0 117.33 0H10.67A10.67 10.67 0 0 0 0 10.67v117.33A10.67 10.67 0 0 0 10.67 128H128a10.67 10.67 0 0 0 10.67-10.67V128z""/><path fill=""#47c9b8"" d=""M128 128h-10.67v-10.67H128z""/><path fill=""#47c9b8"" d=""M128 128V10.67A10.67 10.67 0 0 0 117.33 0H10.67A10.67 10.67 0 0 0 0 10.67v117.33A10.67 10.67 0 0 0 10.67 128H128a10.67 10.67 0 0 0 10.67-10.67V128z""/></svg>"
01f9378aa823a0f5ac3ea1b849437c06,"<svg xmlns=""http://www.w3.org/2000/svg"" viewBox=""0 0 256 256""><rect width=""256"" height=""256"" fill=""white""/><rect x=""40"" y=""40"" width=""176"" height=""176"" rx=""20"" fill=""none"" stroke=""green"" stroke-width=""4""/><rect x=""64"" y=""64"" width=""100"" height=""15"" fill=""green""/><circle cx=""128"" cy=""170"" r=""18"" fill=""green""/></svg>"
1dc699e6e000b9c92aeae85d6eb4be64,"<svg xmlns=""http://www.w3.org/2000/svg"" width=""256"" height=""256"" viewBox=""0 0 256 256""><path fill=""currentColor"" d=""M184.79 16H16v-8a8 8 0 0 0-8-8h-.1l-.01-.01V8c0-4.41 3.59-8 8-8h168c4.41 0 8 3.59 8 8v8h.1l.01.01zM16 16v16h168V16zm168 160H16v-16h168zm-16 0H16v-16h168z""/><path fill=""currentColor"" d=""m168.79 128-16-16a8 8 0 0 0-11.32 0L128 112.69l-16 16a8 8 0 0 0 0 11.32l16 16a8 8 0 0 0 11.32 0l16-16a8 8 0 0 0 0-11.32""/></svg>"
8f8a6b6a8f41bcf6e6d82b9963c602f2,"<svg xmlns=""http://www.w3.org/2000/svg"" viewBox=""0 0 256 256""><rect width=""256"" height=""256"" fill=""white""/><rect x=""40"" y=""70"" width=""60"" height=""60"" fill=""none"" stroke=""black"" stroke-width=""4""/><rect x=""55"" y=""85"" width=""30"" height=""30"" fill=""none"" stroke=""black"" stroke-width=""3""/><line x1=""110"" y1=""70"" x2=""200"" y2=""70"" stroke=""black"" stroke-width=""4""/><line x1=""110"" y1=""100"" x2=""200"" y2=""100"" stroke=""black"" stroke-width=""4""/><line x1=""110"" y1=""130"" x2=""200"" y2=""130"" stroke=""black"" stroke-width=""4""/><line x1=""100"" y1=""140"" x2=""210"" y2=""60"" stroke=""black"" stroke-width=""4""/></svg>"
52807a64aeff6b3ee944dea2c504a8ae,"<svg xmlns=""http://www.w3.org/2000/svg"" width=""256"" height=""256"" viewBox=""0 0 256 256""><path d=""M48 72h-8v-8H8a8 8 0 0 0-8 8v96a8 8 0 0 0 8 8h16v8H8a8 8 0 0 0-8 8v16a8 8 0 0 0 8 8h16v16a8 8 0 0 0 8 8h16v-16a8 8 0 0 0 8-8h16v-16a8 8 0 0 0-8-8h-16V96h16a8 8 0 0 0 8-8V80a8 8 0 0 0-8-8m16 0h-16v-8h16zm-32 0h-16v-8h16zm32 0h-16v-8h16zM16 16h16v8H16zm0 32h16v8H16zm0 32h16v8H16z""/></svg>"
ebb8b5e83943b0f9350eb5ab7005cbb7,"<svg xmlns=""http://www.w3.org/2000/svg"" width=""256"" height=""256"" viewBox=""0 0 256 256""><path fill=""#fff"" d=""M84.79 10.67h-64a10.67 10.67 0 0 0 0 21.33h64v64H10.67V10.67zm106.66 0h-64a10.67 10.67 0 0 0 0 21.33h64v64h-64v-64h64z""/><path fill=""#fff"" d=""m106.67 106.67-42.66 42.66L0 106.67l42.67-42.66 21.34 21.34L128 106.67z""/></svg>"
687dcd7afc538b8d02cb79732e11f704,"<svg xmlns=""http://www.w3.org/2000/svg"" width=""256"" height=""256"" viewBox=""0 0 256 256""><path fill=""#979797"" d=""M128 0C57.42 0 0 57.42 0 128s57.42 128 128 128 128-57.42 128-128S198.58 0 128 0m0 234.67c-58.88 0-106.67-47.79-106.67-106.67S69.12 21.33 128 21.33 234.67 69.12 234.67 128 186.88 234.67 128 234.67""/><path fill=""#979797"" d=""M128 106.67a21.33 21.33 0 1 0 0 42.66 21.33 21.33 0 0 0 0-42.66""/></svg>"
80626a7fb98cd3cda8c4c0166a414151,"<svg xmlns=""http://www.w3.org/2000/svg"" viewBox=""0 0 256 256""><rect width=""256"" height=""256"" fill=""white""/><circle cx=""128"" cy=""128"" r=""50"" fill=""blue""/><g stroke=""blue"" stroke-width=""4""><line x1=""120"" y1=""40"" x2=""128"" y2=""80""/><line x1=""128"" y1=""176"" x2=""128"" y2=""216""/><line x1=""40"" y1=""128"" x2=""80"" y2=""128""/><line x1=""146"" y1=""128"" x2=""210"" y2=""128""/><line x1=""60"" y1=""65"" x2=""90"" y2=""90""/><line x1=""160"" y1=""166"" x2=""190"" y2=""195""/><line x1=""60"" y1=""196"" x2=""90"" y2=""156""/><line x1=""166"" y1=""91"" x2=""196"" y2=""60""/></g></svg>"
thesantatitan_deepseek-svg-dataset_0003439,"<svg xmlns=""http://www.w3.org/2000/svg"" width=""256"" height=""256"" viewBox=""0 0 256 256""><rect width=""256"" height=""256""/><g transform=""translate(128 128)""><circle r=""19.2"" fill=""#fff""/><path fill=""red"" d=""M44.8 76.8q-12.8 12.8-25.6 0t-25.6-12.8Q0 76.8 0 64q0-12.8 12.8-25.6T25.6 0q12.8 12.8 25.6 0t25.6 12.8q12.8-12.8 25.6 0t25.6 12.8q12.8 12.8 0 25.6t-25.6 12.8""/><path fill=""red"" d=""M44.8 76.8q-12.8 12.8-25.6 0t-25.6-12.8Q0 76.8 0 64q0-12.8 12.8-25.6T25.6 0q12.8 12.8 25.6 0t25.6 12.8q12.8 12.8 0 25.6t-25.6 12.8""/><path fill=""red"" d=""M44.8 76.8q-12.8 12.8-25.6 0t-25.6-12.8Q0 76.8 0 64q0-12.8 12.8-25.6T25.6 0q12.8 12.8 25.6 0t25.6 12.8q12.8 12.8 0 25.6t-25.6 12.8""/></g></svg>"
41d36fbc527fc6d0970316cdf3b932b1,"<svg xmlns=""http://www.w3.org/2000/svg"" width=""256"" height=""256"" viewBox=""0 0 256 256""><path fill=""#ff9800"" d=""M174.93 106.67a10.67 10.67 0 0 1-10.66 10.66H10.67A10.67 10.67 0 0 1 0 117.33v-96C0 18.13 18.13 0 42.67 0h85.34c24.53 0 42.66 18.13 42.66 42.67v96a10.67 10.67 0 0 1-10.66 10.66m-160-10.66V42.67c0-24.53 18.13-42.66 42.66-42.66h85.34c24.53 0 42.66 18.13 42.66 42.66v96z""/><path fill=""#ff9800"" d=""M174.93 106.67a10.67 10.67 0 0 1-10.66 10.66H10.67A10.67 10.67 0 0 1 0 117.33v-96C0 18.13 18.13 0 42.67 0h85.34c24.53 0 42.66 18.13 42.66 42.67v96a10.67 10.67 0 0 1-10.66 10.66""/></svg>"
df6bd5343885ca965f03d4161ca708ca,"<svg xmlns=""http://www.w3.org/2000/svg"" viewBox=""0 0 256 256""><rect width=""256"" height=""256"" fill=""white""/><rect x=""60"" y=""40"" width=""120"" height=""160"" fill=""yellow"" stroke=""black"" stroke-width=""3""/><polygon points=""140,40 180,40 180,80"" fill=""#f5e27a""/><line x1=""80"" y1=""80"" x2=""160"" y2=""80"" stroke=""black""/><line x1=""80"" y1=""100"" x2=""160"" y2=""100"" stroke=""black""/></svg>"
48c87959-d450-4a1b-bfd2-9b98e92ead19,"<svg xmlns=""http://www.w3.org/2000/svg"" width=""256"" height=""256"" viewBox=""0 0 256 256""><path fill=""#fff"" d=""M0 0h256v256H0z""/><path fill=""#4caf50"" d=""m197.82 102.4-1.02-.01c-1.02-1.02-1.02-1.02-1.02-2.04s0-1.02 1.02-1.02l1.02-.01c1.02 0 1.02 0 1.02 1.02s0 1.02-1.02 1.02m-1.02 102.4c-1.02 0-1.02 0-1.02-1.02s0-1.02 1.02-1.02l1.02-.01c1.02 0 1.02 0 1.02 1.02s0 1.02-1.02 1.02zm-1.02-102.4c-1.02 0-1.02 0-1.02-1.02s0-1.02 1.02-1.02l1.02-.01c1.02 0 1.02 0 1.02 1.02s0 1.02-1.02 1.02zM128 102.4a102.4 102.4 0 1 0 102.4 102.4A102.4 102.4 0 0 0 128 102.4m0 102.4a102.4 102.4 0 1 0 102.4-102.4A102.4 102.4 0 0 0 128 204.8""/><path fill=""#ff5722"" d=""M128 102.4a102.4 102.4 0 1 0 102.4 102.4A102.4 102.4 0 0 0 128 102.4m0 102.4a102.4 102.4 0 1 0 102.4-102.4A102.4 102.4 0 0 0 128 204.8""/></svg>"
a1fd86df-eeda-4f7b-b38e-3600927245b9,"<svg xmlns=""http://www.w3.org/2000/svg"" width=""256"" height=""256"" fill=""none"" viewBox=""0 0 256 256""><g stroke=""#000"" stroke-linecap=""round"" stroke-width=""21.33""><path d=""M85.33 42.67c-9.06 0-16 7.46-16 16s6.94 16 16 16 16-7.46 16-16-6.94-16-16-16""/><path d=""m106.67 106.67 10.66 10.66a10.67 10.67 0 0 1-15.04 15.04l-10.66-10.66a10.67 10.67 0 0 1 0-15.04""/></g></svg>"
35af79d442bd937fbe614fd6aaaaa12c,"<svg xmlns=""http://www.w3.org/2000/svg"" width=""256"" height=""256"" viewBox=""0 0 256 256""><path d=""M184.79 106.67a10.67 10.67 0 0 0-10.66 10.66v21.34H106.67V128h-21.34A10.67 10.67 0 0 0 64 138.67v21.34a10.67 10.67 0 0 0 10.67 10.66h21.34v21.34a10.67 10.67 0 0 0 21.34 0v-21.34h21.34a10.67 10.67 0 0 0 10.66-10.66v-21.34a10.67 10.67 0 0 0-10.66-10.66m-106.66 0c-2.94 0-5.34 2.4-5.34 5.33s2.4 5.33 5.34 5.33h21.34v21.34H64a5.33 5.33 0 0 1-5.33-5.34v-21.34H32a5.33 5.33 0 0 1-5.33-5.33S26.67 101.33 26.67 106.67v21.34H5.33A5.33 5.33 0 0 0 0 128v21.33a5.33 5.33 0 0 0 5.33 5.34h106.66a5.33 5.33 0 0 0 5.34-5.34v-21.34h21.34a5.33 5.33 0 0 0 5.33-5.33v-21.34a5.33 5.33 0 0 0-5.33-5.33""/></svg>"
39698809c3776f5cf8b4addb39a847b3,"<svg xmlns=""http://www.w3.org/2000/svg"" width=""256"" height=""256"" viewBox=""0 0 256 256""><path d=""M178.49 178.49a100.1 100.1 0 0 0 30.1-70.1c0-54.86-44.8-99.66-99.66-99.66S0 103.63 0 158.49s44.8 99.66 99.66 99.66c54.86 0 99.66-44.8 99.66-99.66m-10.67 0a89.5 89.5 0 0 1-63.04 26.67 89.5 89.5 0 0 1-63.04-26.67C26.67 158.49 0 131.83 0 97.07 0 44.8 26.67 0 97.07 0c50.35 0 90.67 39.31 90.67 90.67 0 50.35-39.31 90.66-90.67 90.66""/></svg>"
ac257ce0ad3fc16513c55487a6e0eec8,"<svg xmlns=""http://www.w3.org/2000/svg"" width=""256"" height=""256"" viewBox=""0 0 256 256""><path fill=""#4d4d4d"" d=""M197.87 10.67h-128c-1.07 0-2.13-.53-2.67-1.07L1.07 1.07A2.7 2.7 0 0 0 .53 0H0v10.67a2.7 2.7 0 0 0 1.07 2.13l128 104a2.7 2.7 0 0 0 2.67 1.06m-128 10.66V128h128c1.07 0 2.14-.53 2.67-1.07l128-104a2.7 2.7 0 0 0 1.07-2.13V10.67z""/><path fill=""#4d4d4d"" d=""M197.87 10.67h-128c-1.07 0-2.13-.53-2.67-1.07L1.07 1.07A2.7 2.7 0 0 0 .53 0H0v10.67a2.7 2.7 0 0 0 1.07 2.13l128 104a2.7 2.7 0 0 0 2.67 1.06m-128 10.66V128h128c1.07 0 2.14-.53 2.67-1.07l128-104a2.7 2.7 0 0 0 1.07-2.13V10.67z""/></svg>"
034434f25044347627650b37c6ded315,"<svg xmlns=""http://www.w3.org/2000/svg"" width=""256"" height=""256"" viewBox=""0 0 256 256""><path d=""M117.33 0C52.48 0 0 52.48 0 117.33c0 64.85 52.48 117.33 117.33 117.33s117.34-52.48 117.34-117.33S182.19 0 117.33 0m-1.6 128a10.67 10.67 0 0 1 0 21.33H96v21.34h21.33a10.67 10.67 0 0 1 0 21.34H96V192h21.33a10.67 10.67 0 0 1 0 21.33H96v21.34h21.33a10.67 10.67 0 0 1 0 21.34H96v21.33a10.67 10.67 0 0 1-21.33 0v-21.33H64a10.67 10.67 0 0 1 0-21.33h21.33V192H64a10.67 10.67 0 0 1 0-21.33h21.33V128z""/></svg>"
8cc54422f6df100049df0fa8b3297e7c,"<svg xmlns=""http://www.w3.org/2000/svg"" width=""256"" height=""256"" viewBox=""0 0 256 256""><path fill=""#4d4d4d"" d=""M187.9 10.67H10.67A10.67 10.67 0 0 0 0 21.33v149.34a10.67 10.67 0 0 0 10.67 10.66h177.23a10.67 10.67 0 0 0 10.66-10.66V21.33a10.67 10.67 0 0 0-10.66-10.66m-176 149.34h166.66V32H21.9zm176-10.66c0 5.89-4.78 10.67-10.67 10.67H21.9c-5.89 0-10.67-4.78-10.67-10.67V21.33c0-5.89 4.78-10.67 10.67-10.67h177.23c5.89 0 10.66 4.78 10.66 10.67z""/><path fill=""#4d4d4d"" d=""M106.67 160a10.67 10.67 0 0 1-10.67-10.67V53.33a10.67 10.67 0 0 1 21.34 0v96a10.67 10.67 0 0 1-10.67 10.67""/><path fill=""#4d4d4d"" d=""M106.67 160a10.67 10.67 0 0 1-10.67-10.67V53.33a10.67 10.67 0 0 1 21.34 0v96a10.67 10.67 0 0 1-10.67 10.67""/></svg>"
eca474d62ec9c844fb98d910e5b4bddb,"<svg xmlns=""http://www.w3.org/2000/svg"" width=""256"" height=""256"" viewBox=""0 0 256 256""><path fill=""#474a54"" d=""M198.4 0H17.6C7.84 0 0 7.84 0 17.6v176c0 9.76 7.84 17.6 17.6 17.6h180.8c9.76 0 17.6-7.84 17.6-17.6V17.6c0-9.76-7.84-17.6-17.6-17.6""/><path fill=""#474a54"" d=""M198.4 0H17.6C7.84 0 0 7.84 0 17.6v176c0 9.76 7.84 17.6 17.6 17.6h180.8c9.76 0 17.6-7.84 17.6-17.6V17.6C216 7.84 208.16 0 198.4 0m-17.6 176H19.2V19.2h161.6z""/><path fill=""#474a54"" d=""M198.4 17.6H17.6c-9.76 0-17.6 7.84-17.6 17.6v176c0 9.76 7.84 17.6 17.6 17.6h180.8c9.76 0 17.6-7.84 17.6-17.6V35.2c0-9.76-7.84-17.6-17.6-17.6""/><path fill=""#474a54"" d=""M198.4 17.6H17.6c-9.76 0-17.6 7.84-17.6 17.6v176c0 9.76 7.84 17.6 17.6 17.6h180.8c9.76 0 17.6-7.84 17.6-17.6V35.2c0-9.76-7.84-17.6-17.6-17.6""/><path fill=""#474a54"" d=""M198.4 17.6H17.6c-9.76 0-17.6 7.84-17.6 17.6v176c0 9.76 7.84 17.6 17.6 17.6h180.8c9.76 0 17.6-7.84 17.6-17.6V35.2c0-9.76-7.84-17.6-17.6-17.6""/><path fill=""#474a54"" d=""M198.4 17.6H17.6c-9.76 0-17.6 7.84-17.6 17.6v176c0 9.76 7.84 17.6 17.6 17.6h180.8c9.76 0 17.6-7.84 17.6-17.6V35.2c0-9.76-7.84-17.6-17.6-17.6""/></svg>"
4bdabc5bd786e2ab60383e19c1089f76,"<svg xmlns=""http://www.w3.org/2000/svg"" width=""256"" height=""256"" viewBox=""0 0 256 256""><path fill=""#333"" d=""M94.78 106.67a10.67 10.67 0 1 0 21.33 0 10.67 10.67 0 1 0-21.33 0""/><path fill=""#333"" d=""M106.67 106.67c-29.86 0-53.33-23.47-53.33-53.33S76.8 0 106.67 0s53.34 23.47 53.34 53.33-23.47 53.33-53.34 53.33m0-96C47.75 10.67 10.67 47.75 10.67 106.67s37.08 96 85.33 96 85.34-37.08 85.34-96-37.08-96-85.34-96""/><path fill=""#333"" d=""M106.67 160h-64v-21.33H85.33V160zm0-42.67h-64V160H85.33z""/></svg>"
71ee158a22a6097284b46695521992a7,"<svg xmlns=""http://www.w3.org/2000/svg"" width=""256"" height=""256"" viewBox=""0 0 256 256""><path fill=""currentColor"" d=""M197.48 10.67H10.67A10.67 10.67 0 0 0 0 21.33v149.34a10.67 10.67 0 0 0 10.67 10.66h186.81a10.67 10.67 0 0 0 10.66-10.66V21.33a10.67 10.67 0 0 0-10.66-10.66m-186.81 149.34h176.21l-32.43-32.43L10.67 149.33z""/><path fill=""currentColor"" d=""M106.67 106.67c-17.71 0-32-14.29-32-32s14.29-32 32-32 32 14.29 32 32-14.29 32-32 32""/></svg>"
9fa4222ec7965d5d3df86cd6b7967041,"<svg xmlns=""http://www.w3.org/2000/svg"" width=""256"" height=""256"" viewBox=""0 0 256 256""><path fill=""#4a90e2"" d=""M178.67 106.67c-1.07 0-2.13-.53-2.67-1.07l-1.6-1.6A10.67 10.67 0 0 0 160 85.33v-64C160 21.33 138.67 0 106.67 0S42.67 21.33 42.67 53.33v64a10.67 10.67 0 0 0 2.67 1.07L1.07 106.67A10.67 10.67 0 0 0 0 117.33V192a10.67 10.67 0 0 0 10.67 10.67h160A10.67 10.67 0 0 0 192 192V117.33a10.67 10.67 0 0 0-10.67-10.66""/><path fill=""#ff4b4b"" d=""M106.67 106.67a32 32 0 1 0 0 64 32 32 0 0 0 0-64m0 16a16 16 0 1 1 0 32 16 16 0 0 1 0-32""/></svg>"
thesantatitan_deepseek-svg-dataset_0001094,"<svg xmlns=""http://www.w3.org/2000/svg"" width=""256"" height=""256"" fill=""none"" stroke=""#000"" stroke-linecap=""round"" stroke-linejoin=""round"" stroke-width=""21.33""><rect width=""192"" height=""170.67"" x=""32"" y=""42.67"" rx=""21.33""/><circle cx=""85.33"" cy=""128"" r=""10.67""/><path d=""M0 0h128v128H0z""/></svg>"
3332a2eeb90d4b8ace89ce52e857c0f1,"<svg xmlns=""http://www.w3.org/2000/svg"" width=""256"" height=""256"" viewBox=""0 0 256 256""><path fill=""#4e8cee"" d=""M97.6 128a32 32 0 1 0 64 0 32 32 0 1 0-64 0""/><path fill=""#4e8cee"" d=""M128 128c-17.6 0-32-14.4-32-32s14.4-32 32-32 32 14.4 32 32-14.4 32-32 32m0-48a16 16 0 1 1 0 32 16 16 0 0 1 0-32""/></svg>"
thesantatitan_deepseek-svg-dataset_0003906,"<svg xmlns=""http://www.w3.org/2000/svg"" width=""256"" height=""256"" viewBox=""0 0 256 256""><rect width=""256"" height=""256""/><g transform=""translate(128 128)""><circle r=""19.2"" fill=""#fff""/><path fill=""red"" d=""M44.8 76.8q-12.8 12.8-25.6 0t-25.6-12.8Q0 76.8 0 64q0-12.8 12.8-25.6T25.6 0q12.8 12.8 25.6 0t25.6 12.8q12.8-12.8 25.6 0t25.6 12.8q12.8 12.8 0 25.6t-25.6 12.8""/><path fill=""red"" d=""M44.8 76.8q-12.8 12.8-25.6 0t-25.6-12.8Q0 76.8 0 64q0-12.8 12.8-25.6T25.6 0q12.8 12.8 25.6 0t25.6 12.8q12.8 12.8 0 25.6t-25.6 12.8""/><path fill=""red"" d=""M44.8 76.8q-12.8 12.8-25.6 0t-25.6-12.8Q0 76.8 0 64q0-12.8 12.8-25.6T25.6 0q12.8 12.8 25.6 0t25.6 12.8q12.8 12.8 0 25.6t-25.6 12.8""/></g></svg>"
90a05b017060160c10ff6d99d5899d03,"<svg xmlns=""http://www.w3.org/2000/svg"" viewBox=""0 0 256 256""><circle cx=""128"" cy=""128"" r=""120"" fill=""#fff"" stroke=""#000"" stroke-width=""8""/><path d=""M165.14 148.26h-23.39v-13.17h23.39a7.68 7.68 0 0 0 0-15.36h-14.08l15.65-17.84a7.68 7.68 0 1 0-11.52-10.14l-21.12 24.01-21.06-24.01a7.68 7.68 0 0 0-11.52 10.14l15.62 17.84h-18.39a7.68 7.68 0 0 0 0 15.36h23.36v13.17h-23.38a7.68 7.68 0 0 0 0 15.36h23.38v13.7a7.68 7.68 0 0 0 15.36 0v-13.7h23.39a7.68 7.68 0 0 0 0-15.36""/></svg>"
81f0ef2e89e860a114af2d8a4d133baa,"<svg xmlns=""http://www.w3.org/2000/svg"" width=""256"" height=""256"" viewBox=""0 0 256 256""><path d=""M197.48 0H20.52C9.14 0 0 9.14 0 20.52v146.86c0 11.38 9.14 20.52 20.52 20.52h176.96c11.38 0 20.52-9.14 20.52-20.52V20.52C218 9.14 208.86 0 197.48 0m-17.06 163.48a17.06 17.06 0 1 1 0-34.12 17.06 17.06 0 0 1 0 34.12m-17.06-42.66a17.06 17.06 0 1 1 0-34.12 17.06 17.06 0 0 1 0 34.12m-17.06-42.66a17.06 17.06 0 1 1 0-34.12 17.06 17.06 0 0 1 0 34.12""/></svg>"
c3ce8e79074302a57f484a046a013c36,"<svg xmlns=""http://www.w3.org/2000/svg"" width=""256"" height=""256"" viewBox=""0 0 256 256""><path fill=""#4e8cee"" d=""M197.33 106.67a10.67 10.67 0 0 1-10.66-10.66V10.67c0-5.89-4.78-10.67-10.66-10.67H10.67C4.78 0 0 4.78 0 10.67v176c0 5.89 4.78 10.67 10.67 10.67h176c5.89 0 10.66-4.78 10.66-10.67zm-186.66 0a10.67 10.67 0 0 1 10.66-10.66h176a10.67 10.67 0 0 1 10.66 10.66v176a10.67 10.67 0 0 1-10.66 10.67H10.67A10.67 10.67 0 0 1 0 202.67z""/><path fill=""#4e8cee"" d=""M197.33 106.67a10.67 10.67 0 0 1-10.66-10.66V10.67c0-5.89-4.78-10.67-10.66-10.67H10.67C4.78 0 0 4.78 0 10.67v176c0 5.89 4.78 10.67 10.67 10.67h176c5.89 0 10.66-4.78 10.66-10.67zM186.67 0a10.67 10.67 0 0 1 10.66 10.67v176a10.67 10.67 0 0 1-10.66 10.67H10.67A10.67 10.67 0 0 1 0 202.67V10.67A10.67 10.67 0 0 1 10.67 0z""/></svg>"
5042ffa79825e6f2e6cee4a274ba4f5b,"<svg xmlns=""http://www.w3.org/2000/svg"" width=""256"" height=""256"" viewBox=""0 0 256 256""><path fill=""#c49f78"" d=""M0 128a128 128 0 1 0 256 0 128 128 0 1 0-256 0""/><path fill=""#fff"" d=""M128 16v16h16V16zm0 16v16h16V32zM16 128a112 112 0 1 0 224 0 112 112 0 1 0-224 0m112 16H64v16h64z""/></svg>"
9505dcfe12be5fffcbb4ba231515c977,"<svg xmlns=""http://www.w3.org/2000/svg"" width=""256"" height=""256"" viewBox=""0 0 256 256""><path fill=""currentColor"" d=""M197.48 10.67a10.67 10.67 0 0 0-10.67 10.66v128c0 5.89 4.78 10.67 10.67 10.67s10.66-4.78 10.66-10.67V21.33c0-5.89-4.78-10.66-10.66-10.66m-10.66 128H21.33v-128h165.48zm-10.66-10.66a10.67 10.67 0 0 0-10.66 10.66v10.66a10.67 10.67 0 0 0 21.33 0v-10.66a10.67 10.67 0 0 0-10.67-10.66m-10.66 10.66a10.67 10.67 0 0 0-10.66 10.66v10.66a10.67 10.67 0 0 0 21.33 0v-10.66a10.67 10.67 0 0 0-10.67-10.66m-10.66 10.66a10.67 10.67 0 0 0-10.66 10.66v10.66a10.67 10.67 0 0 0 21.33 0v-10.66a10.67 10.67 0 0 0-10.67-10.66m-10.66 10.66a10.67 10.67 0 0 0-10.66 10.66v10.66a10.67 10.67 0 0 0 21.33 0v-10.66a10.67 10.67 0 0 0-10.67-10.66""/></svg>"
74f6eac8-62ee-4eb8-8011-46240d04e009,"<svg xmlns=""http://www.w3.org/2000/svg"" width=""256"" height=""256"" viewBox=""0 0 256 256""><path fill=""#4e8cee"" d=""M179.2 128a12.8 12.8 0 0 1-12.8-12.8V12.8c0-7.04-5.76-12.8-12.8-12.8H12.8C5.76 0 0 5.76 0 12.8v102.4c0 7.04 5.76 12.8 12.8 12.8h153.6c7.04 0 12.8-5.76 12.8-12.8zm-12.8 0H12.8v-64h153.6z""/><path fill=""#4e8cee"" d=""m128 128-12.8-12.8L128 0l12.8 12.8zM128 0l12.8 12.8-12.8 12.8z""/></svg>"
53327e66189097b0ff9f7e70945735dc,"<svg xmlns=""http://www.w3.org/2000/svg"" width=""256"" height=""256"" viewBox=""0 0 256 256""><path fill=""#444"" d=""M197.87 0H18.13C8.53 0 0 8.53 0 18.13v179.2c0 9.6 8.53 18.13 18.13 18.13h179.2c9.6 0 18.13-8.53 18.13-18.13V18.13C216 8.53 207.47 0 197.87 0m-17.07 197.87a17.07 17.07 0 1 1 0-34.13 17.07 17.07 0 0 1 0 34.13""/><path fill=""#444"" d=""M106.67 106.67a18.13 18.13 0 1 0 0-36.27 18.13 18.13 0 0 0 0 36.27m-42.67 0a18.13 18.13 0 1 0 0-36.27 18.13 18.13 0 0 0 0 36.27m106.66 0a18.13 18.13 0 1 0 0-36.27 18.13 18.13 0 0 0 0 36.27m-106.66 0a18.13 18.13 0 1 0 0-36.27 18.13 18.13 0 0 0 0 36.27m106.66 0a18.13 18.13 0 1 0 0-36.27 18.13 18.13 0 0 0 0 36.27""/></svg>"
b360fa0926a8b1957b1f26088fe97853,"<svg xmlns=""http://www.w3.org/2000/svg"" width=""256"" height=""256"" viewBox=""0 0 256 256""><path d=""M184.79 10.67a10.67 10.67 0 0 0-10.66 10.66v106.66A10.67 10.67 0 0 1 174.13 128h-106.66A10.67 10.67 0 0 0 64 138.67V21.33A10.67 10.67 0 0 0 74.67 10.67zm-10.66 10.66H74.67v106.66h106.66zM10.67 10.67A10.67 10.67 0 0 0 0 21.33v106.66a10.67 10.67 0 0 0 10.67 10.66h106.66a10.67 10.67 0 0 0 10.66-10.66V21.33A10.67 10.67 0 0 0 128 10.67z""/><path d=""M106.67 106.67c-29.86 0-53.33-23.47-53.33-53.33S76.8 0 106.67 0s53.34 23.47 53.34 53.33-23.47 53.34-53.34 53.34m0-96C57.6 10.67 10.67 57.6 10.67 106.67s46.93 96 96 96 96-46.93 96-96-46.93-96-96-96""/></svg>"
6ad7c2e050bff53dcea032cf7583bf0a,"<svg xmlns=""http://www.w3.org/2000/svg"" viewBox=""0 0 256 256""><rect width=""256"" height=""256"" fill=""white""/><rect x=""40"" y=""120"" width=""100"" height=""50"" rx=""10"" fill=""#d2691e""/><rect x=""40"" y=""110"" width=""100"" height=""20"" fill=""#f4a460""/><rect x=""40"" y=""150"" width=""100"" height=""15"" fill=""yellow""/><rect x=""40"" y=""165"" width=""100"" height=""10"" fill=""green""/><rect x=""160"" y=""100"" width=""40"" height=""80"" fill=""#87ceeb""/><line x1=""180"" y1=""80"" x2=""180"" y2=""100"" stroke=""red"" stroke-width=""4""/></svg>"
6bc65b1d3307d18e1f92706020aa894b,"<svg xmlns=""http://www.w3.org/2000/svg"" width=""256"" height=""256"" viewBox=""0 0 256 256""><path fill=""currentColor"" d=""M128 0C57.42 0 0 57.42 0 128s57.42 128 128 128 128-57.42 128-128S198.58 0 128 0m0 234.67c-58.88 0-106.67-47.79-106.67-106.67S69.12 21.33 128 21.33 234.67 69.12 234.67 128 186.88 234.67 128 234.67""/><path fill=""currentColor"" d=""M128 106.67a21.33 21.33 0 1 0 0 42.66 21.33 21.33 0 0 0 0-42.66m0 16a5.33 5.33 0 1 1 0 10.67 5.33 5.33 0 0 1 0-10.67""/></svg>"
c3db0c52ced2e11be751309c2556006d,"<svg xmlns=""http://www.w3.org/2000/svg"" width=""256"" height=""256"" viewBox=""0 0 256 256""><path d=""M184 0H24A24 24 0 0 0 0 24v192a24 24 0 0 0 24 24h160a24 24 0 0 0 24-24V24a24 24 0 0 0-24-24m-72 160H40V40h80zm0-112H40V24h80zM160 160a16 16 0 1 1 0-32 16 16 0 0 1 0 32m-48-48a16 16 0 1 1 0-32 16 16 0 0 1 0 32""/></svg>"
2a1c12b0d51a179892d195533f7f596c,"<svg xmlns=""http://www.w3.org/2000/svg"" width=""256"" height=""256"" viewBox=""0 0 256 256""><path fill=""#fff"" d=""M197.48 17.07h-17.06V0H17.07v17.07H0v170.66h170.66V17.07zM17.07 17.07h170.66c8.53 0 17.06 7.11 17.06 17.07v170.66c0 8.53-7.11 17.06-17.06 17.06H17.07C7.11 256 0 248.89 0 239.46V34.14c0-8.53 7.11-17.07 17.07-17.07""/><path fill=""#fff"" d=""m170.67 170.67-17.06-17.06a17.1 17.1 0 0 0-24.54 0l-17.06 17.06a17.1 17.1 0 0 0 0 24.54l17.06 17.06a17.1 17.1 0 0 0 24.54 0l17.06-17.06a17.1 17.1 0 0 0 0-24.54""/></svg>"
90abc2f690f333e847fe3eb62fdef1a2,"<svg xmlns=""http://www.w3.org/2000/svg"" width=""256"" height=""256"" viewBox=""0 0 256 256""><path fill=""#979797"" d=""M84.8 10.67a10.67 10.67 0 0 1-10.67 10.66v128c0 5.89 4.78 10.67 10.67 10.67h128a10.67 10.67 0 0 1 0 21.33H95.47l45.26 45.26a10.67 10.67 0 0 1-15.08 15.08L64 160.01V21.33C64 9.55 73.55 0 85.33 0z""/></svg>"
thesantatitan_deepseek-svg-dataset_0003980,"<svg xmlns=""http://www.w3.org/2000/svg"" width=""256"" height=""256"" viewBox=""0 0 256 256""><rect width=""256"" height=""256""/><g transform=""translate(128 128)""><circle r=""19.2"" fill=""#fff""/><path fill=""red"" d=""M44.8 76.8q-12.8 12.8-25.6 0t-25.6-12.8Q0 76.8 0 64q0-12.8 12.8-25.6T25.6 0q12.8 12.8 25.6 0t25.6 12.8q12.8-12.8 25.6 0t25.6 12.8q12.8 12.8 0 25.6t-25.6 12.8""/><path fill=""red"" d=""M44.8 76.8q-12.8 12.8-25.6 0t-25.6-12.8Q0 76.8 0 64q0-12.8 12.8-25.6T25.6 0q12.8 12.8 25.6 0t25.6 12.8q12.8 12.8 0 25.6t-25.6 12.8""/><path fill=""red"" d=""M44.8 76.8q-12.8 12.8-25.6 0t-25.6-12.8Q0 76.8 0 64q0-12.8 12.8-25.6T25.6 0q12.8 12.8 25.6 0t25.6 12.8q12.8 12.8 0 25.6t-25.6 12.8""/></g></svg>"
c9b6722769932bb1efc2f6bc12ed7d65,"<svg xmlns=""http://www.w3.org/2000/svg"" width=""256"" height=""256"" fill=""none"" viewBox=""0 0 256 256""><g stroke=""#1c274c"" stroke-width=""16""><path d=""M85.33 96h-64C0 96 0 85.33 0 74.67V53.33C0 42.67 0 32 8.53 32H16v42.67""/><path d=""m106.67 106.67 21.34 21.34a10.67 10.67 0 0 1-15.04 15.04l-21.34-21.34a10.67 10.67 0 0 1 0-15.04L106.67 74.67a10.67 10.67 0 0 1 15.04 15.04""/><circle cx=""128"" cy=""128"" r=""106.67"" opacity="".1""/></g></svg>"
b38e1c566cfcb22ad3f533f433cd0733,"<svg xmlns=""http://www.w3.org/2000/svg"" width=""256"" height=""256"" viewBox=""0 0 256 256""><path d=""M197.48 106.67a10.67 10.67 0 0 1-10.67 10.66H10.67A10.67 10.67 0 0 1 0 117.33v106.66A10.67 10.67 0 0 0 10.67 224h176a10.67 10.67 0 0 0 10.66-10.67V117.33a10.67 10.67 0 0 1 10.66-10.66m-186.67 0h176V128H13.33zM192 213.33c-17.71 0-32-14.29-32-32s14.29-32 32-32 32 14.29 32 32-14.29 32-32 32""/><path d=""M160 106.67a10.67 10.67 0 0 1-10.67-10.66V64a10.67 10.67 0 0 1 21.34 0v32A10.67 10.67 0 0 1 160 106.67m-10.67 0a10.67 10.67 0 0 1-10.66-10.66V64a10.67 10.67 0 0 1 21.33 0v32A10.67 10.67 0 0 1 160 106.67""/></svg>"
b8029140c5fbb9821be9425c7fd82df5,"<svg xmlns=""http://www.w3.org/2000/svg"" width=""256"" height=""256"" viewBox=""0 0 256 256""><path fill=""currentColor"" d=""M197.48 10.67h-128A10.67 10.67 0 0 0 0 21.33v128a10.67 10.67 0 0 0 10.67 10.66H197.48a10.67 10.67 0 0 0 10.67-10.66V21.33A10.67 10.67 0 0 0 197.48 10.67m-128 128h128a10.67 10.67 0 0 1 10.67 10.66v10.66H10.67V128a10.67 10.67 0 0 1 10.67-10.67""/></svg>"
5d7ea50b7cbde896eda454af884fd39c,"<svg xmlns=""http://www.w3.org/2000/svg"" width=""256"" height=""256"" viewBox=""0 0 256 256""><path fill=""#4d4d4d"" d=""M197.87 0H18.13C8.53 0 0 8.53 0 18.13v170.67c0 9.6 8.53 18.13 18.13 18.13h179.2c9.6 0 18.13-8.53 18.13-18.13V18.13C215.99 8.53 207.46 0 197.87 0m-17.06 170.67a17.07 17.07 0 0 1-17.06 17.06H18.13a17.07 17.07 0 0 1-17.06-17.06V18.13a17.07 17.07 0 0 1 17.06-17.06h179.2a17.07 17.07 0 0 1 17.06 17.06z""/><path fill=""#4d4d4d"" d=""M106.67 106.67a10.67 10.67 0 0 1-10.66-10.66V53.33a10.67 10.67 0 0 1 21.33 0v42.67a10.67 10.67 0 0 1-10.67 10.66m-42.66 0a10.67 10.67 0 0 1-10.66-10.66V53.33a10.67 10.67 0 0 1 21.33 0v42.67a10.67 10.67 0 0 1-10.67 10.66""/></svg>"
5dcad18dd9f772a1ad8cd21e85dc0d22,"<svg xmlns=""http://www.w3.org/2000/svg"" width=""256"" height=""256"" viewBox=""0 0 256 256""><path fill=""#4d4d4d"" d=""M178.93 104.5a56.2 56.2 0 0 0-56.13-56.13A56.2 56.2 0 0 0 62.8 56.13c0 30.9 25.2 56.13 56.13 56.13s56.13-25.2 56.13-56.13m-12.8 0a43.3 43.3 0 0 1-43.27 43.27 43.3 43.3 0 0 1-43.27-43.27 43.3 43.3 0 0 1 43.27-43.27 43.3 43.3 0 0 1 43.27 43.27""/><path fill=""#ff9f00"" d=""M180.73 180.73H168v-16h12.73l-12.73-12.73L168 144V131.27h12.73z""/></svg>"
45cc90ae5276bda487c4d20efc9f681c,"<svg xmlns=""http://www.w3.org/2000/svg"" width=""256"" height=""256"" viewBox=""0 0 256 256""><path fill=""#979797"" d=""M184.32 102.4c-1.28 0-2.56-.64-3.2-1.28l-1.28-1.28a12.8 12.8 0 0 0-17.92 0L128 102.4V12.8C128 5.76 122.24 0 115.2 0S108.16 5.76 108.16 12.8v89.6H12.8C5.76 102.4 0 108.16 0 115.2s5.76 12.8 12.8 12.8h128c7.04 0 12.8-5.76 12.8-12.8s-5.76-12.8-12.8-12.8""/></svg>"
fdd6dae79b074bc46f43126e1bd6c938,"<svg xmlns=""http://www.w3.org/2000/svg"" width=""256"" height=""256"" fill=""none"" viewBox=""0 0 256 256""><path stroke=""#000"" stroke-linecap=""round"" stroke-linejoin=""round"" stroke-width=""21.33"" d=""M85.33 42.67a42.69 42.69 0 0 0-42.66 42.66v21.34c0 17.71 14.35 32 32 32h21.34c17.71 0 32-14.35 32-32V85.33a42.69 42.69 0 0 0-42.67-42.66""/></svg>"
1caebe7cd161b7e3bf1035a31da0b4ef,"<svg xmlns=""http://www.w3.org/2000/svg"" width=""256"" height=""256"" viewBox=""0 0 256 256""><path d=""M197.48 0H10.52C4.7 0 0 4.7 0 10.52v176.9c0 5.82 4.7 10.52 10.52 10.52h186.96c5.82 0 10.52-4.7 10.52-10.52V10.52C208 4.7 203.3 0 197.48 0m-18.28 182.28a9.14 9.14 0 0 1-9.14 9.14H19.14a9.14 9.14 0 0 1-9.14-9.14V19.14a9.14 9.14 0 0 1 9.14-9.14h168.14a9.14 9.14 0 0 1 9.14 9.14z""/><path d=""M106.28 106.28a9.14 9.14 0 1 0 18.28 0 9.14 9.14 0 1 0-18.28 0""/><path d=""M106.28 125.48a9.14 9.14 0 1 0 18.28 0 9.14 9.14 0 1 0-18.28 0""/></svg>"
a2d1fb8c976851526db46bd0a62df319,"<svg xmlns=""http://www.w3.org/2000/svg"" width=""256"" height=""256"" viewBox=""0 0 256 256""><path fill=""#333"" d=""M94.78 10.67a10.67 10.67 0 0 1-10.67-10.67V0H74.67v10.67A10.67 10.67 0 0 1 64 10.67zm-10.67 0h10.67v10.67H84.11zM10.67 106.67c0-17.71 14.3-32 32-32s32 14.29 32 32-14.3 32-32 32-32-14.29-32-32m128 0c0-17.71 14.3-32 32-32s32 14.29 32 32-14.3 32-32 32-32-14.29-32-32""/><path fill=""#333"" d=""M106.67 160a10.67 10.67 0 0 1-10.67-10.67V128a10.67 10.67 0 0 1 21.33 0v21.33A10.67 10.67 0 0 1 106.67 160""/></svg>"
7ab9719066edb519fc70aaeb07eb4e06,"<svg xmlns=""http://www.w3.org/2000/svg"" width=""256"" height=""256"" fill=""none"" viewBox=""0 0 256 256""><path stroke=""#000"" stroke-linecap=""round"" stroke-linejoin=""round"" stroke-width=""21.33"" d=""M192 42.67H21.33m-85.34 0h85.34""/></svg>"
ff14e5ee37528d960a1d1bbb4df6f6af,"<svg xmlns=""http://www.w3.org/2000/svg"" width=""256"" height=""256"" viewBox=""0 0 256 256""><path d=""M98.47 196.9a98.47 98.47 0 1 1 98.47-98.47 98.5 98.5 0 0 1-98.47 98.47m0-184.7c-47.5 0-86.1 38.6-86.1 86.1s38.6 86.1 86.1 86.1 86.1-38.6 86.1-86.1S145.97 12.2 98.47 12.2""/><path d=""M106.67 128h-16v-16H80v16H64v16h16v16h16v-16h16z""/></svg>"
87cde794689a999ad40b40ef03f88eba,"<svg xmlns=""http://www.w3.org/2000/svg"" width=""256"" height=""256"" viewBox=""0 0 256 256""><path fill=""#4d4d4d"" d=""M128 0C57.31 0 0 57.31 0 128s57.31 128 128 128 128-57.31 128-128S198.69 0 128 0m0 234.67c-58.88 0-106.67-47.79-106.67-106.67S69.12 21.33 128 21.33 234.67 69.12 234.67 128 186.88 234.67 128 234.67""/><path fill=""#4d4d4d"" d=""M128 106.67a10.67 10.67 0 0 1 10.67 10.66v21.34H128V128h21.33v21.33a10.67 10.67 0 0 1-10.66 10.66H128a10.67 10.67 0 0 1-10.67-10.66zm0-42.67a10.67 10.67 0 0 1 10.67 10.66v21.34H128V64z""/></svg>"
eb25bd8aa69ff58fffe2f50db471c4a9,"<svg xmlns=""http://www.w3.org/2000/svg"" width=""256"" height=""256"" viewBox=""0 0 256 256""><path fill=""#4e5969"" d=""M178.67 16a16 16 0 1 0-32 0v16H16V16h146.67zM16 16v16h146.67V16zm16 16h146.67v16H32z""/><path fill=""#4e5969"" d=""M16 16v16h146.67V16zm16 16h146.67v16H32z""/></svg>"
72eb0386899d377cdfcf670007ebfad4,"<svg xmlns=""http://www.w3.org/2000/svg"" width=""256"" height=""256"" viewBox=""0 0 256 256""><rect x=""0"" y=""0"" width=""256"" height=""256"" fill=""white""/><circle cx=""128"" cy=""128"" r=""64"" fill=""black""/></svg>"
929aa50770012fcc29ea7619e1979620,"<svg xmlns=""http://www.w3.org/2000/svg"" width=""256"" height=""256"" viewBox=""0 0 256 256""><path d=""M128 0C57.42 0 0 57.42 0 128s57.42 128 128 128 128-57.42 128-128S198.58 0 128 0m0 234.67c-58.88 0-106.67-47.79-106.67-106.67S69.12 21.33 128 21.33 234.67 69.12 234.67 128 186.88 234.67 128 234.67""/><path d=""M128 106.67a10.67 10.67 0 0 1 10.67 10.66v21.34H128V128h21.33v21.33a10.67 10.67 0 0 1-10.66 10.66H128a10.67 10.67 0 0 1-10.67-10.66zm0-42.67a10.67 10.67 0 0 1 10.67 10.66v21.34H128V64h21.33v21.33a10.67 10.67 0 0 1-10.66 10.66H128a10.67 10.67 0 0 1-10.67-10.66z""/></svg>"
f7999d677294f41a6a77f628b2369578,"<svg xmlns=""http://www.w3.org/2000/svg"" width=""256"" height=""256"" viewBox=""0 0 256 256""><path d=""M197.48 10.67h-128A10.67 10.67 0 0 0 0 21.33v128a10.67 10.67 0 0 0 10.67 10.66H197.48a10.67 10.67 0 0 0 10.67-10.66V21.33A10.67 10.67 0 0 0 197.48 10.67m-128 128H197.48V21.33H21.33zm128-10.66H197.48V128H128zM128 0H21.33v128H128z""/></svg>"
4c8f301dc3b7a2b9427069599408694a,"<svg xmlns=""http://www.w3.org/2000/svg"" width=""256"" height=""256"" viewBox=""0 0 256 256""><path fill=""#b4eaff"" d=""M178.91 107.1a10.67 10.67 0 0 0-15.04 15.04l-21.33-21.33v21.33H107.1a10.67 10.67 0 0 0 0 21.33h21.33V192a10.67 10.67 0 0 0 21.33 0v-21.33h21.34a10.67 10.67 0 0 0 0-21.33h-21.34V107.1zm-10.67 21.33a10.67 10.67 0 0 0-15.04 15.04L128 192v-21.33h-21.33A10.67 10.67 0 0 0 85.33 192v21.33H64a10.67 10.67 0 0 0 0 21.33h21.33v21.34a10.67 10.67 0 0 0 21.33 0v-21.34h21.34a10.67 10.67 0 0 0 0-21.33z""/></svg>"
f6a0318b5669d8be1abf0fb0a67b3b3b,"<svg xmlns=""http://www.w3.org/2000/svg"" width=""256"" height=""256"" viewBox=""0 0 256 256""><path fill=""currentColor"" d=""M184.79 10.67a10.67 10.67 0 0 0-15.04 0l-42.66 42.66L10.67 10.67A10.67 10.67 0 0 0 0 21.33v149.34c0 5.87 4.78 10.66 10.67 10.66h170.66c5.87 0 10.66-4.79 10.66-10.66V21.33c0-5.86-4.79-10.67-10.66-10.67m-10.66 160H21.33v-128h149.34zm-128-106.66a10.67 10.67 0 0 0-15.04 0L10.67 10.67a10.67 10.67 0 0 0 0 15.04l42.66 42.66L10.67 106.67a10.67 10.67 0 0 0 0 15.04 10.67 10.67 0 0 0 15.04 0l42.66-42.66z""/></svg>"
112ba24ae9e0c6f096b9128625f8832c,"<svg xmlns=""http://www.w3.org/2000/svg"" width=""256"" height=""256"" viewBox=""0 0 256 256""><path fill=""#444"" d=""M87.95 16a8 8 0 0 0-8 8v104c0 4.41 3.59 8 8 8s8-3.59 8-8V24c0-4.41-3.59-8-8-8m104 16h-16v104c0 4.41-3.59 8-8 8s-8-3.59-8-8V24c0-4.41 3.59-8 8-8s8 3.59 8 8zm-16 16H80v104c0 4.41-3.59 8-8 8s-8-3.59-8-8V24c0-4.41 3.59-8 8-8s8 3.59 8 8z""/><path fill=""#444"" d=""M168 160a8 8 0 0 0-8 8v16a8 8 0 0 0 16 0v-16a8 8 0 0 0-8-8""/></svg>"
b42bf4c9f5cff809206c1566a65665f6,"<svg xmlns=""http://www.w3.org/2000/svg"" width=""256"" height=""256"" fill=""none"" viewBox=""0 0 256 256""><g stroke=""#000"" stroke-linecap=""round"" stroke-linejoin=""round"" stroke-width=""21.33""><path d=""M96 42.67c-28.8 0-53.33 24.53-53.33 53.33s24.53 53.34 53.33 53.34S149.33 117.33 149.33 96 124.8 42.67 96 42.67""/><path d=""m106.67 106.67-21.34 21.34L64 128l21.33-21.33""/></g></svg>"
0a36304dec03e1ea2fcd956c4bb7d3a1,"<svg xmlns=""http://www.w3.org/2000/svg"" width=""256"" height=""256"" fill=""none"" viewBox=""0 0 256 256""><path stroke=""#fff"" stroke-linecap=""round"" stroke-width=""21.33"" d=""M85.33 42.67c-17.71 0-32 14.29-32 32s14.29 32 32 32 32-14.29 32-32-14.29-32-32-32""/><g stroke-linejoin=""round"" stroke-width=""21.33""><path stroke=""#2f88ff"" d=""m106.67 106.67 106.66-106.66L106.67 0z""/><path stroke=""#e6b1d2"" d=""M106.67 106.67v-106.67l106.66 106.66z""/></g></svg>"
fc0c62d5010d40dbdc422b9877477348,"<svg xmlns=""http://www.w3.org/2000/svg"" width=""256"" height=""256"" viewBox=""0 0 256 256""><rect x=""0"" y=""0"" width=""256"" height=""256"" fill=""white""/><circle cx=""128"" cy=""128"" r=""64"" fill=""#000""/></svg>"
e5217d6123baf58c5d7ef460fe54cd7e,"<svg xmlns=""http://www.w3.org/2000/svg"" width=""256"" height=""256"" viewBox=""0 0 256 256""><path fill=""#fff"" d=""M197.48 0H18.52C8.2 0 0 8.2 0 18.52v178.96c0 10.32 8.2 18.52 18.52 18.52h178.96c10.32 0 18.52-8.2 18.52-18.52V18.52C215.99 8.2 207.79 0 197.48 0m-17.8 197.48H17.8V17.8h162.08z""/><path fill=""#fff"" d=""M103.74 111.1a17.8 17.8 0 0 1-17.8-17.8V55.14a17.8 17.8 0 0 1 35.6 0v37.16a17.8 17.8 0 0 1-17.8 17.8m0-15.24a2.56 2.56 0 0 0-2.56 2.56v37.16a2.56 2.56 0 0 0 5.12 0V95.86a2.56 2.56 0 0 0-2.56-2.56""/></svg>"
bb003bdd403f4a9bad8b1c3b138f4060,"<svg xmlns=""http://www.w3.org/2000/svg"" width=""256"" height=""256"" viewBox=""0 0 256 256""><path d=""M104 0C46.72 0 0 46.72 0 104s46.72 104 104 104 104-46.72 104-104S161.28 0 104 0m0 192c-48.32 0-88-39.68-88-88s39.68-88 88-88 88 39.68 88 88-39.68 88-88 88""/><path d=""M104 16a8 8 0 0 0-8 8v112h-16V24a8 8 0 0 0-16 0v112H24a8 8 0 0 0 0 16h112v16H24a8 8 0 0 0 0 16h112v16a8 8 0 0 0 16 0v-112h16v112a8 8 0 0 0 8 8""/></svg>"
2aa7a54fbec708d1adaa9f64f3da1336,"<svg xmlns=""http://www.w3.org/2000/svg"" width=""256"" height=""256"" viewBox=""0 0 256 256""><rect x=""0"" y=""0"" width=""256"" height=""256"" fill=""white""/><circle cx=""128"" cy=""128"" r=""64"" fill=""#4d4d4d""/></svg>"
f3a0e52f983b046e6f352e38d7089225,"<svg xmlns=""http://www.w3.org/2000/svg"" width=""256"" height=""256"" fill=""none"" viewBox=""0 0 256 256""><g stroke=""#1c274c"" stroke-linecap=""round"" stroke-width=""16""><path d=""M85.33 96H0""/><path d=""M85.33 192H0""/></g></svg>"
93fcb2f3193c0a05e3e025c37b99ca8f,"<svg xmlns=""http://www.w3.org/2000/svg"" width=""256"" height=""256"" viewBox=""0 0 256 256""><path d=""M94.78 182.8a94.78 94.78 0 1 1 94.78-94.78A94.8 94.8 0 0 1 94.78 182.8m0-167.58c-49.1 0-89.78 40.68-89.78 89.78s40.68 89.78 89.78 89.78 89.78-40.68 89.78-89.78S143.88 16.12 94.78 16.12""/><path d=""M182.8 103.98h-16.12V87.86l-32.24 32.24L128 128l-32.24-32.24v16.12H87.86l32.24 32.24L128 160l32.24-32.24v-16.12z""/></svg>"
01632c497e0bafb8ff07907f753a0fa8,"<svg xmlns=""http://www.w3.org/2000/svg"" width=""256"" height=""256"" viewBox=""0 0 256 256""><rect x=""0"" y=""0"" width=""256"" height=""256"" fill=""white""/><circle cx=""128"" cy=""128"" r=""64"" fill=""#47c98e""/></svg>"
a1546bb46e3d70ff4ebbb688ece1535f,"<svg xmlns=""http://www.w3.org/2000/svg"" width=""256"" height=""256"" viewBox=""0 0 256 256""><path fill=""#4d4d4d"" d=""M178.93 10.67a10.67 10.67 0 0 1-10.66 10.66H10.67A10.67 10.67 0 0 1 0 10.67V0h192v10.67zm-160 0a10.67 10.67 0 0 1-10.66 10.67H10.67A10.67 10.67 0 0 1 0 10.67V0h160z""/><path fill=""#4d4d4d"" d=""M178.93 10.67a10.67 10.67 0 0 1-10.66 10.66H10.67A10.67 10.67 0 0 1 0 10.67V0h192v10.67zM160 0H10.67A10.67 10.67 0 0 0 0 10.67v10.66h160V10.67A10.67 10.67 0 0 0 160 0m-160 0h160v10.67H160z""/></svg>"
c0a634bc156f907ad148fff33e08a797,"<svg xmlns=""http://www.w3.org/2000/svg"" width=""256"" height=""256"" viewBox=""0 0 256 256""><path d=""M197.48 10.67a10.67 10.67 0 0 0-10.67 10.66v128c0 5.89 4.78 10.67 10.67 10.67s10.66-4.78 10.66-10.67V21.33A10.67 10.67 0 0 0 197.48 10.67m-106.67 0a10.67 10.67 0 0 0-10.66 10.66v128a10.67 10.67 0 0 0 10.66 10.67S128 170.67 128 160V21.33a10.67 10.67 0 0 0-10.67-10.66m106.67 0a10.67 10.67 0 0 0-10.66 10.66v128a10.67 10.67 0 0 0 10.66 10.67 10.67 10.67 0 0 0 10.67-10.67V21.33a10.67 10.67 0 0 0-10.67-10.66""/></svg>"
9720d368bcaebe97328d60764b349438,"<svg xmlns=""http://www.w3.org/2000/svg"" width=""256"" height=""256"" viewBox=""0 0 256 256""><path fill=""#444"" d=""M178.93 10.67a10.67 10.67 0 0 1-10.66 10.66H10.67A10.67 10.67 0 0 1 0 10.67V10.67C0 4.77 4.77 0 10.67 0h158.6c5.9 0 10.66 4.77 10.66 10.67m-160 0v106.66l106.66-53.33z""/></svg>"
3cd203f594485bcf83054c3bebea8100,"<svg xmlns=""http://www.w3.org/2000/svg"" width=""256"" height=""256"" viewBox=""0 0 256 256""><rect x=""0"" y=""0"" width=""256"" height=""256"" fill=""white""/><circle cx=""128"" cy=""128"" r=""64"" fill=""#fff""/></svg>"
00f708cd3f4a7792afcfb4bc6dcb4017,"<svg xmlns=""http://www.w3.org/2000/svg"" width=""256"" height=""256"" fill=""none"" viewBox=""0 0 256 256""><path stroke=""#000"" stroke-linecap=""round"" stroke-linejoin=""round"" stroke-width=""21.33"" d=""M192 42.67H85.33m-106.66 0v128m106.66 0V42.67""/></svg>"
4af3c9ce4fd62efbbf0160a76f037b8d,"<svg xmlns=""http://www.w3.org/2000/svg"" width=""256"" height=""256"" viewBox=""0 0 256 256""><path d=""M184.79 184.79a10.67 10.67 0 0 1-15.08 0l-32-32a10.67 10.67 0 0 1 0-15.08L169.71 128H53.33A53.33 53.33 0 0 1 0 74.67V53.33A53.33 53.33 0 0 1 53.33 0h117.34A53.33 53.33 0 0 1 224 53.33v21.34A53.33 53.33 0 0 1 170.67 128zM10.67 10.67A42.67 42.67 0 0 0 53.33 53.33v21.34A42.67 42.67 0 0 0 10.67 106.67zm170.66 170.66a10.67 10.67 0 0 1-15.08 0l-32-32a10.67 10.67 0 0 1 0-15.08l32-32a10.67 10.67 0 0 1 15.08 0l32 32a10.67 10.67 0 0 1 0 15.08z""/><path d=""m184.79 184.79-32-32a10.67 10.67 0 0 1 0-15.08l32-32a10.67 10.67 0 0 1 15.08 0l32 32a10.67 10.67 0 0 1 0 15.08l-32 32a10.67 10.67 0 0 1-15.08 0""/></svg>"
63b3422cb2fe74e70f8e15f723077655,"<svg xmlns=""http://www.w3.org/2000/svg"" width=""256"" height=""256"" viewBox=""0 0 256 256""><path fill=""#ff9800"" d=""M147.2 128a12.8 12.8 0 0 1-12.8-12.8V64c0-7.04 5.76-12.8 12.8-12.8s12.8 5.76 12.8 12.8v42.24A12.8 12.8 0 0 1 147.2 128""/><path fill=""#fff"" d=""m147.2 128-12.8-12.8a12.8 12.8 0 0 0-12.8 12.8v42.24a12.8 12.8 0 0 0 12.8 12.8h42.24a12.8 12.8 0 0 0 12.8-12.8z""/><path fill=""#2196f3"" d=""M128 256C57.31 256 0 198.69 0 128S57.31 0 128 0s128 57.31 128 128-57.31 128-128 128m0-230.4c-57.44 0-104 46.56-104 104s46.56 104 104 104 104-46.56 104-104-46.56-104-104-104""/></svg>"
9ee3b1227a90cc9040d89e482e25e68a,"<svg xmlns=""http://www.w3.org/2000/svg"" width=""256"" height=""256"" viewBox=""0 0 256 256""><path fill=""#48c7ce"" d=""M128 0C57.31 0 0 57.31 0 128s57.31 128 128 128 128-57.31 128-128S198.69 0 128 0m0 234.67a106.67 106.67 0 1 1 0-213.33 106.67 106.67 0 0 1 0 213.33""/><path fill=""#fff"" d=""M128 106.67A21.33 21.33 0 1 0 128 128a21.33 21.33 0 0 0-.01-42.67""/></svg>"
34031d8d633b61cb8e6c5adf5ca66906,"<svg xmlns=""http://www.w3.org/2000/svg"" width=""256"" height=""256"" viewBox=""0 0 256 256""><path fill=""currentColor"" d=""M184.79 106.67a10.67 10.67 0 1 0-21.33 0v-10.66H10.67V10.67h170.66zM10.67 192a10.67 10.67 0 1 0 21.33 0v-10.67h170.66v10.67zm170.66-106.67a10.67 10.67 0 1 0 21.33 0v-10.66h-170.66z""/><path fill=""currentColor"" d=""M106.67 106.67a10.67 10.67 0 1 0 21.33 0v-10.66H106.67z""/></svg>"
c7b3eca840b6f51565368e521d493bf7,"<svg xmlns=""http://www.w3.org/2000/svg"" width=""256"" height=""256"" viewBox=""0 0 256 256""><rect x=""0"" y=""0"" width=""256"" height=""256"" fill=""white""/><circle cx=""128"" cy=""128"" r=""64"" fill=""#478ecf""/></svg>"
8ff07cf9f7a1ac4cf1b990630c754913,"<svg xmlns=""http://www.w3.org/2000/svg"" width=""256"" height=""256"" viewBox=""0 0 256 256""><path fill=""#444"" d=""M197.87 10.67h-192a10.67 10.67 0 0 0 0 21.33h192a10.67 10.67 0 0 0 0-21.33m-192 128h192a10.67 10.67 0 0 0 0-21.33H10.67a10.67 10.67 0 0 0 0 21.33""/><path fill=""#444"" d=""M197.87 10.67h-192a10.67 10.67 0 0 0 0 21.33h192a10.67 10.67 0 0 0 0-21.33m-192 128h192a10.67 10.67 0 0 0 0-21.33H10.67a10.67 10.67 0 0 0 0 21.33""/><path fill=""#444"" d=""M197.87 10.67h-192a10.67 10.67 0 0 0 0 21.33h192a10.67 10.67 0 0 0 0-21.33m-192 128h192a10.67 10.67 0 0 0 0-21.33H10.67a10.67 10.67 0 0 0 0 21.33""/><path fill=""#444"" d=""M197.87 10.67h-192a10.67 10.67 0 0 0 0 21.33h192a10.67 10.67 0 0 0 0-21.33m-192 128h192a10.67 10.67 0 0 0 0-21.33H10.67a10.67 10.67 0 0 0 0 21.33""/><path fill=""#444"" d=""M197.87 10.67h-192a10.67 10.67 0 0 0 0 21.33h192a10.67 10.67 0 0 0 0-21.33m-192 128h192a10.67 10.67 0 0 0 0-21.33H10.67a10.67 10.67 0 0 0 0 21.33""/></svg>"
ceb70ea6-74e0-4754-adbc-328208cd8ea3,"<svg xmlns=""http://www.w3.org/2000/svg"" width=""256"" height=""256"" fill=""none"" viewBox=""0 0 256 256""><g stroke=""#1c274c"" stroke-width=""16""><path d=""M89.6 128h-12.8C64 128 48 112 48 89.6V64c0-22.4 16-41.6 38.4-41.6s38.4 19.2 38.4 41.6v25.6c0 22.4-16 41.6-38.4 41.6""/><path d=""m128 128-12.8-12.8H89.6c-22.4 0-41.6 19.2-41.6 41.6S64 179.2 89.6 179.2h25.6c22.4 0 41.6-19.2 41.6-41.6""/><path d=""M128 128a12.8 12.8 0 0 1-12.8-12.8V64c0-22.4 16-41.6 38.4-41.6s38.4 19.2 38.4 41.6v25.6c0 22.4-16 41.6-38.4 41.6""/><path d=""M128 128a12.8 12.8 0 0 1-12.8-12.8V64c0-22.4 16-41.6 38.4-41.6s38.4 19.2 38.4 41.6v25.6c0 22.4-16 41.6-38.4 41.6""/></g></svg>"
0e2acc081df1ca0ea866498eb9da99ba,"<svg xmlns=""http://www.w3.org/2000/svg"" width=""256"" height=""256"" viewBox=""0 0 256 256""><path d=""M84.79 16.01a16 16 0 0 0-16 16v128c0 8.82 7.18 16 16 16s16-7.18 16-16V32c0-8.82-7.18-16-16-16m16 16h-16l-.01-16H64L64 0h16z""/><path d=""M16 160a16 16 0 0 0 16 16h160a16 16 0 0 0 16-16V32a16 16 0 0 0-16-16H32A16 16 0 0 0 16 32zm16 0h160V32H32zM16 160h160v16H16z""/></svg>"
9bc27fa8e926dec612e192735d63911e,"<svg xmlns=""http://www.w3.org/2000/svg"" width=""256"" height=""256"" viewBox=""0 0 256 256""><rect x=""0"" y=""0"" width=""256"" height=""256"" fill=""white""/><circle cx=""128"" cy=""128"" r=""64"" fill=""#97b4d8""/></svg>"
2c381c4126788a6b95c9150dc3a8a3d7,"<svg xmlns=""http://www.w3.org/2000/svg"" width=""256"" height=""256"" viewBox=""0 0 256 256""><path fill=""#444"" d=""M197.87 197.87H10.13a10.13 10.13 0 0 1-10.13-10.13V10.13C0 4.53 4.53 0 10.13 0h187.74c5.6 0 10.13 4.53 10.13 10.13v177.64c0 5.6-4.53 10.13-10.13 10.13m-187.74-10.13h177.64V10.13H10.13z""/><path fill=""#444"" d=""M187.74 177.64H10.13a10.13 10.13 0 0 1-10.13-10.13V10.13c0-5.6 4.53-10.13 10.13-10.13h177.64c5.6 0 10.13 4.53 10.13 10.13v157.31c0 5.6-4.53 10.13-10.13 10.13""/></svg>"
a039891794356a93f0b690fc9bdc1a54,"<svg xmlns=""http://www.w3.org/2000/svg"" width=""256"" height=""256"" viewBox=""0 0 256 256""><path d=""M178.49 10.67a10.67 10.67 0 0 1 .85 21.33H10.67A10.67 10.67 0 0 1 0 21.33v128a10.67 10.67 0 0 1 10.67 10.66h147.2l-42.66 42.66a10.67 10.67 0 0 1-15.04 0L74.67 160H10.67A10.67 10.67 0 0 1 0 149.33V21.33A10.67 10.67 0 0 1 10.67 10.67zm-16 10.66H16v128h146.67z""/></svg>"
2de7509b-b4b1-44c9-b134-e79d09773c1a,"<svg xmlns=""http://www.w3.org/2000/svg"" width=""256"" height=""256"" fill=""none"" viewBox=""0 0 256 256""><g stroke=""#000"" stroke-linecap=""round"" stroke-linejoin=""round"" stroke-width=""21.33""><path d=""M85.33 96V42.67""/><path d=""m128 128-42.67-42.67""/><path d=""M128 128v-42.67""/></g></svg>"
31ad93a7cf6591716bbc0ce785f8bb71,"<svg xmlns=""http://www.w3.org/2000/svg"" width=""256"" height=""256"" viewBox=""0 0 256 256""><rect x=""0"" y=""0"" width=""256"" height=""256"" fill=""white""/><circle cx=""128"" cy=""128"" r=""64"" fill=""#000""/></svg>"
08bb21af456700fada1ac15ec4d32754,"<svg xmlns=""http://www.w3.org/2000/svg"" width=""256"" height=""256"" viewBox=""0 0 256 256""><rect x=""0"" y=""0"" width=""256"" height=""256"" fill=""white""/><circle cx=""128"" cy=""128"" r=""64"" fill=""#f4b79c""/></svg>"
45edfe755f4b2466bbf0d84ea7d15401,"<svg xmlns=""http://www.w3.org/2000/svg"" width=""256"" height=""256"" viewBox=""0 0 256 256""><path fill=""#4e8cee"" d=""M197.33 213.33H21.33A21.33 21.33 0 0 1 0 192V21.33C0 9.49 9.49 0 21.33 0h176c11.84 0 21.33 9.49 21.33 21.33v170.66c0 11.84-9.49 21.33-21.33 21.33""/><path fill=""#4e8cee"" d=""M197.33 192a10.67 10.67 0 0 1-10.66 10.67H21.33A10.67 10.67 0 0 1 10.67 192V21.33A10.67 10.67 0 0 1 21.33 10.67h176A10.67 10.67 0 0 1 197.33 21.33z""/><path fill=""#4e8cee"" d=""M138.67 160a10.67 10.67 0 0 1-10.66-10.67V53.33a10.67 10.67 0 0 1 21.33 0v96a10.67 10.67 0 0 1-10.67 10.67""/><path fill=""#fefefef"" d=""M138.67 160a10.67 10.67 0 0 1-10.66-10.67V53.33a10.67 10.67 0 0 1 21.33 0v96a10.67 10.67 0 0 1-10.67 10.67""/></svg>"
7b8fc50363222eaf0d9371d86bb448e7,"<svg xmlns=""http://www.w3.org/2000/svg"" width=""256"" height=""256"" fill=""none"" viewBox=""0 0 256 256""><g stroke=""#1c274c"" stroke-linecap=""round"" stroke-width=""16""><path d=""M85.33 96H0""/><path d=""m106.67 0-10.66 10.67L0 106.67""/></g></svg>"
a9805813b67720210604c1200c2da2b6,"<svg xmlns=""http://www.w3.org/2000/svg"" width=""256"" height=""256"" viewBox=""0 0 256 256""><path fill=""currentColor"" d=""M178.49 10.67a10.67 10.67 0 0 1-10.66 10.66H10.67A10.67 10.67 0 0 1 0 10.67V10.67C0 4.77 4.77 0 10.67 0h157.16c5.9 0 10.67 4.77 10.67 10.67m-16.01 10.66v85.34l-16.01-10.66zm-16.01 10.66L128 128l-16.01-10.66zM128 128l-16.01-10.66 16.01-10.66z""/><path fill=""currentColor"" d=""M128 128a10.67 10.67 0 0 1-10.67-10.67V64a10.67 10.67 0 0 1 21.34 0v53.33A10.67 10.67 0 0 1 128 128m0-106.67a10.67 10.67 0 0 1-10.67 10.66v53.34a10.67 10.67 0 0 1-21.34 0V64a10.67 10.67 0 0 1 10.67-10.67""/></svg>"
d3d3a5bc95f33a9ea00a407f3a8ee393,"<svg xmlns=""http://www.w3.org/2000/svg"" width=""256"" height=""256"" viewBox=""0 0 256 256""><path d=""M184.79 10.67a10.67 10.67 0 0 1 10.66 10.66v106.66h-192V21.33A10.67 10.67 0 0 1 10.67 10.67zm-170.66 0H192v106.66H0z""/><path d=""m106.67 106.67 10.66-10.66h106.66l-10.66-10.66L128 10.67zM192 128h-128v-10.67h128z""/></svg>"
22e173a9-bc71-4d0d-84cf-1142060333ce,"<svg xmlns=""http://www.w3.org/2000/svg"" width=""256"" height=""256"" fill=""none"" viewBox=""0 0 256 256""><g stroke=""#1c274c"" stroke-linecap=""round"" stroke-width=""16""><path d=""M85.33 96a10.67 10.67 0 0 1-10.66-10.67V53.33C74.67 21.33 96 0 128 0s53.33 21.33 53.33 53.33v21.34A10.67 10.67 0 0 1 128 96""/><circle cx=""128"" cy=""128"" r=""106.67""/></g></svg>"
dc5100694058a72a945a134e15530f0b,"<svg xmlns=""http://www.w3.org/2000/svg"" width=""256"" height=""256"" viewBox=""0 0 256 256""><rect x=""0"" y=""0"" width=""256"" height=""256"" fill=""white""/><circle cx=""128"" cy=""128"" r=""64"" fill=""black""/></svg>"
72d63427fdc2f627b08d5dfaa6a9918e,"<svg xmlns=""http://www.w3.org/2000/svg"" width=""256"" height=""256"" viewBox=""0 0 256 256""><path fill=""#979797"" d=""M184.75 10.67a10.67 10.67 0 0 1 10.66 10.66v128c0 5.87-4.78 10.66-10.66 10.66H10.67A10.67 10.67 0 0 1 0 149.33V21.33C0 9.5 9.5 0 21.33 0h149.34c11.84 0 21.33 9.5 21.33 21.33z""/><path fill=""#979797"" d=""m106.67 106.67-21.34-21.34L128 0l21.33 21.33zm-21.34-21.34 21.34 21.34-21.34 21.34-21.34-21.34zM128 128c-5.87 0-10.67-4.78-10.67-10.66s4.78-10.67 10.67-10.67S128 112.11 128 128""/></svg>"
488042cf6eaa01e7845139e79a38e9fe,"<svg xmlns=""http://www.w3.org/2000/svg"" viewBox=""0 0 256 256""><circle cx=""128"" cy=""128"" r=""120"" fill=""#fff"" stroke=""#000"" stroke-width=""8""/><path d=""M137.14 117.26h-23.39v-13.17h23.39a7.68 7.68 0 0 0 0-15.36h-14.08l15.65-17.84a7.68 7.68 0 1 0-11.52-10.14l-21.12 24.01-21.06-24.01a7.68 7.68 0 0 0-11.52 10.14l15.62 17.84H75.03a7.68 7.68 0 0 0 0 15.36h23.36v13.17H75.01a7.68 7.68 0 0 0 0 15.36h23.38v13.7a7.68 7.68 0 0 0 15.36 0v-13.7h23.39a7.68 7.68 0 0 0 0-15.36""/></svg>"
f9e624c0e186b0e0f75887c3e2131df1,"<svg xmlns=""http://www.w3.org/2000/svg"" width=""256"" height=""256"" viewBox=""0 0 256 256""><path d=""M117.33 0C52.48 0 0 52.48 0 117.33c0 64.85 52.48 117.33 117.33 117.33s117.34-52.48 117.34-117.33S181.92 0 117.33 0m0 21.33a96 96 0 0 1 96 96 96 96 0 0 1-96 96 96 96 0 0 1-96-96 96 96 0 0 1 96-96""/><path d=""M117.33 106.67h-64v-42.66l32-32L128 0l32 32z""/></svg>"
8a7cd1257fb803546c12a12cc321b485,"<svg xmlns=""http://www.w3.org/2000/svg"" width=""256"" height=""256"" viewBox=""0 0 256 256""><path d=""M197.48 10.67a10.67 10.67 0 0 0-15.04 0l-53.33 53.34H10.67v106.66h170.66V64h-32L106.67 0z""/></svg>"
af7d4afb-4071-40e3-bcfe-2a5587e2dfe3,"<svg xmlns=""http://www.w3.org/2000/svg"" width=""256"" height=""256"" viewBox=""0 0 256 256""><rect x=""0"" y=""0"" width=""256"" height=""256"" fill=""white""/><circle cx=""128"" cy=""128"" r=""64"" fill=""#000""/></svg>"
aa9f193d583a18aab0b2792f8a98f1fe,"<svg xmlns=""http://www.w3.org/2000/svg"" width=""256"" height=""256"" viewBox=""0 0 256 256""><path fill=""#4d4d4d"" d=""M197.87 104.5a10.67 10.67 0 0 0-10.67-10.67H10.67A10.67 10.67 0 0 0 0 104.5v10.67c0 5.87 4.78 10.67 10.67 10.67h176.54c5.87 0 10.67-4.78 10.67-10.67zm-186.66 0a10.67 10.67 0 0 0-10.67 10.67v10.67c0 5.87 4.78 10.67 10.67 10.67h176.54c5.87 0 10.67-4.78 10.67-10.67V104.5a10.67 10.67 0 0 0-10.67-10.67z""/><path fill=""#4d4d4d"" d=""M197.87 160.5a10.67 10.67 0 0 0-10.67 10.67v10.67c0 5.87 4.78 10.67 10.67 10.67s10.67-4.78 10.67-10.67v-10.67a10.67 10.67 0 0 0-10.67-10.67m-186.66 0a10.67 10.67 0 0 0-10.67 10.67v10.67c0 5.87 4.78 10.67 10.67 10.67s10.67-4.78 10.67-10.67v-10.67a10.67 10.67 0 0 0-10.67-10.67""/></svg>"
323e864133b581e07a8c628d290bd4e7,"<svg xmlns=""http://www.w3.org/2000/svg"" width=""256"" height=""256"" viewBox=""0 0 256 256""><path fill=""#4a89dc"" d=""M170.67 106.67A10.67 10.67 0 0 1 181.33 96h-10.66v-64A10.67 10.67 0 0 1 170.67 0H128a10.67 10.67 0 0 1 0 21.33h32V96a10.67 10.67 0 0 1-10.67 10.67m-10.66 0c-17.65 0-32-14.35-32-32s14.35-32 32-32 32 14.35 32 32-14.35 32-32 32""/><path fill=""#4a89dc"" d=""M106.67 106.67A10.67 10.67 0 0 1 96 96V64a10.67 10.67 0 0 1 21.33 0v32A10.67 10.67 0 0 1 106.67 96m0 42.66A10.67 10.67 0 0 1 96 149.33v-32a10.67 10.67 0 0 1 21.33 0v32A10.67 10.67 0 0 1 106.67 192m0-106.66A10.67 10.67 0 0 1 96 64v-32a10.67 10.67 0 0 1 21.33 0v32A10.67 10.67 0 0 1 106.67 96""/></svg>"
b21a4952f41284c5698fc67c88e64868,"<svg xmlns=""http://www.w3.org/2000/svg"" width=""256"" height=""256"" viewBox=""0 0 256 256""><rect x=""0"" y=""0"" width=""256"" height=""256"" fill=""white""/><circle cx=""128"" cy=""128"" r=""64"" fill=""black""/></svg>"
64c0fdcd4bf1913d365cacdad36c2fe1,"<svg xmlns=""http://www.w3.org/2000/svg"" width=""256"" height=""256"" viewBox=""0 0 256 256""><rect x=""0"" y=""0"" width=""256"" height=""256"" fill=""white""/><circle cx=""128"" cy=""128"" r=""64"" fill=""#4d4d4d""/></svg>"
a062b36a-c983-41ea-9902-76638bc8be53,"<svg xmlns=""http://www.w3.org/2000/svg"" width=""256"" height=""256"" fill=""none"" viewBox=""0 0 256 256""><path stroke=""#000"" stroke-linecap=""round"" stroke-linejoin=""round"" stroke-width=""21.33"" d=""M85.33 42.67c-9.07 0-16 7.47-16 16s6.93 16 16 16 16-7.47 16-16-6.94-16-16-16m0 106.66C42.67 149.33 0 106.67 0 64S42.67 0 85.33 0s85.34 42.67 85.34 85.33-42.67 85.34-85.34 85.34""/></svg>"
156591ee09bef9ff296a7fa6fa8354bb,"<svg xmlns=""http://www.w3.org/2000/svg"" width=""256"" height=""256"" viewBox=""0 0 256 256""><path d=""M184.79 10.67a10.67 10.67 0 0 0-15.04 0l-53.33 32L106.67 0 96 32l-53.33 32a10.67 10.67 0 0 0-15.04 0L0 106.67l32 53.33 53.33-32 53.34 32 32-53.33zm-10.66 10.66v106.66h-10.66V10.67z""/></svg>"
ed06fe4128c3e2b58109abdb2ba0d381,"<svg xmlns=""http://www.w3.org/2000/svg"" width=""256"" height=""256"" viewBox=""0 0 256 256""><rect x=""0"" y=""0"" width=""256"" height=""256"" fill=""white""/><circle cx=""128"" cy=""128"" r=""64"" fill=""#4e8cee""/></svg>"
ce3b6c429f39d502344ac6f7735f723e,"<svg xmlns=""http://www.w3.org/2000/svg"" width=""256"" height=""256"" viewBox=""0 0 256 256""><path fill=""#4a89dc"" d=""M170.67 0H21.33A21.33 21.33 0 0 0 0 21.33v149.34A21.33 21.33 0 0 0 21.33 192h149.34A21.33 21.33 0 0 0 192 170.67V21.33A21.33 21.33 0 0 0 170.67 0m-128 128H128V128H42.67z""/><path fill=""#4a89dc"" d=""M128 106.67c-17.71 0-32-14.29-32-32s14.29-32 32-32 32 14.29 32 32-14.29 32-32 32m0-42.67c-17.71 0-32-14.29-32-32S90.29 0 108.01 0s32 14.29 32 32-14.29 32-32 32""/></svg>"
36489f49-310a-4c51-9f7d-0eab2ac0b3fe,"<svg xmlns=""http://www.w3.org/2000/svg"" width=""256"" height=""256"" fill=""none"" viewBox=""0 0 256 256""><path stroke=""#000"" stroke-linecap=""round"" stroke-linejoin=""round"" stroke-width=""21.33"" d=""M96 48v-16m-32 0V0m32 0v16m-32 0v16m-32 0v16m32 0v16m-32 0v16""/></svg>"
949609e244d614218b23f50c5509c614,"<svg xmlns=""http://www.w3.org/2000/svg"" width=""256"" height=""256"" viewBox=""0 0 256 256""><path fill=""#4d4d4d"" d=""M197.87 0H10.13A10.13 10.13 0 0 0 0 10.13v187.74a10.13 10.13 0 0 0 10.13 10.13h187.74a10.13 10.13 0 0 0 10.13-10.13V10.13A10.13 10.13 0 0 0 197.87 0""/><path fill=""#fff"" d=""M101.33 101.33H50.67V50.67H101.3z""/><path fill=""#bfbfbf"" d=""M101.33 101.33H50.67V50.67H101.3z""/><path fill=""#00c296"" d=""M101.33 101.33H50.67V50.67H101.3z""/><path fill=""#00c296"" d=""m101.33 101.33-21.33-21.33 21.33-21.34 21.34 21.34zm-21.33-21.33 21.33 21.33-21.33 21.34-21.34-21.34zM101.33 101.33H50.67V50.67H101.3z""/><path fill=""#00c296"" d=""M101.33 101.33H50.67V50.67H101.3z""/><path fill=""#00c296"" d=""m101.33 101.33-21.33-21.33 21.33-21.34 21.34 21.34zm-21.33-21.33 21.33 21.33-21.33 21.34-21.34-21.34z""/></svg>"
85332760f9d829ead4a9d30ffc913d6a,"<svg xmlns=""http://www.w3.org/2000/svg"" width=""256"" height=""256"" viewBox=""0 0 256 256""><path fill=""#444"" d=""M87.99 192a10.67 10.67 0 1 0 21.33 0 10.67 10.67 0 1 0-21.33 0""/><path fill=""#444"" d=""m175.99 192-80-128L0 192l80 128z""/><path fill=""#444"" d=""M10.67 192h170.66v-128H10.67zm170.66-128V0H0v128zM10.67 0h170.66v128H10.67z""/></svg>"
dd968c952a9ed6b1e3af66e050aca87a,"<svg xmlns=""http://www.w3.org/2000/svg"" width=""256"" height=""256"" viewBox=""0 0 256 256""><path fill=""#4e789d"" d=""M192.01 106.67h-128V0H128v106.67h64zm-128-106.67h128v106.67h-128z""/><path fill=""#4e789d"" d=""m192.01 106.67-64 64H128v-64zM128 0l64 64h-64z""/></svg>"
e58231d097154095199ff717ddde87be,"<svg xmlns=""http://www.w3.org/2000/svg"" width=""256"" height=""256"" viewBox=""0 0 256 256""><path fill=""#4d4d4d"" d=""M97.8 104.4a10.67 10.67 0 0 1-10.67-10.67V53.33c0-5.87 4.78-10.67 10.67-10.67s10.67 4.78 10.67 10.67v30.4a10.67 10.67 0 0 1-10.67 10.67m0-106.67C43.2 0 0 43.2 0 97.8S43.2 195.5 97.8 195.5 195.5 152.3 195.5 97.8 152.3 0 97.8 0""/><path fill=""#4d4d4d"" d=""M106.67 192h-64a10.67 10.67 0 0 1 0-21.33h64a10.67 10.67 0 0 1 0 21.33m0-42.67H42.67a10.67 10.67 0 0 1 0-21.33h64a10.67 10.67 0 0 1 0 21.33m0-42.67H42.67a10.67 10.67 0 0 1 0-21.33h64a10.67 10.67 0 0 1 0 21.33m0-42.67H42.67a10.67 10.67 0 0 1 0-21.33h64a10.67 10.67 0 0 1 0 21.33""/></svg>"
8e5161fdce365e61dd324aa6f48d1de5,"<svg xmlns=""http://www.w3.org/2000/svg"" width=""256"" height=""256"" viewBox=""0 0 256 256""><path d=""M149.33 85.33a10.7 10.7 0 0 0-10.66 10.66v106.66c0 5.89 4.77 10.66 10.66 10.66h10.66l-10.66 10.66H10.67C4.77 213.33 0 208.56 0 202.77V10.67C0 4.77 4.77 0 10.67 0h128c5.89 0 10.66 4.77 10.66 10.67z""/></svg>"
ffdc11c523d214880eb61c0857311836,"<svg xmlns=""http://www.w3.org/2000/svg"" width=""256"" height=""256"" viewBox=""0 0 256 256""><rect x=""0"" y=""0"" width=""256"" height=""256"" fill=""white""/><circle cx=""128"" cy=""128"" r=""64"" fill=""black""/></svg>"
aa1d1c5dd44400b0e1ad5a37e2a3b90c,"<svg xmlns=""http://www.w3.org/2000/svg"" width=""256"" height=""256"" fill=""none"" viewBox=""0 0 256 256""><path stroke=""#000"" stroke-linecap=""round"" stroke-linejoin=""round"" stroke-width=""21.33"" d=""M192 42.67H85.33m-10.66 0v-21.34M192 0h-10.67m-10.66 0V21.33M192 106.67H85.33m-10.66 0v-21.34M192 192H85.33m-10.66 0v-21.33""/></svg>"
c99a30ba9fd7fe64b935520102f66626,"<svg xmlns=""http://www.w3.org/2000/svg"" width=""256"" height=""256"" viewBox=""0 0 256 256""><path fill=""#979797"" d=""M184.53 0H29.87A29.9 29.9 0 0 0 0 29.87v154.66a29.9 29.9 0 0 0 29.87 29.87h154.66a29.9 29.9 0 0 0 29.87-29.87V29.87A29.9 29.9 0 0 0 184.53 0m-15.1 15.1c0-8.5-6.6-15.1-15.1-15.1H44.8l-.05-.05L44.8 15.1h124.63zM102.4 128.05l-21.33-21.33 15.08-15.08 21.33 21.33 21.33-21.33 15.08 15.08-21.33 21.33z""/></svg>"
9171df5f-f639-4e1d-8617-9aad32be2aa5,"<svg xmlns=""http://www.w3.org/2000/svg"" width=""256"" height=""256"" fill=""none"" viewBox=""0 0 256 256""><g stroke=""#000"" stroke-linecap=""round"" stroke-width=""21.33""><path d=""M48 96c-17.71 0-32-14.29-32-32s14.29-32 32-32 32 14.29 32 32-14.29 32-32 32""/><path d=""m117.33 96 10.66 10.67L128 128l-10.67 10.67L128 160l-10.67-10.67L128 128z""/></g></svg>"
a130002a99cc3648a24d412c456afdca,"<svg xmlns=""http://www.w3.org/2000/svg"" width=""256"" height=""256"" viewBox=""0 0 256 256""><path fill=""#4d4d4d"" d=""M197.87 10.67h-16V0H10.67v10.67H0v170.66a10.67 10.67 0 0 0 10.67 10.66h187.2a10.67 10.67 0 0 0 10.66-10.66V10.67zM10.67 16h176c5.87 0 10.66 4.78 10.66 10.67s-4.79 10.66-10.66 10.66H10.67z""/><path fill=""#4d4d4d"" d=""M106.67 106.67a10.67 10.67 0 0 1 10.66 10.66v21.34a10.67 10.67 0 0 1-21.33 0v-21.34a10.67 10.67 0 0 1 10.67-10.66m0 42.66a10.67 10.67 0 0 1 10.66 10.66v21.34a10.67 10.67 0 0 1-21.33 0v-21.34a10.67 10.67 0 0 1 10.67-10.66m0 42.66a10.67 10.67 0 0 1 10.66 10.66v21.34a10.67 10.67 0 0 1-21.33 0v-21.34a10.67 10.67 0 0 1 10.67-10.66""/><path fill=""black"" d=""M137.14 117.26h-23.39v-13.17h23.39a7.68 7.68 0 0 0 0-15.36h-14.08l15.65-17.84a7.68 7.68 0 1 0-11.52-10.14l-21.12 24.01-21.06-24.01a7.68 7.68 0 0 0-11.52 10.14l15.62 17.84H75.03a7.68 7.68 0 0 0 0 15.36h23.36v13.17H75.01a7.68 7.68 0 0 0 0 15.36h23.38v13.7a7.68 7.68 0 0 0 15.36 0v-13.7h23.39a7.68 7.68 0 0 0 0-15.36""/></svg>"
62ca2f05e5976f9b8ebcd1f20bb36ee9,"<svg xmlns=""http://www.w3.org/2000/svg"" width=""256"" height=""256"" viewBox=""0 0 256 256""><rect x=""0"" y=""0"" width=""256"" height=""256"" fill=""white""/><circle cx=""128"" cy=""128"" r=""64"" fill=""#000""/></svg>"
c200cf487f7ddd974f2127c14a34e1b9,"<svg xmlns=""http://www.w3.org/2000/svg"" width=""256"" height=""256"" fill=""none"" viewBox=""0 0 256 256""><path stroke=""#000"" stroke-linecap=""round"" stroke-linejoin=""round"" stroke-width=""21.33"" d=""M48 96h-16m16-16v-16m16 16V74.67m-16 16H48m16 16v16m-16 16h16""/><g fill=""#ffbe0a""><rect width=""192"" height=""192"" x=""32"" y=""32"" rx=""21.33""/><path d=""M106.67 106.67c0 53.01-42.66 95.68-95.68 95.68S0 159.68 0 106.67s42.67-95.68 95.68-95.68 95.68 42.67 95.68 95.68""/></g></svg>"
2b0cbea4570e361ff815e3f0fac0eabf,"<svg xmlns=""http://www.w3.org/2000/svg"" width=""256"" height=""256"" viewBox=""0 0 256 256""><path fill=""#979797"" d=""M84.8 112a8 8 0 0 1-5.65-2.35L2.35 56.85A8 8 0 0 1 0 52V8a8 8 0 0 1 8-8h16v40l64-64a8 8 0 0 1 11.31 11.31L80 56.85z""/></svg>"
afe1611033a8ca58d13f71d60ea94f51,"<svg xmlns=""http://www.w3.org/2000/svg"" width=""256"" height=""256"" viewBox=""0 0 256 256""><path fill=""currentColor"" d=""M84.79 16a84.79 84.79 0 1 0 0 169.58A84.79 84.79 0 0 0 84.79 16m-16 16h16v16H68.79zm16 16h16v16H84.79z""/></svg>"
cc76666c917bf608001d455150620f4d,"<svg xmlns=""http://www.w3.org/2000/svg"" width=""256"" height=""256"" viewBox=""0 0 256 256""><rect x=""0"" y=""0"" width=""256"" height=""256"" fill=""white""/><circle cx=""128"" cy=""128"" r=""64"" fill=""#4e78f9""/></svg>"
c40d10c549c1c80692ed3629d2cb9a27,"<svg xmlns=""http://www.w3.org/2000/svg"" width=""256"" height=""256"" viewBox=""0 0 256 256""><path fill=""#47c98e"" d=""M192 106.67H0V0h192z""/><path fill=""#fff"" d=""M192 106.67v-96H0v96zm-192-10.67h192a10.67 10.67 0 0 1 10.67 10.66v96a10.67 10.67 0 0 1-10.67 10.66H0a10.67 10.67 0 0 1-10.67-10.66v-96A10.67 10.67 0 0 1 0 106.67m192-10.66H0v-96h192zM192 106.67H0v-96h192z""/></svg>"
28ef351b939259e4a6be864f5ca72123,"<svg xmlns=""http://www.w3.org/2000/svg"" width=""256"" height=""256"" viewBox=""0 0 256 256""><path d=""M197.48 0H18.52C8.2 0 0 8.2 0 18.52v178.96c0 10.32 8.2 18.52 18.52 18.52h178.96c10.32 0 18.52-8.2 18.52-18.52V18.52C215.99 8.2 207.79 0 197.48 0m-17.9 197.48H17.9V17.9h161.68zM17.9 159.52h161.68v17.9H17.9zm0-44.8h161.68v17.9H17.9z""/></svg>"
dff7ef4393f1895cbb07b7d19d29ad23,"<svg xmlns=""http://www.w3.org/2000/svg"" width=""256"" height=""256"" viewBox=""0 0 256 256""><path fill=""#47c98e"" d=""M104.01 16a16 16 0 1 0-32 0v16H16A16 16 0 0 0 0 48v144a16 16 0 0 0 16 16h160a16 16 0 0 0 16-16V48a16 16 0 0 0-16-16zm-8 160H16V48h160z""/><path fill=""#47c98e"" d=""m104.01 16 16 160H16L0 16zM16 0l16 160H0L16 0z""/><path fill=""#47c98e"" d=""M104.01 16a16 16 0 1 0-32 0v16H16A16 16 0 0 0 0 48v144a16 16 0 0 0 16 16h160a16 16 0 0 0 16-16V48a16 16 0 0 0-16-16zm-8 160H16V48h160z""/><path fill=""#47c98e"" d=""M104.01 16 16 160h160L104.01 16z""/></svg>"
ebcc1d50efe24a33abcd202b06d14e8a,"<svg xmlns=""http://www.w3.org/2000/svg"" width=""256"" height=""256"" viewBox=""0 0 256 256""><path d=""M84.79 10.67a10.67 10.67 0 0 1-15.08 0L1.07 84.79A10.67 10.67 0 0 1 0 79.72V10.67C0 4.75 4.75 0 10.67 0h128c5.92 0 10.67 4.75 10.67 10.67v128c0 5.92-4.75 10.67-10.67 10.67H10.67c-5.92 0-10.67-4.75-10.67-10.67z""/></svg>"
8feeaa885467f110de10a96773217f01,"<svg xmlns=""http://www.w3.org/2000/svg"" width=""256"" height=""256"" viewBox=""0 0 256 256""><rect x=""0"" y=""0"" width=""256"" height=""256"" fill=""white""/><circle cx=""128"" cy=""128"" r=""64"" fill=""#444""/></svg>"
f750e4869f90de864f0e6d29eae3b512,"<svg xmlns=""http://www.w3.org/2000/svg"" width=""256"" height=""256"" fill=""none"" viewBox=""0 0 256 256""><path stroke=""#000"" stroke-linecap=""round"" stroke-linejoin=""round"" stroke-width=""21.33"" d=""M85.33 42.67v-10.66m-10.66 0H64m-10.67 0V32m10.67 0h10.66m10.66 0v10.67m-10.66 0h-10.66""/></svg>"
6080026eb9cb1f3a9b1aadc079cf11c2,"<svg xmlns=""http://www.w3.org/2000/svg"" width=""256"" height=""256"" viewBox=""0 0 256 256""><rect x=""0"" y=""0"" width=""256"" height=""256"" fill=""white""/><circle cx=""128"" cy=""128"" r=""64"" fill=""black""/></svg>"
d4d9c2dc33c69955435c18bcd8714270,"<svg xmlns=""http://www.w3.org/2000/svg"" width=""256"" height=""256"" fill=""none"" viewBox=""0 0 256 256""><g stroke=""#000"" stroke-linecap=""round"" stroke-width=""21.33""><path d=""M85.33 42.67h-64A10.67 10.67 0 0 0 0 53.33v96a10.67 10.67 0 0 0 10.67 10.66H85.33""/><path d=""m106.67 106.67-42.66-42.66V0""/></g></svg>"
ee8222e02bb32ce069918af785689b44,"<svg xmlns=""http://www.w3.org/2000/svg"" width=""256"" height=""256"" viewBox=""0 0 256 256""><path fill=""#333"" d=""M117.33 0C52.48 0 0 52.48 0 117.33c0 64.85 52.48 117.33 117.33 117.33s117.34-52.48 117.34-117.33S182.19 0 117.33 0m0 21.33a96 96 0 0 1 96 96 96 96 0 0 1-96 96 96 96 0 0 1-96-96 96 96 0 0 1 96-96""/><path fill=""#333"" d=""M117.33 149.33h-64v-32l32-32L128 42.67l-32 32z""/></svg>"
ea4ce6666c1d1e7fb21039f2e08dc3d9,"<svg xmlns=""http://www.w3.org/2000/svg"" width=""256"" height=""256"" viewBox=""0 0 256 256""><path fill=""#4e5969"" d=""M178.67 0H29.33C12.8 0 0 12.8 0 29.33v149.34c0 16.53 12.8 29.33 29.33 29.33h149.34c16.53 0 29.33-12.8 29.33-29.33V29.33C208 12.8 195.2 0 178.67 0m-14.94 149.33a14.9 14.9 0 0 1-14.94 14.94H29.33a14.9 14.9 0 0 1-14.94-14.94V29.33a14.9 14.9 0 0 1 14.94-14.94h149.34a14.9 14.9 0 0 1 14.94 14.94z""/><path fill=""#4e5969"" d=""M106.67 128a10.67 10.67 0 0 1-10.67-10.67V53.33l-32 32a10.67 10.67 0 0 1-15.04 0L53.33 53.33V128a10.67 10.67 0 0 1-21.34 0V53.33l-32 32a10.67 10.67 0 0 1-15.04 0L53.33 53.33V128a10.67 10.67 0 0 1-10.66 10.67""/></svg>"
4ab37b21a628826e513eba1b782f84ea,"<svg xmlns=""http://www.w3.org/2000/svg"" width=""256"" height=""256"" fill=""none"" viewBox=""0 0 256 256""><path stroke=""#000"" stroke-linecap=""round"" stroke-linejoin=""round"" stroke-width=""21.33"" d=""M96 48c-17.71 0-32 14.29-32 32s14.29 32 32 32 32-14.29 32-32-14.29-32-32-32m0 16a16 16 0 0 1 16 16v16h16a16 16 0 0 1 16 16v16a16 16 0 0 1-16 16H96a16 16 0 0 1-16-16v-16H64a16 16 0 0 1-16-16V96a16 16 0 0 1 16-16zm0 106.67C47.79 128 0 175.79 0 224s47.79 96 106.67 96 106.66-47.79 106.66-96S152.21 0 96 0""/></svg>"
46535b644ad9b85b413dad8b13ae1edd,"<svg xmlns=""http://www.w3.org/2000/svg"" width=""256"" height=""256"" viewBox=""0 0 256 256""><path fill=""#9e8eff"" d=""M0 117.33a117.33 117.33 0 1 0 234.67 0A117.33 117.33 0 1 0 0 117.33""/><path fill=""#fff"" d=""m117.33 160-21.34-21.33h-16v-16l21.34-21.33H96V85.33h16L117.33 64z""/></svg>"
fde503da257b1af7293476a5590212d9,"<svg xmlns=""http://www.w3.org/2000/svg"" width=""256"" height=""256"" viewBox=""0 0 256 256""><path fill=""#4d4d4d"" d=""M117.33 0C52.8 0 0 52.8 0 117.33c0 64.53 52.8 117.34 117.33 117.34 64.53 0 117.34-52.8 117.34-117.34S181.87 0 117.33 0m0 21.33a96 96 0 0 1 96 96 96 96 0 0 1-96 96 96 96 0 0 1-96-96 96 96 0 0 1 96-96""/><path fill=""#4d4d4d"" d=""M117.33 160a42.67 42.67 0 1 0 0-85.33 42.67 42.67 0 0 0 0 85.33m0-106.67a64 64 0 1 1 0 128 64 64 0 0 1 0-128m0 106.67a21.33 21.33 0 1 0 0-42.67 21.33 21.33 0 0 0 0 42.67""/></svg>"
2ba4c37562d2e2bffb8a0e02a2efac75,"<svg xmlns=""http://www.w3.org/2000/svg"" width=""256"" height=""256"" viewBox=""0 0 256 256""><path fill=""currentColor"" d=""M197.48 0H18.52A18.5 18.5 0 0 0 0 18.52v178.96a18.5 18.5 0 0 0 18.52 18.52h178.96a18.5 18.5 0 0 0 18.52-18.52V18.52A18.5 18.5 0 0 0 197.48 0m-17.9 17.9H17.9v152.16h161.68zM106.68 128c-17.65 0-32-14.35-32-32s14.35-32 32-32 32 14.35 32 32-14.35 32-32 32""/><path fill=""currentColor"" d=""M106.68 128a10.68 10.68 0 1 0 21.36 0 10.68 10.68 0 1 0-21.36 0""/><path fill=""currentColor"" d=""M106.68 128a10.68 10.68 0 1 0 21.36 0 10.68 10.68 0 1 0-21.36 0""/></svg>"
e32f4ccd3fdc9b9fed8eeb427b68306a,"<svg xmlns=""http://www.w3.org/2000/svg"" width=""256"" height=""256"" viewBox=""0 0 256 256""><path d=""M84.79 10.67a10.67 10.67 0 0 1-10.66 10.66v10.66H10.67A10.67 10.67 0 0 1 0 32V10.67C0 4.77 4.77 0 10.67 0h10.66c5.9 0 10.66 4.77 10.66 10.67m-10.66 10.66L10.67 32l10.66-10.67zm106.66 0a10.67 10.67 0 0 1-10.66 10.66v10.66h10.66c5.9 0 10.66 4.77 10.66 10.67s-4.76 10.66-10.66 10.66h-10.66c-5.9 0-10.66-4.77-10.66-10.66v-10.66zM192 32v10.67h-10.67c-5.9 0-10.66-4.77-10.66-10.67S176.1 32 182 32z""/></svg>"
41b38cf515cab74b8ccd839f826c2fa6,"<svg xmlns=""http://www.w3.org/2000/svg"" width=""256"" height=""256"" viewBox=""0 0 256 256""><path fill=""#4d4d4d"" d=""M197.87 197.87H10.67V10.67h187.2zm-187.2-10.67v187.2h187.2V10.67zM10.67 10.67h187.2a10.67 10.67 0 0 1 10.66 10.66v187.2a10.67 10.67 0 0 1-10.66 10.66H10.67A10.67 10.67 0 0 1 0 208.13V10.67A10.67 10.67 0 0 1 10.67 0""/><path fill=""#4d4d4d"" d=""m160.13 117.33-32-32a10.67 10.67 0 0 0-15.04 15.04l32 32a10.67 10.67 0 0 0 15.04 0 10.67 10.67 0 0 0 0-15.04""/><path fill=""#4d4d4d"" d=""M106.67 106.67h-64a10.67 10.67 0 0 1 0-21.34h64a10.67 10.67 0 0 1 0 21.34""/></svg>"
0db43ecb-1c8f-4efb-bb0e-097d5e9d0d4d,"<svg xmlns=""http://www.w3.org/2000/svg"" width=""256"" height=""256"" viewBox=""0 0 256 256""><rect x=""40"" y=""80"" width=""40"" height=""96"" fill=""black""/><rect x=""80"" y=""40"" width=""80"" height=""180"" fill=""black""/><circle cx=""170"" cy=""128"" r=""20"" fill=""none"" stroke=""black"" stroke-width=""8""/><circle cx=""170"" cy=""128"" r=""60"" fill=""none"" stroke=""black"" stroke-width=""4""/></svg>"
2d829d14f389f6ac8a11d4a4542f3739,"<svg xmlns=""http://www.w3.org/2000/svg"" width=""256"" height=""256"" viewBox=""0 0 256 256""><circle cx=""128"" cy=""128"" r=""60"" fill=""#ffffff""/><circle cx=""108"" cy=""120"" r=""6"" fill=""black""/><circle cx=""148"" cy=""120"" r=""6"" fill=""black""/><path d=""M108 150 Q128 170 148 150"" stroke=""black"" stroke-width=""4"" fill=""none""/><rect x=""68"" y=""100"" width=""20"" height=""56"" rx=""10"" fill=""black""/><rect x=""168"" y=""100"" width=""20"" height=""56"" rx=""10"" fill=""black""/></svg>"
386b7d92-a6fa-4005-abfc-50d67387cc7f,"<svg xmlns=""http://www.w3.org/2000/svg"" width=""256"" height=""256"" viewBox=""0 0 256 256""><path fill=""#c9c6c0"" d=""M232 0H24C10.72 0 0 10.72 0 24v208c0 13.28 10.72 24 24 24h16a23.8 23.8 0 0 0 16-6.24A23.8 23.8 0 0 0 72 256h16a23.8 23.8 0 0 0 16-6.24 23.8 23.8 0 0 0 16 6.24h16a23.8 23.8 0 0 0 16-6.24 23.8 23.8 0 0 0 16 6.24h16a23.8 23.8 0 0 0 16-6.24 23.8 23.8 0 0 0 16 6.24h16c13.28 0 24-10.72 24-24V24c0-13.28-10.72-24-24-24""/><path fill=""#edeae5"" d=""M216 0H24C10.72 0 0 10.72 0 24v208c0 13.28 10.72 24 24 24s24-10.72 24-24c0 13.28 10.72 24 24 24s24-10.72 24-24c0 13.28 10.72 24 24 24s24-10.72 24-24c0 13.28 10.72 24 24 24s24-10.72 24-24c0 13.28 10.72 24 24 24s24-10.72 24-24V24c0-13.28-10.72-24-24-24""/><path fill=""#4c4842"" d=""M144 112c0 13.28-10.72 24-24 24s-24-10.72-24-24 10.72-24 24-24 24 10.72 24 24M64 64a16 16 0 1 0 0 32 16 16 0 0 0 0-32m112 0a16 16 0 1 0 0 32 16 16 0 0 0 0-32""/><path fill=""#edeae5"" d=""M64 76c0 2.24-1.76 4-4 4s-4-1.76-4-4 1.76-4 4-4 4 1.76 4 4m108-4c-2.24 0-4 1.76-4 4s1.76 4 4 4 4-1.76 4-4-1.76-4-4-4""/></svg>"
1370d580a7e7a91afcbbfed1cc0f800a,"<svg xmlns=""http://www.w3.org/2000/svg"" width=""256"" height=""256"" viewBox=""0 0 256 256""><path d=""M97.48 170.67a10.67 10.67 0 0 1-10.67-10.66V10.67A10.67 10.67 0 0 1 97.48 0h10.66a10.67 10.67 0 0 1 10.67 10.67v149.34a10.67 10.67 0 0 1-10.67 10.66zm0-192a10.67 10.67 0 0 0-10.67 10.67v149.34a10.67 10.67 0 0 0 10.67 10.66h10.66a10.67 10.67 0 0 0 10.67-10.66V10.67A10.67 10.67 0 0 0 108.14 0z""/><path d=""m108.14 106.67-21.33 21.34H64l-21.33-21.34L42.67 128h106.66zM106.67 192c-35.31 0-64-28.69-64-64s28.69-64 64-64 64 28.69 64 64-28.69 64-64 64""/></svg>"
96f5b41df88bd3c1a0f1348567f3b6cb,"<svg xmlns=""http://www.w3.org/2000/svg"" width=""256"" height=""256"" viewBox=""0 0 256 256""><path fill=""#979797"" d=""M128 0C57.42 0 0 57.42 0 128s57.42 128 128 128 128-57.42 128-128S198.58 0 128 0m0 234.67c-58.88 0-106.67-47.79-106.67-106.67S69.12 21.33 128 21.33 234.67 69.12 234.67 128 186.88 234.67 128 234.67""/><path fill=""#979797"" d=""M165.14 148.26h-23.39v-13.17h23.39a7.68 7.68 0 0 0 0-15.36h-14.08l15.65-17.84a7.68 7.68 0 1 0-11.52-10.14l-21.12 24.01-21.06-24.01a7.68 7.68 0 0 0-11.52 10.14l15.62 17.84h-18.39a7.68 7.68 0 0 0 0 15.36h23.36v13.17h-23.38a7.68 7.68 0 0 0 0 15.36h23.38v13.7a7.68 7.68 0 0 0 15.36 0v-13.7h23.39a7.68 7.68 0 0 0 0-15.36""/></svg>"
244cd227d650008ad779e4449c685ac3,"<svg xmlns=""http://www.w3.org/2000/svg"" width=""256"" height=""256"" viewBox=""0 0 256 256""><path d=""M246.54 31.2c-73.6-41.6-169.6-41.6-243.2 0-1.6 1.6-3.2 4.8-3.2 8l4.8 56c0 4.8 4.8 8 8 8 4.8 0 8-4.8 8-8l-4.8-52.8c67.2-36.8 150.4-36.8 217.6 0l-9.6 112c-3.2 38.4-70.4 72-97.6 83.2-28.8-11.2-94.4-46.4-97.6-83.2 0-4.8-4.8-8-8-8q-12 2.4-9.6 9.6c4.8 57.6 107.2 97.6 112 99.2h6.4c4.8-1.6 105.6-41.6 112-99.2l11.2-116.8c-3.2-3.2-4.8-6.4-6.4-8""/><circle cx=""110"" cy=""110"" r=""30"" fill=""none"" stroke=""black"" stroke-width=""4""/><line x1=""130"" y1=""130"" x2=""170"" y2=""170"" stroke=""black"" stroke-width=""6""/></svg>"
426aa538ac3f297b151503a0eae1889f,"<svg xmlns=""http://www.w3.org/2000/svg"" viewBox=""0 0 256 256""><rect width=""256"" height=""256"" fill=""#87c7ff""/><rect x=""20"" y=""20"" width=""216"" height=""216"" fill=""#6b7c8c""/><path d=""M90 60 L110 60 L110 120 Q110 140 90 150 Q70 140 70 120 L70 60 Z"" fill=""white""/><path d=""M140 60 L180 60 L160 120 Q180 140 140 150 Q100 140 120 120 Z"" fill=""white""/><circle cx=""150"" cy=""90"" r=""6"" fill=""white""/></svg>"
9d3d65b9cef63049b3da71481aa360c3,"<svg xmlns=""http://www.w3.org/2000/svg"" viewBox=""0 0 256 256""><circle cx=""128"" cy=""128"" r=""100"" fill=""#aeeeee""/><path d=""M60 90 Q80 70 100 90 T140 90 T180 90"" stroke=""#006666"" stroke-width=""6"" fill=""none""/><path d=""M80 130 Q100 110 120 130 T160 130"" stroke=""#006666"" stroke-width=""6"" fill=""none""/><path d=""M100 170 Q120 150 140 170 T180 170"" stroke=""#006666"" stroke-width=""6"" fill=""none""/></svg>"
8be2785241ad8588627189631f7b45b2,"<svg xmlns=""http://www.w3.org/2000/svg"" width=""256"" height=""256"" viewBox=""0 0 256 256""><rect fill=""black"" height=""256"" width=""256""/><path fill=""#fff"" d=""M11.7 185.29h171.65c5.85 0 10.72-5.85 9.75-11.7l-3.9-21.45c-1.95-8.78-9.76-15.6-18.54-15.6h-46.81l-3.89-24.39a57.5 57.5 0 0 0 36.07-53.64C156.03 26.33 129.7 0 97.52 0A58.7 58.7 0 0 0 39 58.51c0 24.38 14.63 44.86 36.1 53.64l-2.93 24.39H25.36c-8.77 0-17.55 6.82-18.54 15.6l-3.89 21.45c-1.96 5.85 2.92 11.7 8.77 11.7m173.59 19.51H9.75c-5.85 0-9.75 3.89-9.75 9.75s3.9 9.76 9.75 9.76h175.54c5.85 0 9.76-3.91 9.76-9.76 0-5.86-3.91-9.75-9.76-9.75""/></svg>"
92edbc425cf8eb1429203b38912144e1,"<svg xmlns=""http://www.w3.org/2000/svg"" width=""256"" height=""256"" viewBox=""0 0 256 256""><path d=""M48.79 10.67h-32A10.67 10.67 0 0 0 0 21.33v106.66a10.67 10.67 0 0 0 10.67 10.66H48.79a10.67 10.67 0 0 0 10.66-10.66V21.33A10.67 10.67 0 0 0 48.79 10.67m-32 10.66h32a10.67 10.67 0 0 1 10.66 10.66v106.66a10.67 10.67 0 0 1-10.66 10.66H16.79a10.67 10.67 0 0 1-10.66-10.66zm106.66 0h-32a10.67 10.67 0 0 0-10.66 10.66v106.66a10.67 10.67 0 0 0 10.66 10.66h32a10.67 10.67 0 0 0 10.66-10.66V21.33a10.67 10.67 0 0 0-10.66-10.66m-32 10.66h32a10.67 10.67 0 0 1 10.66 10.66v106.66a10.67 10.67 0 0 1-10.66 10.66h-32a10.67 10.67 0 0 1-10.66-10.66z""/><path d=""M160 10.67h-32a10.67 10.67 0 0 0-10.66 10.66v106.66a10.67 10.67 0 0 0 10.66 10.66h32a10.67 10.67 0 0 0 10.66-10.66V21.33a10.67 10.67 0 0 0-10.66-10.66m-32 10.66h32a10.67 10.67 0 0 1 10.66 10.66v106.66a10.67 10.67 0 0 1-10.66 10.66h-32a10.67 10.67 0 0 1-10.66-10.66V21.33a10.67 10.67 0 0 1 10.66-10.66""/></svg>"
66eec18f9c8a1b693aab52c1eb617116,"<svg xmlns=""http://www.w3.org/2000/svg"" width=""256"" height=""256"" viewBox=""0 0 256 256""><rect fill=""#fff"" height=""256"" width=""256""/><path fill=""#4e8cee"" d=""M197.33 0H10.67A10.67 10.67 0 0 0 0 11.67v170.66A10.67 10.67 0 0 0 10.67 192h186.66A10.67 10.67 0 0 0 208 181.33V10.67A10.67 10.67 0 0 0 197.33 0m-15.66 170.66H16V16h170.67z""/><path fill=""#fff"" d=""M106.67 42.67a10.67 10.67 0 0 1 10.66 10.66v21.34a10.67 10.67 0 0 1-21.33 0V53.33a10.67 10.67 0 0 1 10.67-10.66m0 42.66a10.67 10.67 0 0 1 10.66 10.66v21.33a10.67 10.67 0 0 1-21.33 0v-21.33a10.67 10.67 0 0 1 10.67-10.66m0 42.67a10.67 10.67 0 0 1 10.66 10.66v21.33a10.67 10.67 0 0 1-21.33 0v-21.33a10.67 10.67 0 0 1 10.67-10.66""/></svg>"
1746e618853fd17448f2740f90622e42,"<svg xmlns=""http://www.w3.org/2000/svg"" width=""256"" height=""256"" fill=""none"" viewBox=""0 0 256 256""><path fill=""#fcd53f"" d=""M200 104.6c-10.16 0-19.04-8.24-19.04-18.48 0-10.48 8.8-18.48 19.04-18.48V51.4c0-6.96-6.4-12.16-13.2-10.64l-87.52-5.68L8.56 80.04A10.95 10.95 0 0 0 0 90.68v72.08a16.97 16.97 0 0 1 0 33.92v16.08c0 6.96 6.4 12.16 13.2 10.64l178.24-39.28a10.95 10.95 0 0 0 8.56-10.64z""/><path fill=""#ffb02e"" d=""M93.92 4.52 5.76 81l186.8-39.92-78.24-39.12a18.5 18.5 0 0 0-20.4 2.56""/><path fill=""#ffb02e"" d=""M163.84 115.48a29.33 29.33 0 0 1-29.36 29.36 29.33 29.33 0 0 1-29.36-29.36 29.4 29.4 0 0 1 29.36-29.36 29.4 29.4 0 0 1 29.36 29.36""/><path fill=""#ffb02e"" d=""M68.88 159.88a16.97 16.97 0 1 0-.02-33.9 16.97 16.97 0 0 0 .02 33.9""/><path d=""M119.68 169a9.12 9.12 0 1 1-18.23 0 9.12 9.12 0 0 1 18.23 0""/></svg>"
af4a0c3d71c82e28ce9d41f9ee8c4c2d,"<svg xmlns=""http://www.w3.org/2000/svg"" width=""256"" height=""256"" viewBox=""0 0 256 256""><rect fill=""black"" height=""256"" width=""256""/></svg>"
df01fd16ec344d444235519b71c8c738,"<svg xmlns=""http://www.w3.org/2000/svg"" width=""256"" height=""256"" viewBox=""0 0 256 256""><path fill=""#ff9800"" d=""M174.93 106.67H10.67A10.67 10.67 0 0 1 0 96V10.67C0 4.75 4.75 0 10.67 0h164.26c5.92 0 10.67 4.75 10.67 10.67v85.33a10.67 10.67 0 0 1-10.67 10.66""/><path fill=""#fff"" d=""M174.93 106.67H10.67A10.67 10.67 0 0 1 0 96V10.67C0 4.75 4.75 0 10.67 0h164.26c5.92 0 10.67 4.75 10.67 10.67v85.33a10.67 10.67 0 0 1-10.67 10.66""/><path fill=""#fbc02d"" d=""M174.93 106.67H10.67A10.67 10.67 0 0 1 0 96V10.67C0 4.75 4.75 0 10.67 0h164.26c5.92 0 10.67 4.75 10.67 10.67v85.33a10.67 10.67 0 0 1-10.67 10.66""/><path fill=""#ff9800"" d=""M174.93 106.67H10.67A10.67 10.67 0 0 1 0 96V10.67C0 4.75 4.75 0 10.67 0h164.26c5.92 0 10.67 4.75 10.67 10.67v85.33a10.67 10.67 0 0 1-10.67 10.66""/><path fill=""#ff9800"" d=""M174.93 106.67H10.67A10.67 10.67 0 0 1 0 96V10.67C0 4.75 4.75 0 10.67 0h164.26c5.92 0 10.67 4.75 10.67 10.67v85.33a10.67 10.67 0 0 1-10.67 10.66""/></svg>"
6cd2ff67e8c40d994115dc735aab04ab,"<svg xmlns=""http://www.w3.org/2000/svg"" width=""256"" height=""256"" viewBox=""0 0 256 256""><path fill=""#fff"" d=""M0 0h245.76v245.76H0z""/><path d=""m198.4 198.4-12.8-12.8c-1.28-1.28-3.84-1.28-5.12 0l-12.8 12.8a12.8 12.8 0 0 1-18.56 0L128 179.2V12.8C128 5.76 122.24 0 115.2 0S102.4 5.76 102.4 12.8v166.4c0 7.04 5.76 12.8 12.8 12.8s12.8-5.76 12.8-12.8zm-12.8-12.8c-1.28 0-2.56-.64-3.84-1.28l-12.8-12.8c-1.28-1.28-1.28-3.84 0-5.12l12.8-12.8c1.28-1.28 3.84-1.28 5.12 0l12.8 12.8c1.28 1.28 1.28 3.84 0 5.12l-12.8 12.8c-1.28 1.28-3.84 1.28-5.12 0""/></svg>"
9ad34e074349bc67029395238ce85ab5,"<svg xmlns=""http://www.w3.org/2000/svg"" width=""256"" height=""256"" viewBox=""0 0 256 256""><path d=""M184.79 16a16 16 0 0 0-16 16v16h-16V32H16v160a16 16 0 0 0 16 16h160a16 16 0 0 0 16-16V32a16 16 0 0 0-16-16zm-16 16v160H32V32zM160 160a8 8 0 0 1-8 8H32a8 8 0 0 1-8-8V32a8 8 0 0 1 8-8h160a8 8 0 0 1 8 8z""/><path d=""m160 160-16-16a8 8 0 0 0-8 8v16h-16v-16a8 8 0 0 0-8-8l-16 16A8 8 0 0 0 160 160m-16-16v16h-16v-16a8 8 0 0 0-8-8l-16 16a8 8 0 0 0 8 8v16h16v-16a8 8 0 0 0-8-8""/></svg>"
46a4faf1ae6a4426e6e96a35abb5074f,"<svg xmlns=""http://www.w3.org/2000/svg"" width=""256"" height=""256"" viewBox=""0 0 256 256""><rect x=""0"" y=""0"" width=""256"" height=""256"" fill=""white""/><circle cx=""128"" cy=""128"" r=""64"" fill=""#47a98b""/></svg>"
11c1b206357e957e417b6fb820eb7ad0,"<svg xmlns=""http://www.w3.org/2000/svg"" width=""256"" height=""256"" viewBox=""0 0 256 256""><path fill=""#4d4d4d"" d=""M87.99 10.67a10.67 10.67 0 0 1-10.66 10.66v106.66H10.67V21.33h64V10.67zm0 10.66H10.67v106.66h64z""/><path fill=""#4d4d4d"" d=""M106.67 10.67a10.67 10.67 0 0 1 10.66 10.66v106.66h-64V21.33h64zM10.67 10.67v106.66h64V10.67z""/></svg>"
b49e57348a42e770f507d12b21652c1f,"<svg xmlns=""http://www.w3.org/2000/svg"" width=""256"" height=""256"" viewBox=""0 0 256 256""><rect x=""0"" y=""0"" width=""256"" height=""256"" fill=""white""/><circle cx=""128"" cy=""128"" r=""64"" fill=""#4d4d4d""/></svg>"
9872f10883b923d198db1dc9bc62d15a,"<svg xmlns=""http://www.w3.org/2000/svg"" width=""256"" height=""256"" viewBox=""0 0 256 256""><path d=""M84.79 10.67a10.67 10.67 0 0 1-10.66-10.66V0H0v10.67A10.67 10.67 0 0 1 10.67 21.33h10.66V128H10.67A10.67 10.67 0 0 1 0 117.33v-10.66h10.67A10.67 10.67 0 0 1 21.33 128H128v-10.67A10.67 10.67 0 0 1 117.33 106.67h-10.66V10.67A10.67 10.67 0 0 1 128 0h10.67z""/></svg>"
ede87c9406eefbb3f9a689b9f30201c6,"<svg xmlns=""http://www.w3.org/2000/svg"" width=""256"" height=""256"" viewBox=""0 0 256 256""><path fill=""#333"" d=""M84.79 10.67a10.67 10.67 0 0 1-10.66-10.66V0H64v10.67a10.67 10.67 0 0 1-10.67 10.66m-10.66 0h-10.67V0H53.33v10.67zm106.66 0a10.67 10.67 0 0 1-10.66-10.67V0h-10.67v10.67a10.67 10.67 0 0 1-10.66 10.66m-10.66 0h-10.67V0h-10.67v10.67a10.67 10.67 0 0 1-10.66 10.66""/><path fill=""#333"" d=""M106.67 106.67c-17.71 0-32-14.29-32-32s14.29-32 32-32 32 14.29 32 32-14.29 32-32 32m0-42.67C50.19 64 0 114.19 0 160s50.19 96 106.67 96 106.66-50.19 106.66-96S162.56 64 106.67 64""/><path fill=""#333"" d=""M106.67 160a53.33 53.33 0 1 1 0-106.67 53.33 53.33 0 0 1 0 106.67""/></svg>"
5839a574d74b7f3cc7a7c48528f3cf2f,"<svg xmlns=""http://www.w3.org/2000/svg"" width=""256"" height=""256"" viewBox=""0 0 256 256""><path fill=""currentColor"" d=""M184 176H8a8 8 0 0 1-8-8V8a8 8 0 0 1 8-8h176a8 8 0 0 1 8 8v160a8 8 0 0 1-8 8m-96-16H16v-16h96zm0-48H16V48h96zM184 0H8a8 8 0 0 0-8 8v160a8 8 0 0 0 8 8h176a8 8 0 0 0 8-8V8a8 8 0 0 0-8-8""/></svg>"
8b55d958-cd2e-4e51-a940-beea6b96e718,"<svg xmlns=""http://www.w3.org/2000/svg"" width=""256"" height=""256"" fill=""none"" viewBox=""0 0 256 256""><g stroke=""#000"" stroke-linecap=""round"" stroke-linejoin=""round"" stroke-width=""21.33""><path d=""M85.33 42.67h-64""/><path d=""m96 0 10.67 10.67L128 0""/></g></svg>"
388ccc7936d31aaba4cecbff344ceb78,"<svg xmlns=""http://www.w3.org/2000/svg"" width=""256"" height=""256"" viewBox=""0 0 256 256""><path fill=""#d8dde3"" d=""M179.43 119.7a119.7 119.7 0 1 0-179.43 0 119.7 119.7 0 1 0 179.43 0""/><path fill=""#d8dde3"" d=""M119.7 239.43c-59.65 0-109.43-49.78-109.43-109.43S59.95 11.27 119.7 11.27s109.43 49.78 109.43 109.43-49.78 109.43-109.43 109.43m0-228.18C54.1 11.27 11.27 54.1 11.27 119.7s42.83 109.43 109.43 109.43 109.43-42.83 109.43-109.43S185.2 11.27 119.7 11.27""/></svg>"
4e8dcd0d52b5e39bb8b0a63594d25e50,"<svg xmlns=""http://www.w3.org/2000/svg"" width=""256"" height=""256"" viewBox=""0 0 256 256""><path fill=""#4a90e2"" d=""M178.67 178.67H10.67A10.67 10.67 0 0 1 0 168V10.67C0 4.77 4.77 0 10.67 0h168c5.9 0 10.67 4.77 10.67 10.67v157.33c0 5.9-4.77 10.67-10.67 10.67""/><path fill=""#fff"" d=""M178.67 178.67H10.67A10.67 10.67 0 0 1 0 168V10.67C0 4.77 4.77 0 10.67 0h168c5.9 0 10.67 4.77 10.67 10.67v157.33c0 5.9-4.77 10.67-10.67 10.67""/><path fill=""#4a90e2"" d=""M178.67 178.67H10.67A10.67 10.67 0 0 1 0 168V10.67C0 4.77 4.77 0 10.67 0h168c5.9 0 10.67 4.77 10.67 10.67v157.33c0 5.9-4.77 10.67-10.67 10.67""/><path fill=""#4a90e2"" d=""M178.67 178.67H10.67A10.67 10.67 0 0 1 0 168V10.67C0 4.77 4.77 0 10.67 0h168c5.9 0 10.67 4.77 10.67 10.67v157.33c0 5.9-4.77 10.67-10.67 10.67""/><path fill=""#4a90e2"" d=""M178.67 178.67H10.67A10.67 10.67 0 0 1 0 168V10.67C0 4.77 4.77 0 10.67 0h168c5.9 0 10.67 4.77 10.67 10.67v157.33c0 5.9-4.77 10.67-10.67 10.67""/><path fill=""#4a90e2"" d=""M178.67 178.67H10.67A10.67 10.67 0 0 1 0 168V10.67C0 4.77 4.77 0 10.67 0h168c5.9 0 10.67 4.77 10.67 10.67v157.33c0 5.9-4.77 10.67-10.67 10.67""/><path fill=""#4a90e2"" d=""M178.67 178.67H10.67A10.67 10.67 0 0 1 0 168V10.67C0 4.77 4.77 0 10.67 0h168c5.9 0 10.67 4.77 10.67 10.67v157.33c0 5.9-4.77 10.67-10.67 10.67""/><path fill=""#4a90e2"" d=""M178.67 178.67H10.67A10.67 10.67 0 0 1 0 168V10.67C0 4.77 4.77 0 10.67 0h168c5.9 0 10.67 4.77 10.67 10.67v157.33c0 5.9-4.77 10.67-10.67 10.67""/><path fill=""#4a90e2"" d=""M178.67 178.67H10.67A10.67 10.67 0 0 1 0 168V10.67C0 4.77 4.77 0 10.67 0h168c5.9 0 10.67 4.77 10.67 10.67v157.33c0 5.9-4.77 10.67-10.67 10.67""/></svg>"
2e44a78926bf2e58f9839493a4fb9a3a,"<svg xmlns=""http://www.w3.org/2000/svg"" width=""256"" height=""256"" viewBox=""0 0 256 256""><path fill=""#f48c9d"" d=""M176 0H32C14.4 0 0 14.4 0 32v144c0 17.6 14.4 32 32 32h144c17.6 0 32-14.4 32-32V32c0-17.6-14.4-32-32-32""/><path fill=""#fff"" d=""M176 16H32a8 8 0 0 0-8 8v144a8 8 0 0 0 8 8h144a8 8 0 0 0 8-8V32a8 8 0 0 0-8-8m-16 16v112l-.01-112z""/><path fill=""#eaeaea"" d=""M168 160H40a8 8 0 0 0-8 8v16a8 8 0 0 0 8 8h128a8 8 0 0 0 8-8v-16a8 8 0 0 0-8-8m-16 16v112l-.01-112z""/><path fill=""#fff"" d=""M168 160H40a8 8 0 0 0-8 8v16a8 8 0 0 0 8 8h128a8 8 0 0 0 8-8v-16a8 8 0 0 0-8-8m-16 16v112l-.01-112z""/><path fill=""#fff"" d=""M168 160H40a8 8 0 0 0-8 8v16a8 8 0 0 0 8 8h128a8 8 0 0 0 8-8v-16a8 8 0 0 0-8-8m-16 16v112l-.01-112z""/><path fill=""#fff"" d=""M168 160H40a8 8 0 0 0-8 8v16a8 8 0 0 0 8 8h128a8 8 0 0 0 8-8v-16a8 8 0 0 0-8-8m-16 16v112l-.01-112z""/></svg>"
ca2d3a6439b3cea6f1c633f719b13189,"<svg xmlns=""http://www.w3.org/2000/svg"" width=""256"" height=""256"" viewBox=""0 0 256 256""><path d=""M184 0H24A24 24 0 0 0 0 24v176a24 24 0 0 0 24 24h160a24 24 0 0 0 24-24V24a24 24 0 0 0-24-24m-96 192H32V32h64zm-64-16h64V48H32zM160 16h-16v16h16zm-32 0h-16v16h16zm-32 0h-16v16h16z""/></svg>"
0a91f876f6c2294c12c2213f23830a4f,"<svg xmlns=""http://www.w3.org/2000/svg"" width=""256"" height=""256"" viewBox=""0 0 256 256""><path fill=""#444"" d=""M178.93 106.67H16V85.33h162.93zm-16 0v-16H32v16zM16 106.67a10.67 10.67 0 0 0 10.67 10.66H160a10.67 10.67 0 0 0 10.67-10.66V85.33H16z""/><path fill=""#444"" d=""M160 149.33c-17.71 0-32-14.29-32-32s14.29-32 32-32 32 14.29 32 32-14.29 32-32 32m0-53.33c-10.67 0-16 8-16 16s5.33 16 16 16 16-8 16-16-5.33-16-16-16""/></svg>"
fa5c275c8505741224c926183f9170d7,"<svg xmlns=""http://www.w3.org/2000/svg"" width=""256"" height=""256"" viewBox=""0 0 256 256""><path fill=""#4e8cee"" d=""M197.33 0H18.67C8.53 0 0 8.53 0 18.67v178.66c0 10.14 8.53 18.67 18.67 18.67h178.66c10.14 0 18.67-8.53 18.67-18.67V18.67C216 8.53 207.47 0 197.33 0m-17.06 178.67a8.53 8.53 0 0 1-8.53 8.54H18.67a8.53 8.53 0 0 1-8.54-8.54V18.67a8.53 8.53 0 0 1 8.54-8.54h178.66a8.53 8.53 0 0 1 8.53 8.54z""/><path fill=""#4e8cee"" d=""M117.33 106.67a8.53 8.53 0 0 1-8.53-8.54V8.53a8.53 8.53 0 0 1 17.06 0v90.64a8.53 8.53 0 0 1-8.53 8.53m-42.66 0a8.53 8.53 0 0 1-8.53-8.54V8.53a8.53 8.53 0 0 1 17.06 0v90.64a8.53 8.53 0 0 1-8.53 8.53""/></svg>"
d3dd2646d2862a60cedd6f8ce7112a34,"<svg xmlns=""http://www.w3.org/2000/svg"" width=""256"" height=""256"" viewBox=""0 0 256 256""><path fill=""#444"" d=""M189.76 16a16 16 0 0 0-16 16v16h-16V32H16v160h16v16h160v-16h16v-160h-16V32h16zm-16 16v160H32V32zM16 16v160h160V32z""/></svg>"
2e6d4bee953ce3099164392bbf49529e,"<svg xmlns=""http://www.w3.org/2000/svg"" width=""256"" height=""256"" viewBox=""0 0 256 256""><path fill=""#4a89dc"" d=""M170.67 128c-17.71 0-32 14.29-32 32s14.29 32 32 32 32-14.29 32-32-14.29-32-32-32m0 42.67A21.33 21.33 0 0 1 149.33 128H128V96h21.33zm-128 0v-21.33H96V128z""/><path fill=""#4a89dc"" d=""M128 256C57.31 256 0 198.69 0 128S57.31 0 128 0s128 57.31 128 128-57.31 128-128 128m0-234.67C69.12 21.33 21.33 69.12 21.33 128S69.12 234.67 128 234.67 234.67 186.88 234.67 128 186.88 21.33 128 21.33""/></svg>"
65ca56724f8e271537ee048c58f5fc66,"<svg xmlns=""http://www.w3.org/2000/svg"" width=""256"" height=""256"" fill=""none"" viewBox=""0 0 256 256""><g stroke=""#1c274c"" stroke-linecap=""round"" stroke-width=""16""><path d=""M98.67 170.67a74.67 74.67 0 1 1 0-149.34""/><path d=""m170.67 170.67-42.66-42.66""/></g></svg>"
4f0f1ca31425d5e73907dd50ad5ea209,"<svg xmlns=""http://www.w3.org/2000/svg"" width=""256"" height=""256"" viewBox=""0 0 256 256""><path fill=""#47c9b8"" d=""M0 128a128 128 0 1 0 256 0 128 128 0 1 0-256 0""/><path fill=""#fff"" d=""M128 256C57.31 256 0 198.69 0 128S57.31 0 128 0s128 57.31 128 128-57.31 128-128 128m0-240C64.53 16 16 64.53 16 128s48.53 112 112 112 112-48.53 112-112S181.47 16 128 16""/><path fill=""#47c9b8"" d=""M128 16v112h16V16zm0 16H16v112h16z""/></svg>"
291895a6f3bc0900648190cdfd70ffd6,"<svg xmlns=""http://www.w3.org/2000/svg"" width=""256"" height=""256"" viewBox=""0 0 256 256""><path d=""M104 0C46.72 0 0 46.72 0 104s46.72 104 104 104 104-46.72 104-104S161.28 0 104 0m0 192c-44.16 0-80-35.84-80-80s35.84-80 80-80 80 35.84 80 80-35.84 80-80 80""/><path d=""M104 16a8 8 0 0 1 8 8v104h16V24a8 8 0 0 1 16 0v120a8 8 0 0 1-8 8H104a8 8 0 0 1-8-8z""/></svg>"
8b78ab189bc74d57e94affa65ed64547,"<svg xmlns=""http://www.w3.org/2000/svg"" width=""256"" height=""256"" viewBox=""0 0 256 256""><path fill=""#49e8d7"" d=""M104.01 104.01a104 104 0 0 1-72.96-31.04A104 104 0 0 1 0 104.01c0 57.76 46.24 104 104 104s104-46.24 104-104S161.77 0 104.01 0""/><path fill=""#fff"" d=""m104.01 104.01 10.67-10.67L104.01 0l-10.67 10.67zm-10.67 0v10.67H104V104z""/><path fill=""#fff"" d=""M104.01 104.01h-10.67v-10.67h10.67zM104.01 0h-10.67v10.67h10.67z""/></svg>"
7f5c6d9dd30f78f550c707acc5c17689,"<svg xmlns=""http://www.w3.org/2000/svg"" width=""256"" height=""256"" viewBox=""0 0 256 256""><path fill=""#f4e8c9"" d=""M170.67 128a53.33 53.33 0 1 0-106.67 0A53.33 53.33 0 0 0 170.67 128""/><path fill=""#dcdcdc"" d=""M128 256C57.31 256 0 198.69 0 128S57.31 0 128 0s128 57.31 128 128-57.31 128-128 128m0-234.67C64.64 21.33 21.33 64.64 21.33 128S64.64 234.67 128 234.67 234.67 191.36 234.67 128 191.36 21.33 128 21.33""/><path fill=""#ff9b00"" d=""M128 170.67V128h-10.67l-32-32L128 64v10.67H96l32 32-32 32z""/></svg>"
d217ec5e54247f554658c0b55c0f7b88,"<svg xmlns=""http://www.w3.org/2000/svg"" width=""256"" height=""256"" viewBox=""0 0 256 256""><path d=""M98.47 196.8a98.47 98.47 0 1 1 98.47-98.47A98.5 98.5 0 0 1 98.47 196.8m0-184.8c-47.2 0-85.6 38.4-85.6 85.6s38.4 85.6 85.6 85.6 85.6-38.4 85.6-85.6-38.4-85.6-85.6-85.6""/><path d=""M104.87 136.8h-16v-16l-16 16L80 120l16-16V80H80l16 16z""/></svg>"
3b35b6161536c913c2e925688e6e1909,"<svg xmlns=""http://www.w3.org/2000/svg"" width=""256"" height=""256"" viewBox=""0 0 256 256""><path fill=""currentColor"" d=""M197.48 0H18.52A18.5 18.5 0 0 0 0 18.52v178.96a18.5 18.5 0 0 0 18.52 18.52h178.96a18.5 18.5 0 0 0 18.52-18.52V18.52A18.5 18.5 0 0 0 197.48 0m-17.9 178.96c0 9.9-8.02 17.92-17.92 17.92H18.52c-9.9 0-17.92-8.02-17.92-17.92V18.52c0-9.9 8.02-17.92 17.92-17.92h178.96c9.9 0 17.92 8.02 17.92 17.92z""/><path fill=""currentColor"" d=""M106.68 106.68a8.5 8.5 0 0 1-5.68-2.2l-24.4-24.4a8.5 8.5 0 0 1-.02-11.92L100.98 48a8.5 8.5 0 0 1 11.92-.02l14.72 14.72 14.72-14.72a8.5 8.5 0 0 1 11.92-.02l24.4 24.4a8.5 8.5 0 0 1 .02 11.92l-24.4 24.4a8.5 8.5 0 0 1-5.68 2.2""/></svg>"
4b50219c5f811a4a2246f70fc8778fb7,"<svg xmlns=""http://www.w3.org/2000/svg"" width=""256"" height=""256"" viewBox=""0 0 256 256""><path fill=""currentColor"" d=""M197.48 10.67a10.67 10.67 0 0 0-15.08 0l-32 32H10.67A10.67 10.67 0 0 0 0 53.33v128a10.67 10.67 0 0 0 10.67 10.66h128a10.67 10.67 0 0 0 10.66-10.66V53.33c0-5.9-4.77-10.67-10.66-10.67m-10.66 128a10.67 10.67 0 0 1-10.66 10.66H53.33a10.67 10.67 0 0 1-10.66-10.66V53.33a10.67 10.67 0 0 1 10.66-10.66h128a10.67 10.67 0 0 1 10.66 10.66z""/><path fill=""currentColor"" d=""M197.48 10.67a10.67 10.67 0 0 0-15.08 0L160 42.67H10.67A10.67 10.67 0 0 0 0 53.33v128a10.67 10.67 0 0 0 10.67 10.66h128a10.67 10.67 0 0 0 10.66-10.66V53.33c0-5.9-4.77-10.67-10.66-10.67""/></svg>"
7b26043f0d13cda39371e4b339ebadf7,"<svg xmlns=""http://www.w3.org/2000/svg"" width=""256"" height=""256"" viewBox=""0 0 256 256""><path fill=""#4a90e2"" d=""M178.67 106.67H16V85.33h16v-16A10.67 10.67 0 0 1 32 64h106.67a10.67 10.67 0 0 1 10.66 10.67v16zm-16-16h-16v-16h16z""/><path fill=""#4a90e2"" d=""M160 106.67h-16V85.33h16zM16 106.67h16v-16H16zm16-16h16v16H32zm16-16h16v16H48zm16-16h16v16H64zm16-16h16v16H80zm16-16h16v16H96zm16-16h16v16H112zm16-16h16v16H128zm16-16h16v16H144zm16-16h16v16H160zm16-16h16v16H176zm16-16h16v16H192zm16-16h16v16H208zm16-16h16v16H224zm16-16h16v16H240zm16-16h16v16H256zm16-16h16v16H272zm16-16h16v16H288zm16-16h16v16H304zm16-16h16v16H320zm16-16h16v16H336zm16-16h16v16H352zm16-16h16v16H368zm16-16h16v16H384zm16-16h16v16H400zm16-16h16v16H416zm16-16h16v16H432zm16-16h16v16H448zm16-16h16v16H464zm16-16h16v16H480zm16-16h16v16H496zm16-16h16v16H512zm16-16h16v16H528zm16-16h16v16H544zm16-16h16v16H560zm16-16h16v16H576zm16-16h16v16H592zm16-16h16v16H608zm16-16h16v16H624zm16-16h16v16H640zm16-16h16v16H656zm16-16h16v16H672zm16-16h16v16H688zm16-16h16v16H704zm16-16h16v16H720zm16-16h16v16H736zm16-16h16v16H752zm16-16h16v16H768zm16-16h16v16H784zm16-16h16v16H800zm16-16h16v16H816zm16-16h16v16H832zm16-16h16v16H848zm16-16h16v16H864zm16-16h16v16H880zm16-16h16v16H896zm16-16h16v16H912zm16-16h16v16H928zm16-16h16v16H944zm16-16h16v16H960zm16-16h16v16H976zm16-16h16v16H992zm16-16h16v16H1008zm16-16h16v16H1024zm16-16h16v16H1040zm16-16h16v16H1056zm16-16h16v16H1072zm16-16h16v16H1088zm16-16h16v16H1104zm16-16h16v16H1120zm16-16h16v16H1136zm16-16h16v16H1152zm16-16h16v16H1168zm16-16h16v16H1184zm16-16h16v16H1200zm16-16h16v16H1216zm16-16h16v16H1232zm16-16h16v16H1248zm16-16h16v16H1264zm16-16h16v16H1280zm16-16h16v16H1296zm16-16h16v16H1312zm16-16h16v16H1328zm16-16h16v16H1344zm16-16h16v16H1360zm16-16h16v16H1376zm16-16h16v16H1392zm16-16h16v16H1408zm16-16h16v16H1424zm16-16h16v16H1440zm16-16h16v16H1456zm16-16h16v16H1472zm16-16h16v16H1488zm16-16h16v16H1504zm16-16h16v16H1520zm16-16h16v16H1536zm16-16h16v16H1552zm16-16h16v16H1568zm16-16h16v16H1584zm16-16h16v16H1600z""/></svg>"
f7e100176f3abaa371f2be1f2591b052,"<svg xmlns=""http://www.w3.org/2000/svg"" width=""256"" height=""256"" viewBox=""0 0 256 256""><rect x=""0"" y=""0"" width=""256"" height=""256"" fill=""white""/><circle cx=""128"" cy=""128"" r=""64"" fill=""#fff""/></svg>"
7be87f50d6ce946ddf06aa2699e8fc7d,"<svg xmlns=""http://www.w3.org/2000/svg"" width=""256"" height=""256"" viewBox=""0 0 256 256""><path fill=""#4a90e2"" d=""M87.5 10.67c-1.07-.53-2.13-1.06-3.2-1.6L2.13 101.33C-1.07 102.4 0 104.53 0 106.67v10.66c0 2.13 1.07 4.26 2.13 5.86l82.13 82.13c1.07 1.07 2.13 1.6 3.2 1.6s2.13 0 3.2-1.07l82.13-82.13c1.07-1.07 2.13-2.13 2.13-3.2V106.67c0-2.14-1.06-4.27-2.13-5.87L90.67 1.6c-1.07-1.07-2.13-1.6-3.2-1.6""/><path fill=""#4a90e2"" d=""m106.67 10.67-82.13 82.13c-1.07 1.07-2.13 1.6-3.2 1.6S0 102.4 0 101.33V106.67c0-2.14 1.07-4.27 2.13-5.87l82.13-82.13c1.07-1.07 2.13-1.6 3.2-1.6s2.13 0 3.2 1.07z""/></svg>"
2179a3741a0ab1aa7c2d4662936b290c,"<svg xmlns=""http://www.w3.org/2000/svg"" width=""256"" height=""256"" viewBox=""0 0 256 256""><path fill=""currentColor"" d=""M98.47 176.9a79.9 79.9 0 0 1-56.9-23.5A79.9 79.9 0 0 1 0 98.47a79.9 79.9 0 0 1 23.5-56.9A79.9 79.9 0 0 1 98.47 0c20.7 0 40.9 7.7 56.9 23.5a79.9 79.9 0 0 1 23.5 56.9 79.9 79.9 0 0 1-23.5 56.9 79.9 79.9 0 0 1-56.9 23.5m0-160.9C48.5 16 16 54.5 16 98.47s32.5 82.47 82.47 82.47S192 156.9 192 98.47 159.5 16 98.47 16""/><path fill=""currentColor"" d=""M98.47 176.9a79.9 79.9 0 0 1-56.9-23.5A79.9 79.9 0 0 1 0 98.47a79.9 79.9 0 0 1 23.5-56.9A79.9 79.9 0 0 1 98.47 0c20.7 0 40.9 7.7 56.9 23.5a79.9 79.9 0 0 1 23.5 56.9 79.9 79.9 0 0 1-23.5 56.9 79.9 79.9 0 0 1-56.9 23.5""/></svg>"
ad497666ac65587fce985d7623871ae7,"<svg xmlns=""http://www.w3.org/2000/svg"" width=""256"" height=""256"" viewBox=""0 0 256 256""><path d=""M184.79 10.67a10.67 10.67 0 0 1 10.66 10.66v128a10.67 10.67 0 0 1-10.66 10.66H10.67A10.67 10.67 0 0 1 0 148.73V21.33A10.67 10.67 0 0 1 10.67 10.67zm-17.06 10.66h-128a10.67 10.67 0 0 0-10.66 10.66v128a10.67 10.67 0 0 0 10.66 10.66h128a10.67 10.67 0 0 0 10.66-10.66v-128a10.67 10.67 0 0 0-10.66-10.66m-10.66 128H21.33v-128h149.34zM106.67 0a10.67 10.67 0 0 1 10.66 10.67v10.66l-.01 10.66a10.67 10.67 0 0 1-21.33 0L106.67 21.33V10.67A10.67 10.67 0 0 1 117.33 0z""/></svg>"
d0316313-c830-4f01-9e3c-75e383512aa8,"<svg xmlns=""http://www.w3.org/2000/svg"" width=""256"" height=""256"" fill=""none"" viewBox=""0 0 256 256""><g stroke=""#1c274c"" stroke-linecap=""round"" stroke-width=""16""><path d=""M85.33 96a85.33 85.33 0 1 0 0-170.67 85.33 85.33 0 0 0 0 170.67""/><circle cx=""128"" cy=""128"" r=""10.67""/></g></svg>"
bef3b5702afe02ec752caa10c598f0fb,"<svg xmlns=""http://www.w3.org/2000/svg"" width=""256"" height=""256"" viewBox=""0 0 256 256""><path d=""M84.97 10.67a10.67 10.67 0 0 1-10.66-10.66V0H10.67A10.67 10.67 0 0 0 0 10.67v128h10.67a10.67 10.67 0 0 0 10.66-10.66V10.67zm-10.66 128H10.67V10.67h64z""/></svg>"
59433b6bf3dc2b8185aad87ff88b37e9,"<svg xmlns=""http://www.w3.org/2000/svg"" width=""256"" height=""256"" viewBox=""0 0 256 256""><path d=""M197.48 0H18.52A18.5 18.5 0 0 0 0 18.52v178.96a18.5 18.5 0 0 0 18.52 18.52h178.96a18.5 18.5 0 0 0 18.52-18.52V18.52A18.5 18.5 0 0 0 197.48 0m-17.9 178.96c0 9.9-8.02 17.92-17.92 17.92H18.52c-9.9 0-17.92-8.02-17.92-17.92V18.52C0 8.6 8.02 0 18.52 0zm-15.98-15.98H34.5v15.98h146.98zM18.52 136.44h160.46v15.98H18.52z""/><path d=""M18.52 100.46h160.46v15.98H18.52z""/><path d=""M18.52 64.48h160.46v15.98H18.52z""/></svg>"
cccde842a9770067e91c4fe35cb36e05,"<svg xmlns=""http://www.w3.org/2000/svg"" width=""256"" height=""256"" viewBox=""0 0 256 256""><rect x=""0"" y=""0"" width=""256"" height=""256"" fill=""white""/><circle cx=""128"" cy=""128"" r=""64"" fill=""#1c274c""/></svg>"
8d9a73f5da5369b5ee2483cb71f2a498,"<svg xmlns=""http://www.w3.org/2000/svg"" width=""256"" height=""256"" viewBox=""0 0 256 256""><path fill=""#4a4a4a"" d=""M97.8 195.6c-48.4 0-88.4-39.8-88.4-88.4s39.8-88.4 88.4-88.4 88.4 39.8 88.4 88.4-39.8 88.4-88.4 88.4m0-176.4C47.4 19.2 19.2 47.4 19.2 97.8s28.2 78.6 78.6 78.6 78.6-28.2 78.6-78.6S148.2 19.2 97.8 19.2""/><path fill=""#4a4a4a"" d=""M117.4 135.8h-16v-16h16zm0-48h-16v-16h16z""/></svg>"
60782d20cc8bfb457db8081589abf190,"<svg xmlns=""http://www.w3.org/2000/svg"" width=""256"" height=""256"" viewBox=""0 0 256 256""><path fill=""#4e8cee"" d=""M0 117.33a117.33 117.33 0 1 0 234.67 0 117.33 117.33 0 1 0-234.67 0""/><path fill=""#fff"" d=""m192.43 128.43-32.43-32.43v-.43l-1.07-1.07c-1.07-1.07-2.13-1.07-3.2-1.07s-2.13 0-3.2 1.07L106.67 128V96h-1.07l-1.07-1.07c-1.07-1.07-2.13-1.07-3.2-1.07s-2.13 0-3.2 1.07L85.33 128H53.33l-1.07-1.07c-1.07-1.07-2.13-1.07-3.2-1.07S42.67 127.94 42.67 128v32.43l-32.43 32.43c-1.07 1.07-1.07 2.13-1.07 3.2s0 2.13 1.07 3.2l32.43 32.43c1.07 1.07 2.13 1.07 3.2 1.07s2.13 0 3.2-1.07l32.43-32.43c1.07-1.07 1.07-2.13 1.07-3.2s0-2.13-1.07-3.2m-10.66-10.66-1.07-1.07c-1.07-1.07-2.13-1.07-3.2-1.07s-2.13 0-3.2 1.07l-1.07 1.07-1.07 1.07c-1.07 1.07-1.07 2.13-1.07 3.2s0 2.13 1.07 3.2l1.07 1.07 1.07 1.07c1.07 1.07 2.13 1.07 3.2 1.07s2.13 0 3.2-1.07l1.07-1.07 1.07-1.07c1.07-1.07 1.07-2.13 1.07-3.2s0-2.13-1.07-3.2l-1.07-1.07zm-10.66 10.66-1.07-1.07c-1.07-1.07-2.13-1.07-3.2-1.07s-2.13 0-3.2 1.07l-1.07 1.07-1.07 1.07c-1.07 1.07-1.07 2.13-1.07 3.2s0 2.13 1.07 3.2l1.07 1.07 1.07 1.07c1.07 1.07 2.13 1.07 3.2 1.07s2.13 0 3.2-1.07l1.07-1.07 1.07-1.07c1.07-1.07 1.07-2.13 1.07-3.2s0-2.13-1.07-3.2z""/></svg>"
7884ebaf59a1407a0d842e8fedb04ac6,"<svg xmlns=""http://www.w3.org/2000/svg"" width=""256"" height=""256"" viewBox=""0 0 256 256""><path fill=""#979797"" d=""M48 0v16h16V0zm-16 16H0v16h16zM16 48v16H0v-16zm16 0v16h16V48z""/><path fill=""#979797"" d=""M16 80v16H0v-16zm16 0v16H0v-16zm16 0v16H16v-16zm16 0v16H32v-16z""/></svg>"
52b768babdfab2dde3b7f5754ab0356d,"<svg xmlns=""http://www.w3.org/2000/svg"" width=""256"" height=""256"" viewBox=""0 0 256 256""><path d=""M184.79 106.67a10.67 10.67 0 0 1-10.66-10.66V53.33c0-5.89-4.77-10.66-10.66-10.66h-16v-16A10.67 10.67 0 0 0 149.33 0H85.33a10.67 10.67 0 0 0-10.66 10.67v16H64a10.67 10.67 0 0 0-10.67 10.66v16a10.67 10.67 0 0 0 10.67 10.66h16v16a10.67 10.67 0 0 0 10.66 10.66h16a10.67 10.67 0 0 0 10.66-10.66v-16h16a10.67 10.67 0 0 0 10.66-10.66m-10.66 42.66a10.67 10.67 0 0 1-10.66-10.66V128a10.67 10.67 0 0 1 10.66-10.67h16v-16a10.67 10.67 0 0 0-10.66-10.66h-16v-16a10.67 10.67 0 0 0-10.66-10.66h-16a10.67 10.67 0 0 0-10.66 10.66v16H64a10.67 10.67 0 0 0-10.67 10.66v16a10.67 10.67 0 0 0 10.67 10.66h16v16a10.67 10.67 0 0 0 10.66 10.66h16a10.67 10.67 0 0 0 10.66-10.66v-16h16a10.67 10.67 0 0 0 10.66-10.66z""/><path d=""M106.67 106.67a10.67 10.67 0 0 1-10.66-10.66V53.33a10.67 10.67 0 0 1 21.33 0v42.67a10.67 10.67 0 0 1-10.67 10.66m0 42.66a10.67 10.67 0 0 1-10.66-10.66V128a10.67 10.67 0 0 1 21.33 0v42.67a10.67 10.67 0 0 1-10.67 10.66m0 42.66a10.67 10.67 0 0 1-10.66-10.66V170.67a10.67 10.67 0 0 1 21.33 0v42.66a10.67 10.67 0 0 1-10.67 10.66""/></svg>"
c06c776d341830fe0656ce80a4837c43,"<svg xmlns=""http://www.w3.org/2000/svg"" width=""256"" height=""256"" viewBox=""0 0 256 256""><path fill=""#f4c97e"" d=""M80.1 104.1a24.1 24.1 0 1 0-48.2 0 24.1 24.1 0 1 0 48.2 0""/><path fill=""#f4c97e"" d=""M128.1 104.1a24.1 24.1 0 1 0-48.2 0 24.1 24.1 0 1 0 48.2 0""/><path fill=""#bceaff"" d=""m128.1 104.1 16.1-16.1L160 128l-16.1 16.1z""/><path fill=""#fff"" d=""M128.1 104.1h-16v-16h16zm-16 0H80v-16h48zm-16 0H64v-16h48zm-16 0H48v-16h48zM128.1 104.1h-16v-16h16zm-16 0H80v-16h48zm-16 0H64v-16h48zm-16 0H48v-16h48z""/></svg>"
69f9025a676799aa7c78d9391f364e42,"<svg xmlns=""http://www.w3.org/2000/svg"" width=""256"" height=""256"" viewBox=""0 0 256 256""><path d=""M98.47 196.9a98.47 98.47 0 1 1 98.47-98.47 98.5 98.5 0 0 1-98.47 98.47m0-184.9c-47.5 0-86.1 38.6-86.1 86.1s38.6 86.1 86.1 86.1 86.1-38.6 86.1-86.1S146 10.57 98.47 10.57""/><path d=""M108.1 110.3h-.05l-24.1-24.1L108.1 42.2l24.1 24.1z""/></svg>"
b4055e74149d72b39af4bb6ed912d4dd,"<svg xmlns=""http://www.w3.org/2000/svg"" width=""256"" height=""256"" viewBox=""0 0 256 256""><path fill=""#fff"" d=""M0 0h245.76v245.76H0z""/><path d=""m198.4 102.4-25.6-25.6L128 128l-25.6 25.6-25.6-25.6L128 102.4zm-128 0L128 128l-25.6-25.6-25.6 25.6L128 128zM128 256c-47.04 0-85.36-38.32-85.36-85.36S80.96 42.64 128 42.64s85.36 38.32 85.36 85.36-38.32 85.36-85.36 85.36""/></svg>"
0ab856c569e714140199edcea3bf4b1b,"<svg xmlns=""http://www.w3.org/2000/svg"" width=""256"" height=""256"" viewBox=""0 0 256 256""><path fill=""#979797"" d=""M128 0C57.42 0 0 57.42 0 128s57.42 128 128 128 128-57.42 128-128S198.58 0 128 0m64 144c0 13.23-10.77 24-24 24H80c-13.23 0-24-10.77-24-24V80c0-13.23 10.77-24 24-24h64c13.23 0 24 10.77 24 24zm-128 0c0 13.23-10.77 24-24 24H24c-13.23 0-24-10.77-24-24v-64c0-13.23 10.77-24 24-24h64c13.23 0 24 10.77 24 24z""/></svg>"
7a48e2e3e1cfc84084ee88f328768326,"<svg xmlns=""http://www.w3.org/2000/svg"" width=""256"" height=""256"" viewBox=""0 0 256 256""><path fill=""currentColor"" d=""M194.88 10.24H10.24A10.24 10.24 0 0 0 0 20.48v174.08a10.24 10.24 0 0 0 10.24 10.24h184.64a10.24 10.24 0 0 0 10.24-10.24V20.48a10.24 10.24 0 0 0-10.24-10.24m-184.64 163.84h164.48V20.48H10.24zm174.08-10.24H10.24V20.48h174.08zM10.24 10.24h174.08v163.84H10.24z""/></svg>"
9c33cfa86000008f09d0d07bc3a8867e,"<svg xmlns=""http://www.w3.org/2000/svg"" width=""256"" height=""256"" viewBox=""0 0 256 256""><path fill=""#979797"" d=""M184.43 10.67a10.67 10.67 0 0 1 10.66 10.66v128c0 5.89-4.77 10.66-10.66 10.66H10.67A10.67 10.67 0 0 1 0 141.33V21.33C0 9.44 9.44 0 21.33 0h149.34c11.89 0 21.33 9.44 21.33 21.33""/><path fill=""#979797"" d=""m128 106.67-21.33-21.34L128 0l21.33 21.33z""/><path fill=""#979797"" d=""M128 106.67H96v-21.34h32zm0-42.66H96V64h32zM128 160H96v-21.33h32zm0-42.67H96V128h32z""/></svg>"
36a35cdca1a41057186eae176e77f782,"<svg xmlns=""http://www.w3.org/2000/svg"" width=""256"" height=""256"" viewBox=""0 0 256 256""><path d=""M197.48 0H18.52C8.2 0 0 8.2 0 18.52v178.96c0 10.32 8.2 18.52 18.52 18.52h178.96c10.32 0 18.52-8.2 18.52-18.52V18.52C215.98 8.2 207.78 0 197.48 0m-17.96 197.48H17.96V17.96h161.56zM103.74 12.8l-.02 1.02a12.8 12.8 0 0 1-12.78 12.78L80.96 32.52a12.8 12.8 0 0 1-12.78-12.78l-1.02-.02a12.8 12.8 0 0 1 12.78-12.78l1.02.02a12.8 12.8 0 0 1 12.78 12.78zm-1.02 110.96a12.8 12.8 0 0 1-12.78-12.78l-1.02-.02a12.8 12.8 0 0 1 12.78-12.78l1.02.02a12.8 12.8 0 0 1 12.78 12.78l1.02-.02a12.8 12.8 0 0 1-12.78 12.78z""/></svg>"
ecccb36d-f9f3-405b-aec4-692a0b41c947,"<svg xmlns=""http://www.w3.org/2000/svg"" width=""256"" height=""256"" fill=""none"" viewBox=""0 0 256 256""><g stroke=""#1c274c"" stroke-linecap=""round"" stroke-width=""16""><path d=""M85.33 96H64v-32h21.33""/><path d=""m106.67 128 10.66-10.67L128 117.33l-10.67 10.66""/><path d=""M106.67 128V160""/></g></svg>"
2fe46e535a6daafd0ccf76ff1632c924,"<svg xmlns=""http://www.w3.org/2000/svg"" width=""256"" height=""256"" viewBox=""0 0 256 256""><path fill=""currentColor"" d=""M197.48 10.67H10.67A10.67 10.67 0 0 0 0 21.33v170.66a10.67 10.67 0 0 0 10.67 10.66h186.81a10.67 10.67 0 0 0 10.66-10.66V21.33a10.67 10.67 0 0 0-10.66-10.66m-186.81 170.66h176.21V32.01H10.67z""/><path fill=""currentColor"" d=""M197.48 10.67h-186.81a10.67 10.67 0 0 0-10.66 10.66v170.66a10.67 10.67 0 0 0 10.66 10.66h186.81a10.67 10.67 0 0 0 10.66-10.66V21.33a10.67 10.67 0 0 0-10.66-10.66m-186.81 170.66h176.21V32.01H10.67zm10.66-10.67h176.21c5.89 0 10.66 4.77 10.66 10.66v170.66c0 5.89-4.77 10.66-10.66 10.66H10.67C4.77 202.67 0 197.9 0 192.01V32.01c0-5.89 4.77-10.66 10.67-10.66""/></svg>"
e2f14b4772c54eab79d94ddd1086d4a8,"<svg xmlns=""http://www.w3.org/2000/svg"" width=""256"" height=""256"" viewBox=""0 0 256 256""><path fill=""#fff"" d=""M0 0h256v256H0z""/><path fill=""#f44336"" d=""M96 85.33a10.7 10.7 0 0 1-10.67-10.66V10.67A10.7 10.7 0 0 1 96 0h106.67a10.7 10.7 0 0 1 10.66 10.67v64a10.7 10.7 0 0 1-10.66 10.66zm0 106.67a10.7 10.7 0 0 1-10.67-10.66V192a10.7 10.7 0 0 1 10.67-10.67h106.66A10.7 10.7 0 0 1 213.33 192v64a10.7 10.7 0 0 1-10.66 10.67zM10.67 10.67A10.7 10.7 0 0 1 21.33 0h192a10.7 10.7 0 0 1 10.66 10.67v170.66A10.7 10.7 0 0 1 213.33 192h-192A10.7 10.7 0 0 1 10.67 181.33z""/></svg>"
c77bfcff2ef267f1687ee338811418a7,"<svg xmlns=""http://www.w3.org/2000/svg"" width=""256"" height=""256"" viewBox=""0 0 256 256""><path fill=""currentColor"" d=""M197.48 0H18.52A18.5 18.5 0 0 0 0 18.52v178.96a18.5 18.5 0 0 0 18.52 18.52h178.96a18.5 18.5 0 0 0 18.52-18.52V18.52A18.5 18.5 0 0 0 197.48 0m-17.9 178.96c0 9.9-8.02 17.92-17.92 17.92H18.52c-9.9 0-17.92-8.02-17.92-17.92V18.52C0 8.6 8.02 0 18.52 0zm-10.6-10.6h-10.6v-10.6l45.22-45.22L106.6 45.22l-45.22 45.22z""/></svg>"
11de9db4bf6f7c89ccef2e8f5255f940,"<svg xmlns=""http://www.w3.org/2000/svg"" width=""256"" height=""256"" viewBox=""0 0 256 256""><path fill=""#ff9800"" d=""M74.67 106.67a32 32 0 1 0-64 0 32 32 0 1 0 64 0""/><path fill=""#fff"" d=""M106.67 106.67H96v-21.34h10.67z""/><path fill=""#ff9800"" d=""M106.67 106.67c-17.71 0-32-14.29-32-32s14.29-32 32-32 32 14.29 32 32-14.29 32-32 32m0-42.67C50.19 64 0 114.19 0 160s50.19 96 106.67 96 106.66-50.19 106.66-96S162.56 64 106.67 64""/><path fill=""#00d084"" d=""M106.67 106.67V85.33l-10.66 21.34zm0-42.67V64L96 85.33z""/></svg>"
31007fcfb3d29b96482936fef1627474,"<svg xmlns=""http://www.w3.org/2000/svg"" width=""256"" height=""256"" viewBox=""0 0 256 256""><path fill=""#4e8cee"" d=""M127.99 0C57.31 0 0 57.31 0 127.99s57.31 127.99 127.99 127.99 127.99-57.31 127.99-127.99S198.68 0 127.99 0m0 235.98c-59.68 0-108.01-48.33-108.01-108.01S68.31 19.98 127.99 19.98 235.98 68.31 235.98 127.99 187.65 235.98 127.99 235.98""/><path fill=""#fcd500"" d=""M127.99 103.99a12.5 12.5 0 0 1-12.5-12.5V61.49a12.5 12.5 0 0 1 25 0v29.99a12.5 12.5 0 0 1-12.5 12.5m0-46.99a34.5 34.5 0 0 0-34.5 34.5v29.99a34.5 34.5 0 0 0 34.5 34.5h29.99a34.5 34.5 0 0 0 34.5-34.5V61.49a34.5 34.5 0 0 0-34.5-34.5z""/></svg>"
aced284fc4b70f07ffb942630def4b70,"<svg xmlns=""http://www.w3.org/2000/svg"" width=""256"" height=""256"" viewBox=""0 0 256 256""><path fill=""#4a90e2"" d=""M87.5 100c-1.5 0-3-.5-4.5-1.5L50 75.5V50h10v25l32.5-25H87z""/><path fill=""#4a90e2"" d=""M100 100c-1.5 0-3-.5-4.5-1.5L75 75.5V50h10v25l32.5-25H100z""/><path fill=""#4a90e2"" d=""M122.5 100c-1.5 0-3-.5-4.5-1.5L95 75.5V50h10v25l32.5-25H122z""/><path fill=""#4a90e2"" d=""M145 100c-1.5 0-3-.5-4.5-1.5L118 75.5V50h10v25l32.5-25h-10z""/></svg>"
71c80fc88d513e986ada1a2c216f27fa,"<svg xmlns=""http://www.w3.org/2000/svg"" width=""256"" height=""256"" viewBox=""0 0 256 256""><rect x=""0"" y=""0"" width=""256"" height=""256"" fill=""white""/><circle cx=""128"" cy=""128"" r=""64"" fill=""#000""/></svg>"
2416e0ec038a44a6796b03e1ca47e793,"<svg xmlns=""http://www.w3.org/2000/svg"" width=""256"" height=""256"" viewBox=""0 0 256 256""><rect x=""0"" y=""0"" width=""256"" height=""256"" fill=""white""/><circle cx=""128"" cy=""128"" r=""64"" fill=""black""/></svg>"
651d77d6513bb3bc5015b268b2478288,"<svg xmlns=""http://www.w3.org/2000/svg"" width=""256"" height=""256"" viewBox=""0 0 256 256""><path d=""M84.79 10.67h-64a10.67 10.67 0 0 0 0 21.33h64a10.67 10.67 0 0 0 0-21.33m-64 106.66H0V192h149.33v-85.33zm149.34 0h-64a10.67 10.67 0 0 0 0 21.33h64a10.67 10.67 0 0 0 0-21.33m-64 106.66H0V192h149.33v-85.33zM10.67 10.67h64a10.67 10.67 0 0 0 0-21.34H10.67A10.67 10.67 0 0 0 0 10.67v85.34h149.33V10.67z""/></svg>"
4c7f68ff837be67b255daa570abe07fb,"<svg xmlns=""http://www.w3.org/2000/svg"" width=""256"" height=""256"" viewBox=""0 0 256 256""><path fill=""#ff9800"" d=""M174.93 10.67a10.67 10.67 0 0 1-10.66 10.66H10.67A10.67 10.67 0 0 1 0 10.67V10.67C0 4.77 4.77 0 10.67 0h154.6c5.9 0 10.67 4.77 10.67 10.67""/><path fill=""#ff9800"" d=""m160.8 10.67-.01.01v10.66l-10.67-10.66z""/><path fill=""#ff9800"" d=""M160.8 10.67a10.67 10.67 0 0 1-10.67 10.66H10.67A10.67 10.67 0 0 1 0 10.67V10.67A10.67 10.67 0 0 1 10.67 0h154.6c5.9 0 10.67 4.77 10.67 10.67""/></svg>"
bfea09a06494a8d5c375a442159b9711,"<svg xmlns=""http://www.w3.org/2000/svg"" width=""256"" height=""256"" viewBox=""0 0 256 256""><path fill=""#272636"" d=""M194.88 0H17.92A17.9 17.9 0 0 0 0 17.92v176.64a17.9 17.9 0 0 0 17.92 17.92h176.64a17.9 17.9 0 0 0 17.92-17.92V17.92A17.9 17.9 0 0 0 194.88 0m-17.92 176.64c0 9.92-8.06 17.92-17.92 17.92H17.92c-9.92 0-17.92-8.06-17.92-17.92V17.92C0 8.06 8.06 0 17.92 0z""/><path fill=""#272636"" d=""M153.6 102.4a12.8 12.8 0 1 0 25.6 0 12.8 12.8 0 1 0-25.6 0""/><path fill=""#272636"" d=""M153.6 128a12.8 12.8 0 1 0 25.6 0 12.8 12.8 0 1 0-25.6 0""/></svg>"
9a44d8309fefe366bdfcf6dfe228d580,"<svg xmlns=""http://www.w3.org/2000/svg"" width=""256"" height=""256"" viewBox=""0 0 256 256""><path fill=""currentColor"" d=""M128 0C57.42 0 0 57.42 0 128s57.42 128 128 128 128-57.42 128-128S198.58 0 128 0m0 234.67c-58.88 0-106.67-47.79-106.67-106.67S69.12 21.33 128 21.33 234.67 69.12 234.67 128 186.88 234.67 128 234.67""/><path fill=""currentColor"" d=""M128 106.67a10.67 10.67 0 0 1-10.67-10.66V53.33H96v42.66a10.67 10.67 0 0 1-21.34 0V53.33h-10.67v42.66a10.67 10.67 0 0 1-21.34 0V53.33H64v42.66a10.67 10.67 0 0 1-21.33 0V53.33H32v42.66a10.67 10.67 0 0 1-21.33 0V53.33H10.67A10.67 10.67 0 0 1 21.33 42.67v64a10.67 10.67 0 0 1-21.34 0V53.33H0v128a10.67 10.67 0 0 0 10.67 10.66h128a10.67 10.67 0 0 0 10.66-10.66z""/></svg>"
e86ce2a192773fe0c96294a8e10623c4,"<svg xmlns=""http://www.w3.org/2000/svg"" width=""256"" height=""256"" viewBox=""0 0 256 256""><path fill=""#333"" d=""M184.79 10.67h-16V0H10.67v10.67H0v170.66h192V10.67zM16 192a16 16 0 1 0 0 32 16 16 0 0 0 0-32m0-42.67a26.67 26.67 0 1 1 0 53.34 26.67 26.67 0 0 1 0-53.34m0-42.66a37.33 37.33 0 1 0 0 74.67 37.33 37.33 0 0 0 0-74.67""/><path fill=""#333"" d=""M16 10.67h160v10.66H16zm0 128h160v10.66H16z""/></svg>"
f306de31c0bd997ca6d12994325dd787,"<svg xmlns=""http://www.w3.org/2000/svg"" width=""256"" height=""256"" viewBox=""0 0 256 256""><rect x=""0"" y=""0"" width=""256"" height=""256"" fill=""white""/><circle cx=""128"" cy=""128"" r=""64"" fill=""black""/></svg>"
e77f70272bee4c42cfa1e4764dde6c86,"<svg xmlns=""http://www.w3.org/2000/svg"" width=""256"" height=""256"" viewBox=""0 0 256 256""><path fill=""#4d4d4d"" d=""M98.75 10.67a10.67 10.67 0 1 0-21.33 0 10.67 10.67 0 0 0 21.33 0""/><path fill=""#4d4d4d"" d=""M10.67 10.67A10.67 10.67 0 1 0 0 21.33a10.67 10.67 0 0 0 10.67-10.66m106.66 0a10.67 10.67 0 1 0-21.33 0 10.67 10.67 0 0 0 21.33 0""/><path fill=""#4d4d4d"" d=""M10.67 106.67a10.67 10.67 0 1 0 21.33 0 10.67 10.67 0 0 0-21.33 0m106.66 0a10.67 10.67 0 1 0-21.33 0 10.67 10.67 0 0 0 21.33 0""/></svg>"
4e7b4e261c3e2bd62b06b2ac9aa91aa1,"<svg xmlns=""http://www.w3.org/2000/svg"" width=""256"" height=""256"" viewBox=""0 0 256 256""><path d=""M84.79 10.67a10.67 10.67 0 0 1-10.66-10.66V0H64v10.67A10.67 10.67 0 0 1 53.33 10.67zm-10.66 0h-10.66L0 10.67v192l10.67-10.66zM10.67 192h10.66v-10.67H10.67z""/></svg>"
ddad0ee9440251e63a9cec90b10d6ec6,"<svg xmlns=""http://www.w3.org/2000/svg"" width=""256"" height=""256"" viewBox=""0 0 256 256""><path d=""M197.48 104.4a10.67 10.67 0 0 1-10.67 10.67H10.67A10.67 10.67 0 0 1 0 115.07V10.67A10.67 10.67 0 0 1 10.67 0h176.14a10.67 10.67 0 0 1 10.67 10.67zM10.67 16C4.77 16 0 20.77 0 26.67v98.66c0 5.9 4.77 10.67 10.67 10.67h176.14c5.9 0 10.67-4.77 10.67-10.67V26.67c0-5.9-4.77-10.67-10.67-10.67z""/><path d=""M10.67 160a10.67 10.67 0 0 1-10.67-10.67V26.67c0-5.9 4.77-10.67 10.67-10.67h176.14c5.9 0 10.67 4.77 10.67 10.67v98.66c0 5.9-4.77 10.67-10.67 10.67zm176.14 0H21.33v-98.66c0-5.9 4.77-10.67 10.67-10.67h144.81c5.9 0 10.67 4.77 10.67 10.67z""/></svg>"
b7c33256-268d-48b6-8e2e-3a1342b81df1,"<svg xmlns=""http://www.w3.org/2000/svg"" width=""256"" height=""256"" fill=""none"" viewBox=""0 0 256 256""><path stroke=""#000"" stroke-linecap=""round"" stroke-linejoin=""round"" stroke-width=""21.33"" d=""M48 74.67c-9.07 0-16 7.47-16 16s6.93 16 16 16h10.67m-10.67 0v21.34H32V90.67m-10.67 0C10.67 90.67 0 80 0 69.33S10.67 48 21.33 48h10.66m-10.66 0v21.33H21.33V69.33""/></svg>"
2431467e520986551714b65e3ab50e3b,"<svg xmlns=""http://www.w3.org/2000/svg"" width=""256"" height=""256"" viewBox=""0 0 256 256""><path d=""M117.33 0C52.48 0 0 52.48 0 117.33c0 64.85 52.48 117.33 117.33 117.33s117.34-52.48 117.34-117.33S182.19 0 117.33 0m0 21.33a96 96 0 0 1 96 96 96 96 0 0 1-96 96 96 96 0 0 1-96-96 96 96 0 0 1 96-96""/></svg>"
4186c0e597bd570c83b7b206d4115e16,"<svg xmlns=""http://www.w3.org/2000/svg"" width=""256"" height=""256"" viewBox=""0 0 256 256""><path fill=""#4d4d4d"" d=""M178.93 101.33a37.33 37.33 0 1 0-74.67 0 37.33 37.33 0 0 0 74.67 0m-10.66 53.34H74.67a26.67 26.67 0 0 1-26.66-26.66V74.67a26.67 26.67 0 0 1 26.66-26.66h93.34a26.67 26.67 0 0 1 26.66 26.66v13.34a26.67 26.67 0 0 1-26.66 26.66""/><path fill=""#4d4d4d"" d=""M178.93 101.33c0 17.71-14.3 32-32 32s-32-14.29-32-32 14.3-32 32-32 32 14.29 32 32m-10.66 53.34H74.67a26.67 26.67 0 0 1-26.66-26.66V74.67a26.67 26.67 0 0 1 26.66-26.66h93.34a26.67 26.67 0 0 1 26.66 26.66v13.34a26.67 26.67 0 0 1-26.66 26.66""/></svg>"
22ccf1fe0913a4ba90e8fe9f959512bc,"<svg xmlns=""http://www.w3.org/2000/svg"" width=""256"" height=""256"" viewBox=""0 0 256 256""><rect x=""0"" y=""0"" width=""256"" height=""256"" fill=""white""/><circle cx=""128"" cy=""128"" r=""64"" fill=""#f4c97e""/></svg>"
9ef67cc04c109544fd8ca5096e5f56d7,"<svg xmlns=""http://www.w3.org/2000/svg"" width=""256"" height=""256"" viewBox=""0 0 256 256""><path fill=""#4d4d4d"" d=""M178.93 106.67a10.67 10.67 0 0 1-10.66 10.66H10.67A10.67 10.67 0 0 1 0 117.33v-128A10.67 10.67 0 0 1 10.67 0h158.66a10.67 10.67 0 0 1 10.66 10.67zm-160 0V10.67a10.67 10.67 0 0 1 21.33 0v96zM160 128a10.67 10.67 0 0 1-10.67 10.67H10.67A10.67 10.67 0 0 1 0 138.67v-128A10.67 10.67 0 0 1 10.67 10.67z""/><path fill=""#4d4d4d"" d=""M106.67 106.67c-26.46 0-48-21.54-48-48s21.54-48 48-48 48 21.54 48 48-21.54 48-48 48m0-85.34C50.93 21.33 21.33 50.93 21.33 85.33S50.93 170.67 106.67 170.67 170.67 131.07 170.67 106.67 131.07 21.33 106.67 21.33""/></svg>"
c0b082b5-a6d8-4b0f-98f2-d4856daffb78,"<svg xmlns=""http://www.w3.org/2000/svg"" width=""256"" height=""256"" viewBox=""0 0 256 256""><rect x=""0"" y=""0"" width=""256"" height=""256"" fill=""white""/><circle cx=""128"" cy=""128"" r=""64"" fill=""#978dfe""/></svg>"
6a10a30f5106b16c5a03380efb724236,"<svg xmlns=""http://www.w3.org/2000/svg"" width=""256"" height=""256"" viewBox=""0 0 256 256""><path fill=""#4d4d4d"" d=""M178.93 106.67a10.67 10.67 0 0 1-10.66-10.66V53.33c0-5.89-4.77-10.66-10.66-10.66h-16v-16C149.33 16 133.33 0 117.33 0H80c-26.67 0-42.67 16-42.67 42.67v16H10.67A10.67 10.67 0 0 0 0 53.33v53.34a10.67 10.67 0 0 0 10.67 10.66h16v16c0 5.89 4.77 10.66 10.67 10.66h16v16c0 26.67 16 42.67 42.67 42.67h37.34c26.67 0 42.67-16 42.67-42.67v-16h16c5.89 0 10.66-4.77 10.66-10.66v-53.34a10.67 10.67 0 0 0-10.66-10.66m-16 10.66H16v-16h149.33z""/><path fill=""#4d4d4d"" d=""M106.67 160a10.67 10.67 0 0 1-10.66-10.67V96a10.67 10.67 0 0 1 21.33 0v42.67A10.67 10.67 0 0 1 106.67 160m-42.67 0a10.67 10.67 0 0 1-10.66-10.67V96a10.67 10.67 0 0 1 21.33 0v42.67A10.67 10.67 0 0 1 64 160m106.67 0a10.67 10.67 0 0 1-10.66-10.67V96a10.67 10.67 0 0 1 21.33 0v42.67A10.67 10.67 0 0 1 160 160""/></svg>"
e3ff37b0428b939fe5e6d2206eb44c50,"<svg xmlns=""http://www.w3.org/2000/svg"" width=""256"" height=""256"" fill=""none"" viewBox=""0 0 256 256""><path stroke=""#fff"" stroke-linecap=""round"" stroke-width=""21.33"" d=""M96 42.67c-8.85 0-16-7.15-16-16s7.15-16 16-16 16 7.15 16 16-7.15 16-16 16m0-42.67C42.67 0 0 42.67 0 96s42.67 96 96 96 96-42.67 96-96S149.33 0 96 0""/><g stroke=""#2f88ff"" stroke-linecap=""round"" stroke-width=""21.33""><circle cx=""128"" cy=""128"" r=""42.67""/><circle cx=""128"" cy=""128"" r=""42.67"" transform=""rotate(60 128 128)""/><circle cx=""128"" cy=""128"" r=""42.67"" transform=""rotate(-60 128 128)""/></g></svg>"
3e5e60d596b309856a54fb4a70f7d0fb,"<svg xmlns=""http://www.w3.org/2000/svg"" width=""256"" height=""256"" viewBox=""0 0 256 256""><path fill=""#4988f7"" d=""M128 128a128 128 0 1 1-128 128A128 128 0 0 1 128 128m0-21.33c-42.67 0-80-37.33-80-80s37.33-80 80-80 80 37.33 80 80-37.33 80-80 80""/><path fill=""#bceaff"" d=""M128 128a106.67 106.67 0 1 1-106.67-106.67A106.67 106.67 0 0 1 128 128""/><path fill=""#4988f7"" d=""M128 128a106.67 106.67 0 1 1-106.67-106.67A106.67 106.67 0 0 1 128 128m0-21.33C64 106.67 10.67 149.33 10.67 192h213.34c0-42.67-53.33-85.33-106.67-106.66z""/></svg>"
281f7a7bbedcc3dabe56c34309ce0bf7,"<svg xmlns=""http://www.w3.org/2000/svg"" width=""256"" height=""256"" viewBox=""0 0 256 256""><path fill=""#979797"" d=""M184.53 0H21.33C9.6 0 0 9.6 0 21.33v149.34c0 11.73 9.6 21.33 21.33 21.33h163.2c11.73 0 21.33-9.6 21.33-21.33V21.33C205.87 9.6 196.27 0 184.53 0m-16 16h16v128h-16zm-16 128H21.33V21.33h163.2zM106.67 16a10.67 10.67 0 1 0 0 21.33 10.67 10.67 0 0 0 0-21.33""/></svg>"
d85928edea1d03e330c870425e4ca375,"<svg xmlns=""http://www.w3.org/2000/svg"" width=""256"" height=""256"" viewBox=""0 0 256 256""><path d=""M178.49 10.67a10.67 10.67 0 0 1-10.66 10.66H10.67A10.67 10.67 0 0 1 0 10.67V0h178.49zM10.67 16v10.67h157.36L128 32l-21.33 16zm160 106.67c0 17.71-14.29 32-32 32s-32-14.29-32-32 14.29-32 32-32 32 14.29 32 32m-160 0c0 17.71-14.29 32-32 32S0 149.71 0 132s14.29-32 32-32 32 14.29 32 32""/></svg>"
3f93cf9a13f935ddbe2ca7a3a4ecaf44,"<svg xmlns=""http://www.w3.org/2000/svg"" width=""256"" height=""256"" viewBox=""0 0 256 256""><path fill=""#272636"" d=""M128 0C57.42 0 0 57.42 0 128s57.42 128 128 128 128-57.42 128-128S198.58 0 128 0m0 234.67c-58.88 0-106.67-47.79-106.67-106.67S69.12 21.33 128 21.33 234.67 69.12 234.67 128 186.88 234.67 128 234.67""/><path fill=""#272636"" d=""M128 106.67a10.67 10.67 0 1 0 0 21.33 10.67 10.67 0 0 0 0-21.33m0 42.66a10.67 10.67 0 1 0 0 21.33 10.67 10.67 0 0 0 0-21.33m-42.67-42.66h-.01l-.01.01v-.01L128 128l.01.01v.01l.01-.01z""/></svg>"
7b4a2d22-bc7e-4231-b39c-2c9c075d0d99,"<svg xmlns=""http://www.w3.org/2000/svg"" width=""256"" height=""256"" viewBox=""0 0 256 256""><rect x=""0"" y=""0"" width=""256"" height=""256"" fill=""white""/><circle cx=""128"" cy=""128"" r=""64"" fill=""#4a4a4a""/></svg>"
d708199af57645920649bf70701ad00b,"<svg xmlns=""http://www.w3.org/2000/svg"" width=""256"" height=""256"" viewBox=""0 0 256 256""><path d=""M184.79 18.29h-16V0H18.29v18.29H0v160a18.3 18.3 0 0 0 18.29 18.28h160a18.3 18.3 0 0 0 18.28-18.28V36.57zm-16 160H18.29V36.57h150.4zM18.29 18.29h150.4v16H18.29z""/><path d=""M18.29 104.57h150.4v16H18.29z""/><path d=""M18.29 140.8h150.4v16H18.29z""/></svg>"
3882854a55bd3395269935f3dfaf0e04,"<svg xmlns=""http://www.w3.org/2000/svg"" width=""256"" height=""256"" viewBox=""0 0 256 256""><rect x=""0"" y=""0"" width=""256"" height=""256"" fill=""white""/><circle cx=""128"" cy=""128"" r=""64"" fill=""#4e8cee""/></svg>"
73dc2a469ca2158870c301e1659e5cb3,"<svg xmlns=""http://www.w3.org/2000/svg"" width=""256"" height=""256"" viewBox=""0 0 256 256""><path fill=""#444"" d=""M178.93 10.67h-16V0H10.67v10.67H0l10.67 10.66L0 128h192l10.67-10.66zM128 128H64v-64h64zm-64-64h64v64H64z""/></svg>"
20d463daeb37810f910859c9e80bea4f,"<svg xmlns=""http://www.w3.org/2000/svg"" width=""256"" height=""256"" viewBox=""0 0 256 256""><path fill=""#97b4d8"" d=""M192 0H16C7.2 0 0 7.2 0 16v192c0 8.8 7.2 16 16 16h176c8.8 0 16-7.2 16-16V16c0-8.8-7.2-16-16-16m-16 208H16V16h160z""/><path fill=""#97b4d8"" d=""M160 160a8 8 0 0 1-8 8H16a8 8 0 0 1-8-8V16a8 8 0 0 1 8-8h144a8 8 0 0 1 8 8zM16 16v176h144V16zm16 16h112l-32-32H32z""/></svg>"
55b63de07f0b268ffa77a8b03658e48a,"<svg xmlns=""http://www.w3.org/2000/svg"" width=""256"" height=""256"" viewBox=""0 0 256 256""><path d=""M94.78 189.57a94.78 94.78 0 1 1 94.78-94.78 94.9 94.9 0 0 1-94.78 94.78m0-173.57A78.8 78.8 0 0 0 17.01 94.78a78.8 78.8 0 0 0 77.77 77.77 78.8 78.8 0 0 0 77.77-77.77 78.8 78.8 0 0 0-77.77-77.78""/><path d=""M102.78 189.57a94.78 94.78 0 1 1 94.78-94.78 94.9 94.9 0 0 1-94.78 94.78m0-173.57a78.8 78.8 0 0 0 77.77 77.77 78.8 78.8 0 0 0 77.77-77.77 78.8 78.8 0 0 0-77.77-77.78 78.8 78.8 0 0 0-77.77 77.78""/><path d=""M102.78 189.57a94.78 94.78 0 1 1 94.78-94.78 94.9 94.9 0 0 1-94.78 94.78m0-173.57a78.8 78.8 0 0 0 77.77 77.77 78.8 78.8 0 0 0 77.77-77.77 78.8 78.8 0 0 0-77.77-77.78 78.8 78.8 0 0 0-77.77 77.78""/></svg>"
8bdc76a8-fe3c-44a4-a364-86fb8a7b30f9,"<svg xmlns=""http://www.w3.org/2000/svg"" width=""256"" height=""256"" fill=""none"" viewBox=""0 0 256 256""><g stroke=""#1c274c"" stroke-linecap=""round"" stroke-width=""16""><path d=""M85.33 96h-64C0 96 0 106.67 0 117.33v21.34c0 10.66 0 21.33 10.67 21.33H85.33""/><path d=""m106.67 106.67 10.66-10.66V85.33l-10.66 10.66z""/></g></svg>"
6b65f7999301cb59cbf91807f8e0e3df,"<svg xmlns=""http://www.w3.org/2000/svg"" width=""256"" height=""256"" viewBox=""0 0 256 256""><rect x=""0"" y=""0"" width=""256"" height=""256"" fill=""white""/><circle cx=""128"" cy=""128"" r=""64"" fill=""#4d4d4d""/></svg>"
d755512b6a9f00a406ea8e3f270d047c,"<svg xmlns=""http://www.w3.org/2000/svg"" width=""256"" height=""256"" viewBox=""0 0 256 256""><path fill=""#4e8cee"" d=""M179.2 102.4a10.24 10.24 0 1 0-20.48 0 10.24 10.24 0 1 0 20.48 0""/><path fill=""#4e8cee"" d=""M128 102.4a10.24 10.24 0 1 0-20.48 0 10.24 10.24 0 1 0 20.48 0""/><path fill=""#4e8cee"" d=""M76.8 102.4a10.24 10.24 0 1 0-20.48 0 10.24 10.24 0 1 0 20.48 0""/><path fill=""#4e8cee"" d=""M179.2 102.4h-128c-17.92 0-32-14.08-32-32s14.08-32 32-32h128c17.92 0 32 14.08 32 32s-14.08 32-32 32m0-44.8H38.4C17.92 57.6 0 74.56 0 96v128c0 21.76 17.92 38.4 38.4 38.4h140.8c21.76 0 38.4-17.92 38.4-38.4V96c0-21.76-17.92-38.4-38.4-38.4""/><path fill=""#4e8cee"" d=""M179.2 102.4h-128c-17.92 0-32-14.08-32-32s14.08-32 32-32h128c17.92 0 32 14.08 32 32s-14.08 32-32 32""/></svg>"
ff4c2cae6fe0ac0bb40cb56c5d95b871,"<svg xmlns=""http://www.w3.org/2000/svg"" width=""256"" height=""256"" viewBox=""0 0 256 256""><path fill=""#4e8cee"" d=""M197.33 106.67a10.67 10.67 0 0 1-10.66 10.66H10.67A10.67 10.67 0 0 1 0 117.33v106.66A10.67 10.67 0 0 0 10.67 234h176a10.67 10.67 0 0 0 10.66-10.67V117.33a10.67 10.67 0 0 1 10.66-10.66m-186.66 0a10.67 10.67 0 0 1 10.66-10.66h176a10.67 10.67 0 0 1 10.66 10.66v106.66a10.67 10.67 0 0 1-10.66 10.66H10.67A10.67 10.67 0 0 1 0 234z""/><path fill=""#4e8cee"" d=""M197.33 106.67a10.67 10.67 0 0 1-10.66 10.66H10.67a10.67 10.67 0 0 1-10.66-10.66V10.67A10.67 10.67 0 0 1 10.67 0h176a10.67 10.67 0 0 1 10.66 10.67zM186.67 0a10.67 10.67 0 0 1-10.66 10.67H10.67A10.67 10.67 0 0 1 0 10.67v106.66a10.67 10.67 0 0 0 10.67 10.66h176a10.67 10.67 0 0 0 10.66-10.66zm-176 106.67a10.67 10.67 0 0 1-10.66 10.66H10.67a10.67 10.67 0 0 1-10.66-10.66V10.67a10.67 10.67 0 0 1 10.66-10.67h176a10.67 10.67 0 0 1 10.66 10.67z""/></svg>"
54f48ef9b405c33b8169c8a91d06aed8,"<svg xmlns=""http://www.w3.org/2000/svg"" width=""256"" height=""256"" viewBox=""0 0 256 256""><path d=""M84.79 10.67a10.67 10.67 0 0 1-10.66-10.66V0H64v10.67A10.67 10.67 0 0 1 53.33 10.67zm-10.66 0h-10.66L0 10.67v10.66l10.67 10.66v10.66l10.66-10.66V21.33zM10.67 106.67a10.67 10.67 0 0 1-10.66-10.66V64H0v10.67a10.67 10.67 0 0 1-10.67 10.66v10.66h10.67V128H0v10.67a10.67 10.67 0 0 1-10.67 10.66v10.66h10.67v-10.66A10.67 10.67 0 0 1 10.67 128m106.66 0a10.67 10.67 0 0 1-10.66-10.66V64h-10.66v10.66a10.67 10.67 0 0 1-10.66 10.66v10.66h10.66v-10.66A10.67 10.67 0 0 1 117.33 128m-10.66 0h-10.66l-10.66 10.66v10.66l10.66 10.66v10.66l10.66-10.66v-10.66l10.66 10.66v-10.66l-10.66-10.66v-10.66z""/></svg>"
thesantatitan_deepseek-svg-dataset_0001383,"<svg xmlns=""http://www.w3.org/2000/svg"" width=""256"" height=""256"" viewBox=""0 0 256 256""><rect width=""256"" height=""256""/><g transform=""translate(128 128)""><circle r=""19.2"" fill=""#fff""/><path fill=""red"" d=""M44.8 76.8q-12.8 12.8-25.6 0t-25.6-12.8Q0 76.8 0 64q0-12.8 12.8-25.6T25.6 0q12.8 12.8 25.6 0t25.6 12.8q12.8-12.8 25.6 0t25.6 12.8q12.8 12.8 0 25.6t-25.6 12.8""/><path fill=""red"" d=""M44.8 76.8q-12.8 12.8-25.6 0t-25.6-12.8Q0 76.8 0 64q0-12.8 12.8-25.6T25.6 0q12.8 12.8 25.6 0t25.6 12.8q12.8 12.8 0 25.6t-25.6 12.8""/><path fill=""red"" d=""M44.8 76.8q-12.8 12.8-25.6 0t-25.6-12.8Q0 76.8 0 64q0-12.8 12.8-25.6T25.6 0q12.8 12.8 25.6 0t25.6 12.8q12.8 12.8 0 25.6t-25.6 12.8""/></g></svg>"
259272d045228e1454dc73f20e4b21fe,"<svg xmlns=""http://www.w3.org/2000/svg"" width=""256"" height=""256"" viewBox=""0 0 256 256""><rect x=""0"" y=""0"" width=""256"" height=""256"" fill=""white""/><circle cx=""128"" cy=""128"" r=""64"" fill=""black""/></svg>"
92d0bad60d4a2ea751692cd033980c49,"<svg xmlns=""http://www.w3.org/2000/svg"" width=""256"" height=""256"" viewBox=""0 0 256 256""><path fill=""#4e8cee"" d=""M179.2 102.4c-1.28 0-2.56-.64-3.84-1.28l-1.28-1.28a12.8 12.8 0 0 0-17.92 0L128 100.8V64h-64v38.4H64v-38.4H0v-12.8C0 25.6 25.6 0 64 0s64 25.6 64 64v12.8zm-12.8-64c-1.28 0-2.56-.64-3.84-1.28l-1.28-1.28a12.8 12.8 0 0 0-17.92 0L128 64v38.4H64V64z""/><path fill=""#4e8cee"" d=""M128 128c-1.28 0-2.56-.64-3.84-1.28l-1.28-1.28a12.8 12.8 0 0 0-17.92 0L64 126.72V192h64v-64h64zM64 126.72l1.28-1.28a12.8 12.8 0 0 0-17.92 0L0 128v64h64v-64z""/></svg>"
8eedb7c0c6e1a7dc6478a6d5bfcf13cc,"<svg xmlns=""http://www.w3.org/2000/svg"" width=""256"" height=""256"" fill=""none"" viewBox=""0 0 256 256""><path stroke=""#000"" stroke-linecap=""round"" stroke-linejoin=""round"" stroke-width=""21.33"" d=""M85.33 42.67h-64m64 0v-21.34m-64 0V0m64 0v21.33""/><g stroke=""#000"" stroke-linecap=""round"" stroke-linejoin=""round"" stroke-width=""21.33""><path d=""M96 106.67H0""/><path d=""M106.67 106.67v-64""/></g><path fill=""#2ca9bc"" d=""M106.67 106.67c0 17.71-14.29 32-32 32s-32-14.29-32-32 14.29-32 32-32 32 14.29 32 32""/></svg>"
69cf47984e44a1538e7d353b34def42f,"<svg xmlns=""http://www.w3.org/2000/svg"" width=""256"" height=""256"" viewBox=""0 0 256 256""><path d=""M197.48 104.7a10.67 10.67 0 0 0-10.67 10.67v10.66H10.67V125.37a10.67 10.67 0 0 0-10.67-10.67h-.01L0 104.7c0-5.87 4.78-10.67 10.67-10.67h186.78c5.87 0 10.67 4.78 10.67 10.67m-186.78 0h186.78l-10.67-10.67H10.67zm186.78 10.67h-186.78l10.67 10.67h186.78zM10.67 125.37h186.78v10.66H10.67z""/><path d=""M106.67 10.67h-64C42.67 10.67 0 53.33 0 106.67s42.67 96 96 96 96-42.67 96-96S160 10.67 106.67 10.67""/></svg>"
75b079b90cfa4c4e4b4bcbae5658c3b5,"<svg xmlns=""http://www.w3.org/2000/svg"" width=""256"" height=""256"" viewBox=""0 0 256 256""><rect x=""0"" y=""0"" width=""256"" height=""256"" fill=""white""/><circle cx=""128"" cy=""128"" r=""64"" fill=""#f4c97e""/></svg>"
487c4e7bd1e2ee065733d2f80e94efec,"<svg xmlns=""http://www.w3.org/2000/svg"" width=""256"" height=""256"" viewBox=""0 0 256 256""><path fill=""#4d4d4d"" d=""M189.73 170.67H21.33V21.33h168.4zM192 192v-10.67h-10.67V192zm-10.67-106.67H192V192H21.33z""/><path fill=""#4d4d4d"" d=""m192 192-10.67-10.67H192V192zm-10.67-106.67H192V192H21.33z""/></svg>"
dbc4ea2e435a7bb740ac91585d351f12,"<svg xmlns=""http://www.w3.org/2000/svg"" width=""256"" height=""256"" viewBox=""0 0 256 256""><path fill=""#ff9800"" d=""M174.93 106.67a10.67 10.67 0 0 1-10.66 10.66H53.33A10.67 10.67 0 0 1 42.67 106.67V53.33a10.67 10.67 0 0 1 21.34 0v42.66h85.34a10.67 10.67 0 0 1 10.66 10.66""/><path fill=""#ff9800"" d=""M174.93 106.67a10.67 10.67 0 0 1-10.66 10.66H53.33a10.67 10.67 0 0 1-10.66-10.66V53.33a10.67 10.67 0 0 1 21.33 0v42.66h85.34a10.67 10.67 0 0 1 10.66 10.66""/><path fill=""#ff9800"" d=""M174.93 106.67a10.67 10.67 0 0 1-10.66 10.66H53.33a10.67 10.67 0 0 1-10.66-10.66V53.33a10.67 10.67 0 0 1 21.33 0v42.66h85.34a10.67 10.67 0 0 1 10.66 10.66""/></svg>"
thesantatitan_deepseek-svg-dataset_0000091,"<svg xmlns=""http://www.w3.org/2000/svg"" width=""256"" height=""256"" viewBox=""0 0 256 256""><rect width=""256"" height=""256""/><g transform=""translate(128 128)""><circle r=""19.2"" fill=""#fff""/><path fill=""red"" d=""M44.8 76.8q-12.8 12.8-25.6 0t-25.6-12.8Q0 76.8 0 64q0-12.8 12.8-25.6T25.6 0q12.8 12.8 25.6 0t25.6 12.8q12.8-12.8 25.6 0t25.6 12.8q12.8 12.8 0 25.6t-25.6 12.8""/><path fill=""red"" d=""M44.8 76.8q-12.8 12.8-25.6 0t-25.6-12.8Q0 76.8 0 64q0-12.8 12.8-25.6T25.6 0q12.8 12.8 25.6 0t25.6 12.8q12.8 12.8 0 25.6t-25.6 12.8""/><path fill=""red"" d=""M44.8 76.8q-12.8 12.8-25.6 0t-25.6-12.8Q0 76.8 0 64q0-12.8 12.8-25.6T25.6 0q12.8 12.8 25.6 0t25.6 12.8q12.8 12.8 0 25.6t-25.6 12.8""/></g></svg>"
3e5411b8d69c89782f4bed8961cff046,"<svg xmlns=""http://www.w3.org/2000/svg"" width=""256"" height=""256"" viewBox=""0 0 256 256""><path fill=""#444"" d=""M197.87 0H18.13C8.53 0 0 8.53 0 18.13v170.67c0 9.6 8.53 18.13 18.13 18.13h179.2c9.6 0 18.13-8.53 18.13-18.13V18.13C215.99 8.53 207.46 0 197.87 0m-17.06 17.06h-15.15a2.13 2.13 0 0 1-2.13-2.13V17.06a2.13 2.13 0 0 1 2.13-2.13h15.15a2.13 2.13 0 0 1 2.13 2.13v13.86a2.13 2.13 0 0 1-2.13 2.13""/><path fill=""#444"" d=""M170.67 106.67H53.33a2.13 2.13 0 0 1 0-4.27h117.34a2.13 2.13 0 0 1 0 4.27m0 32H53.33a2.13 2.13 0 0 1 0-4.27h117.34a2.13 2.13 0 0 1 0 4.27m-106.67-32H53.33a2.13 2.13 0 0 1 0-4.27h117.34a2.13 2.13 0 0 1 0 4.27m0 32H53.33a2.13 2.13 0 0 1 0-4.27h117.34a2.13 2.13 0 0 1 0 4.27""/></svg>"
c71073a4a5707759d10e007d44fc4387,"<svg xmlns=""http://www.w3.org/2000/svg"" width=""256"" height=""256"" viewBox=""0 0 256 256""><path fill=""#4d4d4d"" d=""M187.9 10.67H10.67A10.67 10.67 0 0 1 0 0a10.67 10.67 0 0 1 10.67 10.67zm-176 0h176a10.67 10.67 0 0 1 10.67 10.67v106.66a10.67 10.67 0 0 1-10.67 10.67H10.67A10.67 10.67 0 0 1 0 128V10.67A10.67 10.67 0 0 1 10.67 0m176 128H10.67a10.67 10.67 0 0 1-10.67-10.67V10.67A10.67 10.67 0 0 1 10.67 0h176a10.67 10.67 0 0 1 10.67 10.67z""/></svg>"
9971eab5-4b43-44ec-a24c-b2719d0b8748,"<svg xmlns=""http://www.w3.org/2000/svg"" width=""256"" height=""256"" viewBox=""0 0 256 256""><path fill=""#48c7bc"" d=""M192.01 128a12.8 12.8 0 0 1-12.8 12.8H12.8a12.8 12.8 0 0 1-12.8-12.8V12.8A12.8 12.8 0 0 1 12.8 0h166.4a12.8 12.8 0 0 1 12.8 12.8z""/><path fill=""#48c7bc"" d=""m128 128-12.8-12.8v-12.8l12.8-12.8L128 64l12.8-12.8L128 0l12.8 12.8L128 64l12.8 12.8zm-12.8 0-12.8-12.8v-12.8l12.8-12.8L128 64l12.8-12.8L128 0l12.8 12.8L128 64l12.8 12.8zM128 128 115.2 115.2l-12.8-12.8L128 102.4l12.8-12.8L128 89.6l12.8-12.8L128 76.8l12.8-12.8L128 64l12.8-12.8L128 51.2l12.8-12.8L128 38.4l12.8-12.8L128 25.6l12.8-12.8L128 12.8l12.8-12.8L128 0l12.8 12.8L128 12.8l12.8 12.8L128 25.6l12.8 12.8L128 38.4l12.8 12.8L128 51.2l12.8 12.8L128 64l12.8 12.8L128 76.8l12.8 12.8L128 89.6l12.8 12.8L128 102.4l12.8 12.8z""/></svg>"
1fc843fe63b2d9171fc37633e1e1e472,"<svg xmlns=""http://www.w3.org/2000/svg"" width=""256"" height=""256"" viewBox=""0 0 256 256""><path fill=""#040000"" d=""M178.93 10.67a10.67 10.67 0 0 1-10.66 10.66H10.67A10.67 10.67 0 0 1 0 10.67V192h192v-85.33a10.67 10.67 0 0 1 10.66-10.66m-160 10.66c-3.2 0-5.33 2.13-5.33 5.33s2.13 5.33 5.33 5.33h160c3.2 0 5.33-2.13 5.33-5.33s-2.13-5.33-5.33-5.33z""/><path fill=""#040000"" d=""M178.93 10.67a10.67 10.67 0 0 1-10.66 10.66H10.67A10.67 10.67 0 0 1 0 10.67V192h192v-85.33a10.67 10.67 0 0 1 10.66-10.66m-160 10.66c-3.2 0-5.33 2.13-5.33 5.33s2.13 5.33 5.33 5.33h160c3.2 0 5.33-2.13 5.33-5.33s-2.13-5.33-5.33-5.33z""/></svg>"
c77776e9794164682f323900334bba75,"<svg xmlns=""http://www.w3.org/2000/svg"" width=""256"" height=""256"" viewBox=""0 0 256 256""><path fill=""currentColor"" d=""M178.49 104.8a10.67 10.67 0 0 1-10.66-10.67V53.33A53.33 53.33 0 0 0 128 0H53.33A53.33 53.33 0 0 0 0 53.33v42.66a10.67 10.67 0 0 1-21.33 0V53.33A74.67 74.67 0 0 1 128 74.67h74.67a74.67 74.67 0 0 1 74.66-74.67v-10.66a10.67 10.67 0 0 1 21.33 0v10.66a53.33 53.33 0 0 0 53.33 53.34v42.66a10.67 10.67 0 0 1-10.66 10.67m-10.66-85.33a42.67 42.67 0 0 0-42.66 42.66v42.66a42.67 42.67 0 0 0 42.66 42.66h74.67a42.67 42.67 0 0 0 42.66-42.66V53.33a42.67 42.67 0 0 0-42.66-42.66z""/></svg>"
849b07a02221722a6cd198a1e4c068a6,"<svg xmlns=""http://www.w3.org/2000/svg"" width=""256"" height=""256"" viewBox=""0 0 256 256""><path fill=""#979797"" d=""M48.01 16a8 8 0 0 1-8-8V8a8 8 0 0 1 16 0v8a8 8 0 0 1-8 8m0 48a8 8 0 0 1-8-8V48a8 8 0 0 1 16 0v8a8 8 0 0 1-8 8m0 48a8 8 0 0 1-8-8v-8a8 8 0 0 1 16 0v8a8 8 0 0 1-8 8""/><path fill=""#979797"" d=""M16 16h16v16H16zm0 48h16v16H16zm0 48h16v16H16z""/><path fill=""#979797"" d=""M16 16h16v16H16zM16 80h16v16H16zm0 48h16v16H16zm0 48h16v16H16z""/></svg>"
27f009c6aa33171f66c64a2de29a74bf,"<svg xmlns=""http://www.w3.org/2000/svg"" width=""256"" height=""256"" viewBox=""0 0 256 256""><path fill=""#333"" d=""M178.49 112a56 56 0 1 0-112 0 56 56 0 1 0 112 0m-16 0a40 40 0 1 1-80 0 40 40 0 1 1 80 0""/><path fill=""#333"" d=""M178.49 112a56 56 0 1 0-112 0 56 56 0 1 0 112 0m-16 0a40 40 0 1 1-80 0 40 40 0 1 1 80 0""/><path fill=""#333"" d=""M178.49 112a56 56 0 1 0-112 0 56 56 0 1 0 112 0m-16 0a40 40 0 1 1-80 0 40 40 0 1 1 80 0""/><path fill=""#333"" d=""M178.49 112a56 56 0 1 0-112 0 56 56 0 1 0 112 0m-16 0a40 40 0 1 1-80 0 40 40 0 1 1 80 0""/></svg>"
1bf29e037aafe2ae08195dbdbf2faf76,"<svg xmlns=""http://www.w3.org/2000/svg"" width=""256"" height=""256"" viewBox=""0 0 256 256""><path fill=""currentColor"" d=""M84.79 16H16v-8a8 8 0 0 1 8-8h68.79c4.43 0 8 3.57 8 8z""/></svg>"
cc1cd78fa1802e71cb180157748d7a21,"<svg xmlns=""http://www.w3.org/2000/svg"" width=""256"" height=""256"" viewBox=""0 0 256 256""><rect x=""0"" y=""0"" width=""256"" height=""256"" fill=""white""/><circle cx=""128"" cy=""128"" r=""64"" fill=""#4a90e2""/></svg>"
aa72b958784d741e2f739f3de8cd87ec,"<svg xmlns=""http://www.w3.org/2000/svg"" width=""256"" height=""256"" viewBox=""0 0 256 256""><rect x=""0"" y=""0"" width=""256"" height=""256"" fill=""white""/><circle cx=""128"" cy=""128"" r=""64"" fill=""black""/></svg>"
e8da5391556ebf803535dd7b25f4e664,"<svg xmlns=""http://www.w3.org/2000/svg"" width=""256"" height=""256"" viewBox=""0 0 256 256""><rect x=""0"" y=""0"" width=""256"" height=""256"" fill=""white""/><circle cx=""128"" cy=""128"" r=""64"" fill=""black""/></svg>"
65a8cc311b2f6a8372023c24a19e2a98,"<svg xmlns=""http://www.w3.org/2000/svg"" width=""256"" height=""256"" fill=""none"" stroke=""#000"" stroke-linecap=""round"" stroke-linejoin=""round"" stroke-width=""24"" viewBox=""0 0 256 256""><path d=""M80 96h-16c-4.4 0-8-3.6-8-8V8a8 8 0 0 1 16 0v72c0 4.4-3.6 8-8 8""/><path d=""m16 16 16 16L0 32l16 16z""/></svg>"
4b184fd59f863d57f3b442899fd44ad3,"<svg xmlns=""http://www.w3.org/2000/svg"" width=""256"" height=""256"" viewBox=""0 0 256 256""><path fill=""#444"" d=""M98.75 106.67a10.67 10.67 0 1 0-21.33 0 10.67 10.67 0 1 0 21.33 0""/><path fill=""#444"" d=""M106.67 106.67A10.67 10.67 0 1 0 117.33 96a10.67 10.67 0 0 0-10.66 10.67m-10.66-10.67h-10.66v-10.66H96V85.33h10.66V74.67h10.66v10.66h10.66z""/><path fill=""#444"" d=""M106.67 106.67c-29.86 0-53.33-23.47-53.33-53.33S76.8 0 106.67 0s53.34 23.47 53.34 53.33-23.47 53.33-53.34 53.33m0-96C50.13 0 0 50.13 0 106.67s50.13 106.66 106.67 106.66 106.66-50.13 106.66-106.66S163.2 0 106.67 0""/></svg>"
fb0d5ee90f5bbf7c8d887e8126e2e196,"<svg xmlns=""http://www.w3.org/2000/svg"" width=""256"" height=""256"" viewBox=""0 0 256 256""><path fill=""#979797"" d=""M114.68 0C51.34 0 0 51.34 0 114.68s51.34 114.67 114.68 114.67c63.34 0 114.67-51.33 114.67-114.67S177.99 0 114.68 0m0 208.35a93.66 93.66 0 0 1-93.6-93.6 93.66 93.66 0 0 1 93.6-93.6 93.66 93.66 0 0 1 93.6 93.6 93.66 93.66 0 0 1-93.6 93.6""/><path fill=""#979797"" d=""M114.68 150.67h-.01l-.01-.01v-10.67H93.6V128h21.08L128 114.67h-10.67zm-10.67-42.67h-10.67v-10.67h10.67z""/></svg>"
59dd6e85af22bfbbc3847fd8abc1123d,"<svg xmlns=""http://www.w3.org/2000/svg"" width=""256"" height=""256"" viewBox=""0 0 256 256""><path fill=""#47c98e"" d=""M106.67 106.67a10.67 10.67 0 1 0 21.33 0 10.67 10.67 0 1 0-21.33 0""/><path fill=""#47c98e"" d=""M106.67 106.67a10.67 10.67 0 1 0 21.33 0 10.67 10.67 0 1 0-21.33 0""/><path fill=""#47c98e"" d=""M106.67 106.67a10.67 10.67 0 1 0 21.33 0 10.67 10.67 0 1 0-21.33 0""/><path fill=""#47c98e"" d=""m106.67 106.67-10.66-10.66v-10.66h10.66V85.33H96v10.66H85.33v10.66h10.66v10.66H96v10.66h10.67z""/></svg>"
3165710c4ec1bc05e3bab203b84cfc31,"<svg xmlns=""http://www.w3.org/2000/svg"" width=""256"" height=""256"" viewBox=""0 0 256 256""><path fill=""#4d4d4d"" d=""M178.93 10.67h-16V0H10.67v10.67H0v128a10.67 10.67 0 0 0 10.67 10.66h160a10.67 10.67 0 0 0 10.66-10.66v-128zM16 128h146.67v-10.67H16zm146.67-10.67V16H16v10.67z""/></svg>"
6b06662971231ece5503a6e40505c924,"<svg xmlns=""http://www.w3.org/2000/svg"" width=""256"" height=""256"" viewBox=""0 0 256 256""><path d=""M128 0C57.42 0 0 57.42 0 128s57.42 128 128 128 128-57.42 128-128S198.58 0 128 0m0 234.67c-58.88 0-106.67-47.79-106.67-106.67S69.12 21.33 128 21.33 234.67 69.12 234.67 128 186.88 234.67 128 234.67""/><path d=""M128 106.67a10.67 10.67 0 0 1 10.67 10.66v32H160a10.67 10.67 0 0 1 0 21.33h-32v32a10.67 10.67 0 0 1-21.33 0v-32H64a10.67 10.67 0 0 1 0-21.33h32V128a10.67 10.67 0 0 1 10.67-10.67""/></svg>"
5c56c8e83a28b416d34f93edcf423b25,"<svg xmlns=""http://www.w3.org/2000/svg"" width=""256"" height=""256"" viewBox=""0 0 256 256""><path fill=""#4d4d4d"" d=""M197.87 197.87H10.67V10.67h187.2zm-187.2-10.67v187.2h187.2V10.67zM10.67 10.67h187.2a10.67 10.67 0 0 1 10.66 10.66v187.2a10.67 10.67 0 0 1-10.66 10.66H10.67A10.67 10.67 0 0 1 0 208.87z""/><path fill=""#4d4d4d"" d=""M106.67 106.67h-64c-17.6 0-32-14.4-32-32s14.4-32 32-32h64c17.6 0 32 14.4 32 32s-14.4 32-32 32m0-42.67h-64C42.67 64 29.33 50.67 29.33 32S42.67 0 58.67 0h64c16 0 29.33 10.67 29.33 29.33S122.67 64 106.67 64m0 42.66h-64c-17.6 0-32-14.4-32-32s14.4-32 32-32h64c17.6 0 32 14.4 32 32s-14.4 32-32 32m0 42.67h-64c-17.6 0-32-14.4-32-32s14.4-32 32-32h64c17.6 0 32 14.4 32 32s-14.4 32-32 32""/></svg>"
a2d1bf0ffbd0fc75ac9844c67e3ac8a1,"<svg xmlns=""http://www.w3.org/2000/svg"" width=""256"" height=""256"" viewBox=""0 0 256 256""><path fill=""#4d4d4d"" d=""M197.87 10.67H10.67A10.67 10.67 0 0 0 0 21.33v192a10.67 10.67 0 0 0 10.67 10.66h187.2a10.67 10.67 0 0 0 10.66-10.66V21.33a10.67 10.67 0 0 0-10.66-10.66m-187.2 192h176.54l-.01-170.66H21.33z""/><path fill=""#4d4d4d"" d=""M197.87 10.67h-187.2c-5.89 0-10.66 4.77-10.66 10.66v192c0 5.89 4.77 10.66 10.66 10.66h187.2c5.89 0 10.66-4.77 10.66-10.66V21.33c0-5.89-4.77-10.66-10.66-10.66m-187.2 192h176.54L187.2 21.33H21.33zm10.66-10.67h166.4l.01 170.66H32zM197.87 0h-187.2C4.77 0 0 4.77 0 10.67v192c0 5.89 4.77 10.66 10.67 10.66h187.2c5.89 0 10.66-4.77 10.66-10.66V10.67C208.53 4.77 203.76 0 197.87 0""/></svg>"
d6d8cf166fd37b01091d10c22ce10024,"<svg xmlns=""http://www.w3.org/2000/svg"" width=""256"" height=""256"" viewBox=""0 0 256 256""><rect x=""0"" y=""0"" width=""256"" height=""256"" fill=""white""/><circle cx=""128"" cy=""128"" r=""64"" fill=""#4987f9""/></svg>"
e45dfbdabe4a1c72627e7fa971794dea,"<svg xmlns=""http://www.w3.org/2000/svg"" width=""256"" height=""256"" viewBox=""0 0 256 256""><path d=""M84.79 10.67a10.67 10.67 0 0 1-10.66 10.66v106.66c0 5.89 4.77 10.66 10.66 10.66h106.66A10.67 10.67 0 0 1 192 128V21.33H84.79zm106.66 128H10.67A10.67 10.67 0 0 1 0 128V21.33C0 9.5 9.5 0 21.33 0h106.66c11.84 0 21.34 9.5 21.34 21.33z""/></svg>"
26f6ca54-40cb-4035-b19e-3e7403905497,"<svg xmlns=""http://www.w3.org/2000/svg"" width=""256"" height=""256"" fill=""none"" viewBox=""0 0 256 256""><path stroke=""#000"" stroke-linecap=""round"" stroke-linejoin=""round"" stroke-width=""21.33"" d=""M85.33 42.67c-17.71 0-32 14.29-32 32s14.29 32 32 32 32-14.29 32-32-14.29-32-32-32m0 10.66C42.67 53.33 0 96 0 149.33v21.34h192V149.33c0-53.34-42.67-96-96-96""/></svg>"
589c26316d4d690373982e66e68cfecb,"<svg xmlns=""http://www.w3.org/2000/svg"" width=""256"" height=""256"" viewBox=""0 0 256 256""><rect x=""0"" y=""0"" width=""256"" height=""256"" fill=""white""/><circle cx=""128"" cy=""128"" r=""64"" fill=""black""/></svg>"
a7bf945e602c0ee30df2488e8345a73a,"<svg xmlns=""http://www.w3.org/2000/svg"" width=""256"" height=""256"" viewBox=""0 0 256 256""><path fill=""#9e8eff"" d=""M0 127a127 127 0 1 0 254 0 127 127 0 1 0-254 0""/><path fill=""#ffce00"" d=""m112.5 100.5-45.5-45.5L112.5 0l45.5 45.5z""/></svg>"
ff394513090501b3bb69c9c2abcab152,"<svg xmlns=""http://www.w3.org/2000/svg"" width=""256"" height=""256"" viewBox=""0 0 256 256""><path fill=""currentColor"" d=""M178.49 104.2a10.67 10.67 0 0 0-15.04 0l-21.33 21.33H85.33v-21.33h21.34L104.2 85.33V64h21.33zm-10.66 0c-17.65 0-32 14.35-32 32s14.35 32 32 32 32-14.35 32-32-14.35-32-32-32m-10.67 0A10.67 10.67 0 0 0 160 128a10.67 10.67 0 0 0 10.67 10.67 10.67 10.67 0 0 0 10.66-10.67A10.67 10.67 0 0 0 160 117.33""/><path fill=""currentColor"" d=""M160 128a10.67 10.67 0 0 0-10.67 10.67A10.67 10.67 0 0 0 160 149.33a10.67 10.67 0 0 0 10.67-10.66A10.67 10.67 0 0 0 160 128m0 42.67a10.67 10.67 0 0 0-10.67 10.66A10.67 10.67 0 0 0 160 192a10.67 10.67 0 0 0 10.67-10.67A10.67 10.67 0 0 0 160 160m0 42.67a10.67 10.67 0 0 0-10.67 10.66A10.67 10.67 0 0 0 160 234.67a10.67 10.67 0 0 0 10.67-10.66A10.67 10.67 0 0 0 160 224""/></svg>"
33fc6704fa8896c6226925a5469d178a,"<svg xmlns=""http://www.w3.org/2000/svg"" width=""256"" height=""256"" viewBox=""0 0 256 256""><rect x=""0"" y=""0"" width=""256"" height=""256"" fill=""white""/><circle cx=""128"" cy=""128"" r=""64"" fill=""#f4c978""/></svg>"
c139a8b29b9859968a91b1bf01398bf3,"<svg xmlns=""http://www.w3.org/2000/svg"" width=""256"" height=""256"" viewBox=""0 0 256 256""><path d=""M84.79 16.01a8.01 8.01 0 0 0-11.31 0L1.31 84.79a8.01 8.01 0 0 0 0 11.31l73.48 73.48a8.01 8.01 0 0 0 11.31 0l73.48-73.48a8.01 8.01 0 0 0 0-11.31z""/></svg>"
4c38df2f0e6ba01423d9191924bd41cd,"<svg xmlns=""http://www.w3.org/2000/svg"" width=""256"" height=""256"" viewBox=""0 0 256 256""><path fill=""currentColor"" d=""M149.33 85.33a74.67 74.67 0 1 0-149.34 0A74.67 74.67 0 0 0 149.33 85.33m-128 0c0-42.66 32-74.66 74.67-74.66s74.66 32 74.66 74.66-32 74.66-74.66 74.66S0 128 0 85.33""/><path fill=""currentColor"" d=""M149.33 128H128v21.33h21.33zm-128 0h-21.33V128h21.33z""/></svg>"
67051f49ec5c07a61b227364e6407bab,"<svg xmlns=""http://www.w3.org/2000/svg"" width=""256"" height=""256"" viewBox=""0 0 256 256""><path fill=""currentColor"" d=""M94.78 17.07a77.8 77.8 0 0 0-77.76 77.76A77.8 77.8 0 0 0 94.78 176c42.66 0 77.76-35.1 77.76-77.76A77.8 77.8 0 0 0 94.78 17.07m0-17.07C42.62 0 0 42.62 0 94.78s42.62 94.76 94.78 94.76 94.76-42.62 94.76-94.76S146.94 0 94.78 0""/><path fill=""currentColor"" d=""M94.78 102.4a35.5 35.5 0 0 1-35.46-35.46 35.5 35.5 0 0 1 35.46-35.46 35.5 35.5 0 0 1 35.46 35.46 35.5 35.5 0 0 1-35.46 35.46""/></svg>"
a098e1a674bcd08173931539cdba2d10,"<svg xmlns=""http://www.w3.org/2000/svg"" width=""256"" height=""256"" viewBox=""0 0 256 256""><path fill=""currentColor"" d=""M184 0H24C10.77 0 0 10.77 0 24v192c0 13.23 10.77 24 24 24h160c13.23 0 24-10.77 24-24V24c-.01-13.23-10.78-24-24-24m-16 208H32V32h144zm-16-160a8 8 0 0 1 8 8v16a8 8 0 0 1-16 0v-16a8 8 0 0 1 8-8""/></svg>"
17ff941d99f3ebdd65c837dc9e1d721e,"<svg xmlns=""http://www.w3.org/2000/svg"" width=""256"" height=""256"" viewBox=""0 0 256 256""><path d=""M84.79 16a16 16 0 0 1-16 16v16H16A16 16 0 0 1 .11 32L0 32V16A16 16 0 0 1 16 0h16zm0 16v16H16V32zM16 16v16h16V16z""/></svg>"
cf2201f29717e17d2876ef2b102b7caf,"<svg xmlns=""http://www.w3.org/2000/svg"" width=""256"" height=""256"" viewBox=""0 0 256 256""><path fill=""#47a89c"" d=""M0 0h256v256H0z""/><path fill=""#fff"" d=""M128 128V256l-128-128zm0-128L128 0z""/><path fill=""#ff4b4b"" d=""M128 128v128H128z""/><path fill=""#fff"" d=""M128 128v128H128z""/></svg>"
dc5820eaaccbd09e13aa8c2110857cc3,"<svg xmlns=""http://www.w3.org/2000/svg"" width=""256"" height=""256"" viewBox=""0 0 256 256""><path fill=""currentColor"" d=""M84.79 10.67a10.67 10.67 0 0 1-10.66-10.66V0H64v10.67A10.67 10.67 0 0 1 53.33 10.67zm-10.66 0h-10.66L64 0l-10.67 10.67zM10.67 106.67c-17.65 0-32-14.35-32-32s14.35-32 32-32 32 14.35 32 32-14.35 32-32 32m0-42.67c-6.4 0-10.67 4.27-10.67 10.67S5.33 128 10.67 128s10.66-4.27 10.66-10.67-4.26-10.67-10.66-10.67""/><path fill=""currentColor"" d=""M106.67 106.67a10.67 10.67 0 0 1-10.66-10.67V64a10.67 10.67 0 0 1 21.33 0v32a10.67 10.67 0 0 1-10.67 10.67m0-42.67a10.67 10.67 0 0 1-10.66-10.66V10.67A10.67 10.67 0 0 1 96 0h32a10.67 10.67 0 0 1 10.67 10.67v32a10.67 10.67 0 0 1-10.67 10.66""/></svg>"
3f7b9f45f66ef9909ed452c37443795d,"<svg xmlns=""http://www.w3.org/2000/svg"" width=""256"" height=""256"" viewBox=""0 0 256 256""><rect x=""0"" y=""0"" width=""256"" height=""256"" fill=""white""/><circle cx=""128"" cy=""128"" r=""64"" fill=""#f4ca1c""/></svg>"
3934bc76774295fc899af45abad83f8e,"<svg xmlns=""http://www.w3.org/2000/svg"" width=""256"" height=""256"" viewBox=""0 0 256 256""><path d=""M178.49 0H27.51A27.5 27.5 0 0 0 0 27.5v150.99a27.5 27.5 0 0 0 27.51 27.5h150.98a27.5 27.5 0 0 0 27.5-27.5V27.5A27.5 27.5 0 0 0 178.49 0m-15.09 150.99c0 8.5-6.99 15.5-15.5 15.5H27.5c-8.5 0-15.5-6.99-15.5-15.5V27.5c0-8.5 6.99-15.5 15.5-15.5h150.98c8.5 0 15.5 6.99 15.5 15.5z""/><path d=""M100.51 100.51a15.5 15.5 0 0 0-15.5 15.5v27.5a15.5 15.5 0 0 0 15.5 15.5h27.5a15.5 15.5 0 0 0 15.5-15.5v-27.5a15.5 15.5 0 0 0-15.5-15.5zm0-15.5h-27.5a31.5 31.5 0 0 1-31.5-31.5V31.5C69 15.5 84.5 0 100.51 0s30.5 15.5 30.5 31.5v27.5c0 16.01-15.5 31.5-31.5 31.5""/></svg>"
452d88fc7580327fff8c4ea197f626e9,"<svg xmlns=""http://www.w3.org/2000/svg"" width=""256"" height=""256"" viewBox=""0 0 256 256""><path fill=""currentColor"" d=""M184 176H96v-16h88a8 8 0 0 0 0-16m-16-16V96h-16v88a8 8 0 0 0 16 0""/><path fill=""currentColor"" d=""M176 184H88v-16h88a8 8 0 0 0 0-16m-16-16V96h-16v88a8 8 0 0 0 16 0""/></svg>"
a65cc4b16a26c4b4aa812e5fbb9d6150,"<svg xmlns=""http://www.w3.org/2000/svg"" width=""256"" height=""256"" viewBox=""0 0 256 256""><path fill=""#4d4d4d"" d=""M178.93 104.5a10.67 10.67 0 0 0-10.66 10.67v10.66H10.67V125.17a10.67 10.67 0 0 0-10.66-10.67h-.01l-.01-1.07c0-17.71 14.3-32 32-32s32 14.29 32 32zm-16.01 10.67a10.67 10.67 0 0 0-10.66 10.66v10.66H10.67v-10.66a10.67 10.67 0 0 0-10.66-10.66L0 125.17v-1.07C0 57.31 57.31 0 125.17 0s125.17 57.31 125.17 125.17z""/><path fill=""#4d4d4d"" d=""M125.17 125.17a10.67 10.67 0 0 0-10.66 10.66v10.66h-128V125.17a10.67 10.67 0 0 0-10.66-10.66l-.01-1.07c0-17.71 14.3-32 32-32s32 14.29 32 32zM10.67 125.17a10.67 10.67 0 0 0-10.66 10.66v10.66h128v-10.66a10.67 10.67 0 0 0-10.67-10.66l-.01-1.07c0-17.71 14.3-32 32-32s32 14.29 32 32z""/></svg>"
9515c0a3fefe53b20f22e5b9e37cb136,"<svg xmlns=""http://www.w3.org/2000/svg"" width=""256"" height=""256"" viewBox=""0 0 256 256""><path fill=""currentColor"" d=""m194.78 100.8-10.2-10.2a10.2 10.2 0 0 0-14.4 0l-10.2 10.2c-.6.6-1.2 1.2-1.8 1.8s-1.2 1.2-1.8 1.8l-10.2 10.2a10.2 10.2 0 0 0 0 14.4l10.2 10.2c.6.6 1.2 1.2 1.8 1.8s1.2 1.2 1.8 1.8l10.2 10.2a10.2 10.2 0 0 0 14.4 0l10.2-10.2c.6-.6 1.2-1.2 1.8-1.8s1.2-1.2 1.8-1.8l10.2-10.2a10.2 10.2 0 0 0 0-14.4zM10.2 10.2A10.2 10.2 0 0 0 0 20.4v144.4a10.2 10.2 0 0 0 10.2 10.2h144.4a10.2 10.2 0 0 0 10.2-10.2V20.4a10.2 10.2 0 0 0-10.2-10.2zm10.2 10.2H194.8a94.4 94.4 0 0 1 94.4 94.4v10.2H10.2z""/><path fill=""currentColor"" d=""M102.4 10.2a92.2 92.2 0 0 0-92.2 92.2v10.2h184.4V194.8a92.2 92.2 0 0 0-92.2-92.2zm0 10.2a81.8 81.8 0 0 1 81.8 81.8v10.2H184.4V94.4a81.8 81.8 0 0 1 81.8-81.8z""/></svg>"
a6efcc6de330f97af30e66d1ab6eb7e9,"<svg xmlns=""http://www.w3.org/2000/svg"" width=""256"" height=""256"" viewBox=""0 0 256 256""><rect x=""0"" y=""0"" width=""256"" height=""256"" fill=""white""/><circle cx=""128"" cy=""128"" r=""64"" fill=""#f4c978""/></svg>"
7d03f379bc4610b429309ec0150c26fb,"<svg xmlns=""http://www.w3.org/2000/svg"" width=""256"" height=""256"" viewBox=""0 0 256 256""><path d=""M84.97 16a8 8 0 0 0-8 8v16H48a8 8 0 0 0-8 8v16h-8a8 8 0 0 0-8 8v16a8 8 0 0 0 8 8h16V16zm16 16v16h16v16h-16zM16 16v16h16v16H16zm16 16v16h16v16H32z""/><path d=""m168.97 16 16 16v16l-16 16-16-16V16L16 0l16 16zm-16 16v16h16v16H32z""/></svg>"
ef301f72-39cf-45b6-b3f7-81d334b42e7b,"<svg xmlns=""http://www.w3.org/2000/svg"" width=""256"" height=""256"" viewBox=""0 0 256 256""><path fill=""#4a90e2"" d=""M78.4 102.4h-12.8v-12.8H51.2V89.6h-12.8V76.8h12.8V64h12.8v12.8h12.8V76.8h12.8z""/><path fill=""#fff"" d=""m128 102.4-12.8-12.8c-12.8-12.8-12.8-12.8-25.6 0s-12.8 12.8-12.8 25.6l12.8 12.8c12.8 12.8 12.8 12.8 25.6 0s12.8-12.8 12.8-25.6""/><path fill=""#4a90e2"" d=""M128 102.4c-12.8 0-12.8 0-25.6 0S96 102.4 96 115.2s0 12.8 0 25.6c0 12.8 0 12.8 12.8 12.8s12.8 0 25.6 0c12.8 0 12.8 0 25.6 0s12.8 0 12.8-12.8c0-12.8 0-12.8-12.8-12.8""/><path fill=""#4a90e2"" d=""M128 102.4c-12.8 0-12.8 0-25.6 0S96 102.4 96 115.2s0 12.8 0 25.6c0 12.8 0 12.8 12.8 12.8s12.8 0 25.6 0c12.8 0 12.8 0 25.6 0s12.8 0 12.8-12.8c0-12.8 0-12.8-12.8-12.8""/><path fill=""#4a90e2"" d=""M128 102.4c-12.8 0-12.8 0-25.6 0S96 102.4 96 115.2s0 12.8 0 25.6c0 12.8 0 12.8 12.8 12.8s12.8 0 25.6 0c12.8 0 12.8 0 25.6 0s12.8 0 12.8-12.8c0-12.8 0-12.8-12.8-12.8""/></svg>"
3f0143b8ef161d5dba3ac028f09bbcea,"<svg xmlns=""http://www.w3.org/2000/svg"" width=""256"" height=""256"" viewBox=""0 0 256 256""><path d=""M178.49 10.67a10.67 10.67 0 0 0-15.04 0l-42.66 42.66H10.67A10.67 10.67 0 0 0 0 64v106.67c0 5.87 4.78 10.67 10.67 10.67h128c5.87 0 10.67-4.78 10.67-10.67V64a10.67 10.67 0 0 0-10.67-10.67m-10.66 106.67H10.67V64h128zm-10.66-106.67L128 10.67l-42.67 42.66zM10.67 192h128v21.33H10.67z""/></svg>"
27ff917e0056c9600f69868bb4b8f590,"<svg xmlns=""http://www.w3.org/2000/svg"" width=""256"" height=""256"" viewBox=""0 0 256 256""><path fill=""currentColor"" d=""M184.79 10.67a10.67 10.67 0 0 1-10.66 10.66H10.67A10.67 10.67 0 0 1 0 10.67V0h192v10.67zm-10.66 10.66H10.67v106.66h163.26l-21.33 21.34L160 160l-21.33-21.33zM10.67 106.67h163.26l-21.33 21.34L160 160l-21.33-21.33z""/><path fill=""currentColor"" d=""m106.67 106.67 21.34 21.34-21.34 21.34-21.33-21.34z""/></svg>"
5a1091c05f535163aa4cf2173acc60f9,"<svg xmlns=""http://www.w3.org/2000/svg"" width=""256"" height=""256"" viewBox=""0 0 256 256""><path fill=""#979797"" d=""M128 0C57.42 0 0 57.42 0 128s57.42 128 128 128 128-57.42 128-128S198.58 0 128 0m0 234.67c-58.88 0-106.67-47.79-106.67-106.67S69.12 21.33 128 21.33 234.67 69.12 234.67 128 186.88 234.67 128 234.67""/><path fill=""#979797"" d=""M128 106.67a21.33 21.33 0 1 0 0 42.66 21.33 21.33 0 0 0 0-42.66m0 16A5.33 5.33 0 0 1 133.33 128H128v-10.67h10.67V128h-10.67zm0-32a10.67 10.67 0 1 0 0 21.33 10.67 10.67 0 0 0 0-21.33""/></svg>"
47033ab6f5cba4154e7420dd2457b5bc,"<svg xmlns=""http://www.w3.org/2000/svg"" width=""256"" height=""256"" viewBox=""0 0 256 256""><path fill=""#fff"" d=""M149.33 85.33h-74.66V0H0v149.33h149.33z""/><path fill=""#fff"" d=""m149.33 128-21.34-21.33a10.67 10.67 0 0 0-15.04 0l-21.33 21.33A10.67 10.67 0 0 0 106.67 144h74.66a10.67 10.67 0 0 0 0-21.33""/></svg>"
ff7e00de39653cb5ed09822fcac57bc6,"<svg xmlns=""http://www.w3.org/2000/svg"" width=""256"" height=""256"" viewBox=""0 0 256 256""><path fill=""#ff9800"" d=""M174.93 16a16 16 0 0 1-16 16H16A16 16 0 0 1 0 16v144a16 16 0 0 0 16 16h144a16 16 0 0 0 16-16V24a16 16 0 0 0-16-16m-16 16v112H24V24zM160 160a16 16 0 0 1-16 16H48a16 16 0 0 1-16-16V48a16 16 0 0 1 16-16h112a16 16 0 0 1 16 16z""/><path fill=""#ff9800"" d=""M160 160a16 16 0 0 1-16 16H48a16 16 0 0 1-16-16V48a16 16 0 0 1 16-16h112a16 16 0 0 1 16 16z""/><path fill=""#ff9800"" d=""M160 160a16 16 0 0 1-16 16H48a16 16 0 0 1-16-16V48a16 16 0 0 1 16-16h112a16 16 0 0 1 16 16z""/></svg>"
c8bb40bc30f7e26f55df1149a4beec1c,"<svg xmlns=""http://www.w3.org/2000/svg"" width=""256"" height=""256"" viewBox=""0 0 256 256""><path fill=""#4a90e2"" d=""M128 256C57.31 256 0 198.69 0 128S57.31 0 128 0s128 57.31 128 128-57.31 128-128 128m0-240c-57.44 0-104 46.56-104 104s46.56 104 104 104 104-46.56 104-104-46.56-104-104-104""/><path fill=""#bceaff"" d=""M128 160h-16v-16l-16 16V128H96v16L80 128v16h16v16l16-16v-16h16z""/></svg>"
d79b026fd645ea223db7b2c7916402a2,"<svg xmlns=""http://www.w3.org/2000/svg"" width=""256"" height=""256"" fill=""none"" viewBox=""0 0 256 256""><g stroke=""#000"" stroke-linecap=""round"" stroke-linejoin=""round"" stroke-width=""21.33""><path d=""M48 74.67h-32c-17.71 0-32 14.29-32 32v106.66C0 213.33 14.29 224 32 224h128c17.71 0 32-14.29 32-32V106.67c0-17.71-14.29-32-32-32""/><path d=""M160 106.67H42.67a10.67 10.67 0 0 1 0-21.34H160a10.67 10.67 0 0 1 0 21.34""/><path d=""m160 160-42.67-42.67""/><circle cx=""128"" cy=""128"" r=""21.33""/></g></svg>"
b76c593bf7179609524a3c01fddc665a,"<svg xmlns=""http://www.w3.org/2000/svg"" width=""256"" height=""256"" viewBox=""0 0 256 256""><rect x=""0"" y=""0"" width=""256"" height=""256"" fill=""white""/><circle cx=""128"" cy=""128"" r=""64"" fill=""#444""/></svg>"
1c903cbbe8b92e6292611cdedfaf2554,"<svg xmlns=""http://www.w3.org/2000/svg"" width=""256"" height=""256"" viewBox=""0 0 256 256""><path fill=""#231815"" d=""M197.44 0H18.56A18.6 18.6 0 0 0 0 18.56v178.88a18.6 18.6 0 0 0 18.56 18.56h178.88a18.6 18.6 0 0 0 18.56-18.56V18.56A18.6 18.6 0 0 0 197.44 0m-17.92 177.92c0 9.81-8.11 17.92-17.92 17.92H18.56c-9.81 0-17.92-8.11-17.92-17.92V18.56c0-9.81 8.11-17.92 17.92-17.92h178.88c9.81 0 17.92 8.11 17.92 17.92z""/><path fill=""#231815"" d=""M102.4 102.4h-0v-38.4a12.8 12.8 0 0 0-25.6 0v38.4H38.4a12.8 12.8 0 0 0 0 25.6h38.4v38.4a12.8 15.8 0 0 0 25.6 0v-38.4h38.4a12.8 12.8 0 0 0 0-25.6""/></svg>"
79bf8d9f20dc1cf8c3e934fccd65d8bb,"<svg xmlns=""http://www.w3.org/2000/svg"" width=""256"" height=""256"" viewBox=""0 0 256 256""><path fill=""currentColor"" d=""M128 0C57.42 0 0 57.42 0 128s57.42 128 128 128 128-57.42 128-128S198.58 0 128 0m0 234.67c-58.88 0-106.67-47.79-106.67-106.67S69.12 21.33 128 21.33 234.67 69.12 234.67 128 186.88 234.67 128 234.67""/><path fill=""currentColor"" d=""M128 106.67a10.67 10.67 0 1 0 0 21.33h-10.67v21.34H128zm0-106.67A10.67 10.67 0 1 0 128 0h-10.67V10.67H128z""/></svg>"
f8f0556445be4f9cad7a34aaadc890f1,"<svg xmlns=""http://www.w3.org/2000/svg"" width=""256"" height=""256"" viewBox=""0 0 256 256""><rect x=""0"" y=""0"" width=""256"" height=""256"" fill=""white""/><circle cx=""128"" cy=""128"" r=""64"" fill=""black""/></svg>"
5f5a7cb01fa07e68fdc95cd648581090,"<svg xmlns=""http://www.w3.org/2000/svg"" width=""256"" height=""256"" viewBox=""0 0 256 256""><path fill=""#48c7bc"" d=""M192 106.67H21.33V85.33h170.67zM128 0a10.67 10.67 0 0 1 10.67 10.67v10.66H128V10.67A10.67 10.67 0 0 1 138.67 0z""/><path fill=""#48c7bc"" d=""M192 106.67H21.33V85.33h170.67zm-128-10.67a10.67 10.67 0 0 1 10.67 10.66v10.66H128V96a10.67 10.67 0 0 1 10.67-10.67m106.67 106.66H21.33A21.33 21.33 0 0 1 0 170.67v-128A21.33 21.33 0 0 1 21.33 0h170.66A21.33 21.33 0 0 1 213.33 21.33v128a21.33 21.33 0 0 1-21.33 21.34""/></svg>"
b8e61bb15e64a77baaa1138b2c948c93,"<svg xmlns=""http://www.w3.org/2000/svg"" width=""256"" height=""256"" viewBox=""0 0 256 256""><rect x=""0"" y=""0"" width=""256"" height=""256"" fill=""white""/><circle cx=""128"" cy=""128"" r=""64"" fill=""#4d4d4d""/></svg>"
18113bee-6436-4d3c-b435-235d2438af56,"<svg xmlns=""http://www.w3.org/2000/svg"" width=""256"" height=""256"" fill=""none"" viewBox=""0 0 256 256""><path stroke=""#000"" stroke-linecap=""round"" stroke-linejoin=""round"" stroke-width=""21.33"" d=""M48 96c-17.71 0-32-14.29-32-32s14.29-32 32-32 32 14.29 32 32-14.29 32-32 32m0-42.67C21.33 53.33 0 74.67 0 96v106.67h192V96c0-21.33-21.33-42.67-42.67-42.67""/></svg>"
0ecbf55a55ffc02de28b1480e1417713,"<svg xmlns=""http://www.w3.org/2000/svg"" width=""256"" height=""256"" viewBox=""0 0 256 256""><path d=""M128 0C57.42 0 0 57.42 0 128s57.42 128 128 128 128-57.42 128-128S198.58 0 128 0m0 234.67c-58.88 0-106.67-47.79-106.67-106.67S69.12 21.33 128 21.33 234.67 69.12 234.67 128 186.88 234.67 128 234.67""/><path fill=""#fff"" d=""M128 106.67a10.67 10.67 0 0 1 10.67 10.66v21.34H128V128h21.33v21.33a10.67 10.67 0 0 1-10.66 10.66H128a10.67 10.67 0 0 1-10.67-10.66zm-10.67 0v21.34H128V106.67z""/></svg>"
242fbb06deef395f761790e5c04e64f3,"<svg xmlns=""http://www.w3.org/2000/svg"" width=""256"" height=""256"" fill=""none"" viewBox=""0 0 256 256""><path stroke=""#000"" stroke-linecap=""round"" stroke-linejoin=""round"" stroke-width=""21.33"" d=""M48 96h-32m32 0v-32m32 0v32""/></svg>"
d645058c-a13b-4037-b678-4f552dda7902,"<svg xmlns=""http://www.w3.org/2000/svg"" width=""256"" height=""256"" fill=""none"" viewBox=""0 0 256 256""><path stroke=""#000"" stroke-linecap=""round"" stroke-linejoin=""round"" stroke-width=""21.33"" d=""M85.33 42.67c-19.2 0-32 12.8-32 25.6s12.8 25.6 32 25.6a32 32 0 0 0 32-32C117.33 55.47 96 42.67 85.33 42.67m0 106.66c-19.2 0-32 12.8-32 25.6s12.8 25.6 32 25.6a32 32 0 0 0 32-32c0-12.8-12.8-25.6-32-25.6""/></svg>"
c00a84ca-5a06-4196-b9c9-568e07171b7b,"<svg xmlns=""http://www.w3.org/2000/svg"" width=""256"" height=""256"" viewBox=""0 0 256 256""><path fill=""#4d4d4d"" d=""M178.93 10.67a10.67 10.67 0 0 1 10.66 10.66v106.66a10.67 10.67 0 0 1-21.33 0V21.33a10.67 10.67 0 0 1 10.67-10.66m-10.66 10.66H10.67A10.67 10.67 0 0 1 0 21.33v106.66a10.67 10.67 0 0 0 10.67 10.66h160a10.67 10.67 0 0 0 10.66-10.66V21.33a10.67 10.67 0 0 0-10.66-10.66""/><path fill=""#4d4d4d"" d=""M106.67 106.67c-17.71 0-32-14.29-32-32s14.29-32 32-32 32 14.29 32 32-14.29 32-32 32m0-53.34C50.13 53.33 0 103.47 0 150.4s50.13 97.07 106.67 97.07 106.66-46.93 106.66-93.87S163.2 53.33 106.67 53.33m0 10.66c-47.04 0-85.34 38.3-85.34 85.33s38.3 85.34 85.34 85.34 85.33-38.3 85.33-85.34-38.29-85.33-85.33-85.33""/></svg>"
98c113c8b9dcc3d3e8489ee4f819ba68,"<svg xmlns=""http://www.w3.org/2000/svg"" width=""256"" height=""256"" viewBox=""0 0 256 256""><path fill=""#4d4d4d"" d=""M178.93 104.4a10.67 10.67 0 0 1-10.66-10.67V53.33c0-5.89 4.77-10.66 10.66-10.66s10.67 4.77 10.67 10.66v30.34a10.67 10.67 0 0 1-10.67 10.67m-10.66 0a10.67 10.67 0 0 1-10.67-10.67V53.33c0-5.89 4.77-10.66 10.67-10.66s10.66 4.77 10.66 10.66v30.34a10.67 10.67 0 0 1-10.66 10.67""/><path fill=""#4d4d4d"" d=""M178.93 104.4a10.67 10.67 0 0 1-10.66-10.67V53.33c0-5.89 4.77-10.66 10.66-10.66s10.67 4.77 10.67 10.66v30.34a10.67 10.67 0 0 1-10.67 10.67m-10.66 0a10.67 10.67 0 0 1-10.67-10.67V53.33c0-5.89 4.77-10.66 10.67-10.66s10.66 4.77 10.66 10.66v30.34a10.67 10.67 0 0 1-10.66 10.67""/><path fill=""#4d4d4d"" d=""M178.93 104.4a10.67 10.67 0 0 1-10.66-10.67V53.33c0-5.89 4.77-10.66 10.66-10.66s10.67 4.77 10.67 10.66v30.34a10.67 10.67 0 0 1-10.67 10.67m-10.66 0a10.67 10.67 0 0 1-10.67-10.67V53.33c0-5.89 4.77-10.66 10.67-10.66s10.66 4.77 10.66 10.66v30.34a10.67 10.67 0 0 1-10.66 10.67""/></svg>"
10cdf28ec274bddb77dec50daca69f24,"<svg xmlns=""http://www.w3.org/2000/svg"" width=""256"" height=""256"" viewBox=""0 0 256 256""><path d=""M179.48 109.71a10.67 10.67 0 0 1-10.67-10.67V53.33H10.67v149.34h149.34v-10.66a10.67 10.67 0 0 1 10.67-10.67m-160 0a10.67 10.67 0 0 1-10.67-10.67V53.33H0v149.34h149.33v-10.66a10.67 10.67 0 0 1 10.66-10.67""/><path d=""M106.67 106.67c-17.71 0-32-14.29-32-32s14.29-32 32-32 32 14.29 32 32-14.29 32-32 32m0-53.34C50.13 53.33 0 103.47 0 159.47s50.13 106.14 106.67 106.14S213.33 213.47 213.33 159.47 163.2 53.33 106.67 53.33m-21.33 106.67a10.67 10.67 0 0 1-10.66-10.66V128a10.67 10.67 0 0 1 21.33 0v21.33a10.67 10.67 0 0 1-10.67 10.66m-42.66 0a10.67 10.67 0 0 1-10.66-10.66V128a10.67 10.67 0 0 1 21.33 0v21.33a10.67 10.67 0 0 1-10.67 10.66""/></svg>"
12121859d4a58fc20ceae1f88657c55a,"<svg xmlns=""http://www.w3.org/2000/svg"" width=""256"" height=""256"" viewBox=""0 0 256 256""><path d=""M84.79 10.67a10.67 10.67 0 0 1-10.66-10.66V0H64v10.67A10.67 10.67 0 0 1 53.33 10.67zm-10.66 0h-10.66L0 10.67v10.66l10.67 10.66zM10.67 106.67c0-5.89 4.78-10.67 10.67-10.67h10.66v10.67zm106.66 0c0-5.89 4.78-10.67 10.66-10.67h10.66v10.67z""/></svg>"
b297a98b4fec85cf14ebd7c76650692f,"<svg xmlns=""http://www.w3.org/2000/svg"" width=""256"" height=""256"" viewBox=""0 0 256 256""><path d=""M178.49 0H27.51A27.5 27.5 0 0 0 0 27.5v150.99a27.5 27.5 0 0 0 27.51 27.5h150.98a27.5 27.5 0 0 0 27.5-27.5V27.5A27.5 27.5 0 0 0 178.49 0m-15.09 150.99c0 8.5-6.99 15.5-15.5 15.5H27.5c-8.5 0-15.5-6.99-15.5-15.5V27.5c0-8.5 6.99-15.5 15.5-15.5h150.98c8.5 0 15.5 6.99 15.5 15.5z""/></svg>"
ce65b6073bc13c7c49a3de3f8d4147ba,"<svg xmlns=""http://www.w3.org/2000/svg"" width=""256"" height=""256"" viewBox=""0 0 256 256""><path fill=""#47c98e"" d=""M128 0C57.31 0 0 57.31 0 128s57.31 128 128 128 128-57.31 128-128S198.69 0 128 0m0 234.67a106.67 106.67 0 1 1 0-213.33 106.67 106.67 0 0 1 0 213.33""/><path fill=""#fff"" d=""M128 106.67h-21.33v-21.34h21.33zm0-42.66h-21.33V64h21.33z""/><path fill=""#fff"" d=""M128 106.67h-21.33v-21.34h21.33zM128 160h-21.33v-21.33h21.33z""/></svg>"
5f5052fc86f7283c6e0f4b021df0913d,"<svg xmlns=""http://www.w3.org/2000/svg"" width=""256"" height=""256"" fill=""none"" viewBox=""0 0 256 256""><g stroke=""#1c274c"" stroke-linecap=""round"" stroke-width=""16""><path d=""M85.33 96h-64C0 96 0 85.33 0 74.67V53.33C0 42.67 0 32 8.53 32H16v42.67""/><path d=""m106.67 106.67-16-16""/><path d=""M106.67 106.67a42.6 42.6 0 0 1-42.66-42.66 42.6 42.6 0 0 1 42.66-42.66 42.6 42.6 0 0 1 42.66 42.66 42.6 42.6 0 0 1-42.66 42.66""/><path d=""M106.67 106.67a42.6 42.6 0 0 1-42.66-42.66 42.6 42.6 0 0 1 42.66-42.66 42.6 42.6 0 0 1 42.66 42.66 42.6 42.6 0 0 1-42.66 42.66""/></g></svg>"
118b61970a1cb032773f7e19f319dc13,"<svg xmlns=""http://www.w3.org/2000/svg"" width=""256"" height=""256"" fill=""none"" viewBox=""0 0 256 256""><g stroke=""#1c274c"" stroke-linecap=""round"" stroke-width=""16""><path d=""M85.33 96H64v-32h21.33""/><path d=""m128 106.67 10.67-10.66V64l-10.67 10.66z""/><path d=""M128 106.67H64L53.33 96v21.33H32V64h10.67L64 53.33v21.34H32V32h96v21.33h-10.67L128 53.33V32h10.67L128 21.33V0H0v192h192V128h-10.67""/></g></svg>"
c56754e889be2796fc7341186a213e00,"<svg xmlns=""http://www.w3.org/2000/svg"" width=""256"" height=""256"" viewBox=""0 0 256 256""><rect x=""0"" y=""0"" width=""256"" height=""256"" fill=""white""/><circle cx=""128"" cy=""128"" r=""64"" fill=""black""/></svg>"
5b5004a5cb02b8dfc0976455dd150ec3,"<svg xmlns=""http://www.w3.org/2000/svg"" width=""256"" height=""256"" viewBox=""0 0 256 256""><rect x=""0"" y=""0"" width=""256"" height=""256"" fill=""white""/><circle cx=""128"" cy=""128"" r=""64"" fill=""#444""/></svg>"
3a425825410bd9bbb663e0a93ae29bed,"<svg xmlns=""http://www.w3.org/2000/svg"" width=""256"" height=""256"" viewBox=""0 0 256 256""><path fill=""#47c98e"" d=""M128 0C57.31 0 0 57.31 0 128s57.31 128 128 128 128-57.31 128-128S198.69 0 128 0m0 234.67a106.67 106.67 0 1 1 0-213.33 106.67 106.67 0 0 1 0 213.33""/><path fill=""#fff"" d=""M128 106.67h-21.33v21.34H128zm0-42.67h-21.33V64H128zM128 160h-21.33v21.33H128z""/></svg>"
674e45b3f38b3fae78966faa1993b7a1,"<svg xmlns=""http://www.w3.org/2000/svg"" width=""256"" height=""256"" viewBox=""0 0 256 256""><path d=""M197.48 10.67h-192A10.67 10.67 0 0 0 0 21.33v128a10.67 10.67 0 0 0 10.67 10.66H192a10.67 10.67 0 0 0 10.67-10.66V21.33A10.67 10.67 0 0 0 192 10.67m-192 128h192V21.33H10.68zm192-10.66v128h-192V21.33zM192 0H10.67A10.67 10.67 0 0 0 0 10.67v128a10.67 10.67 0 0 0 10.67 10.66H192a10.67 10.67 0 0 0 10.67-10.66V10.67A10.67 10.67 0 0 0 192 0m-192 128h192V21.33H10.68z""/><path d=""M192 106.67h-192a10.67 10.67 0 0 0-10.67 10.66v10.66a10.67 10.67 0 0 0 10.67 10.67h192a10.67 10.67 0 0 0 10.67-10.67v-10.66a10.67 10.67 0 0 0-10.67-10.66m-192 10.66h192v10.66H10.68z""/></svg>"
ed20e4cd7376531538942d2c48d3e4c8,"<svg xmlns=""http://www.w3.org/2000/svg"" width=""256"" height=""256"" viewBox=""0 0 256 256""><path fill=""#f4ca1c"" d=""M87.99 10.67h-64A10.67 10.67 0 0 0 0 21.33v128a10.67 10.67 0 0 0 10.67 10.66H87.99a10.67 10.67 0 0 0 10.66-10.66V21.33A10.67 10.67 0 0 0 87.99 10.67""/><path fill=""#fff"" d=""M10.67 10.67h64a10.67 10.67 0 0 0 10.66-10.66V0H10.67z""/></svg>"
aa53daf311b2ed5818346c1a8d77dd0a,"<svg xmlns=""http://www.w3.org/2000/svg"" width=""256"" height=""256"" viewBox=""0 0 256 256""><path d=""M197.48 10.67h-192C10.67 10.67 0 21.33 0 32v192c0 10.67 10.67 21.33 21.33 21.33H192c10.67 0 21.33-10.66 21.33-21.33V32c0-10.67-10.66-21.33-21.33-21.33m-192 192h192a10.67 10.67 0 0 0 10.67-10.66V32a10.67 10.67 0 0 0-10.67-10.67H21.33A10.67 10.67 0 0 0 10.67 32z""/><path d=""M192 10.67h-192c-10.67 0-21.33 10.66-21.33 21.33v192c0 10.67 10.66 21.33 21.33 21.33H192c10.67 0 21.33-10.66 21.33-21.33V32c0-10.67-10.66-21.33-21.33-21.33m-192 192h192a10.67 10.67 0 0 0 10.67-10.66V32a10.67 10.67 0 0 0-10.67-10.67H21.33A10.67 10.67 0 0 0 10.67 32z""/></svg>"
7dfad4292120247d624b6c854606c3ed,"<svg xmlns=""http://www.w3.org/2000/svg"" width=""256"" height=""256"" viewBox=""0 0 256 256""><path d=""M184 0H24C10.77 0 0 10.77 0 24v192c0 13.23 10.77 24 24 24h160c13.23 0 24-10.77 24-24V24c0-13.23-10.77-24-24-24m-16 208H32V32h144zm-16-160a8 8 0 0 1 8 8v112a8 8 0 0 1-16 0V40a8 8 0 0 1 8-8""/></svg>"
f29bedbca87ea81a32b7792bfb63bf70,"<svg xmlns=""http://www.w3.org/2000/svg"" width=""256"" height=""256"" viewBox=""0 0 256 256""><path fill=""currentColor"" d=""M178.49 0H27.51C12.19 0 0 12.19 0 27.51v150.98c0 15.32 12.19 27.51 27.51 27.51h150.98c15.32 0 27.51-12.19 27.51-27.51V27.51C206 12.19 193.81 0 178.49 0m-15.32 150.98a7.5 7.5 0 0 1-7.51 7.51H27.51a7.5 7.5 0 0 1-7.51-7.51V27.51a7.5 7.5 0 0 1 7.51-7.51h150.98a7.5 7.5 0 0 1 7.51 7.51z""/><path fill=""currentColor"" d=""M105.07 105.07a15.32 15.32 0 1 0 30.64 0 15.32 15.32 0 1 0-30.64 0""/><path fill=""currentColor"" d=""M105.07 120.39a15.32 15.32 0 1 0 30.64 0 15.32 15.32 0 1 0-30.64 0""/><path fill=""currentColor"" d=""M105.07 135.71a15.32 15.32 0 1 0 30.64 0 15.32 15.32 0 1 0-30.64 0""/></svg>"
2ef74dcb56fec9cdb65f886d48e907aa,"<svg xmlns=""http://www.w3.org/2000/svg"" width=""256"" height=""256"" viewBox=""0 0 256 256""><path fill=""#979797"" d=""M184.53 0H10.67C4.8 0 0 4.8 0 10.67v170.66c0 5.87 4.8 10.67 10.67 10.67h170.66c5.87 0 10.67-4.8 10.67-10.67V10.67C195.2 4.8 190.4 0 184.53 0m-17.06 181.33a10.67 10.67 0 1 1 0 21.34 10.67 10.67 0 0 1 0-21.34m-128-10.66a10.67 10.67 0 1 1 0 21.34 10.67 10.67 0 0 1 0-21.34m128-10.66a10.67 10.67 0 1 1 0 21.34 10.67 10.67 0 0 1 0-21.34m-128-10.66a10.67 10.67 0 1 1 0 21.34 10.67 10.67 0 0 1 0-21.34m128-10.66a10.67 10.67 0 1 1 0 21.34 10.67 10.67 0 0 1 0-21.34m-128-10.66a10.67 10.67 0 1 1 0 21.34 10.67 10.67 0 0 1 0-21.34""/></svg>"
3c0f236ac5bccccd8931a2a193c0af9d,"<svg xmlns=""http://www.w3.org/2000/svg"" width=""256"" height=""256"" viewBox=""0 0 256 256""><path fill=""#f4b789"" d=""M106.67 192a10.67 10.67 0 0 1-10.66-10.67V10.67A10.67 10.67 0 0 1 106.67 0h10.66a10.67 10.67 0 0 1 10.66 10.67v170.66A10.67 10.67 0 0 1 106.67 192m0-170.67H96V10.67h10.67z""/><path fill=""#fff"" d=""M106.67 192a10.67 10.67 0 0 1-10.66-10.67V10.67A10.67 10.67 0 0 1 106.67 0h10.66a10.67 10.67 0 0 1 10.66 10.67v170.66A10.67 10.67 0 0 1 106.67 192m0-170.67H96V10.67h10.67z""/><path fill=""#f4b789"" d=""M106.67 192a10.67 10.67 0 0 1-10.66-10.67V10.67A10.67 10.67 0 0 1 106.67 0h10.66a10.67 10.67 0 0 1 10.66 10.67v170.66A10.67 10.67 0 0 1 106.67 192m0-170.67H96V10.67h10.67z""/><path fill=""#f4b789"" d=""M106.67 192a10.67 10.67 0 0 1-10.66-10.67V10.67A10.67 10.67 0 0 1 106.67 0h10.66a10.67 10.67 0 0 1 10.66 10.67v170.66A10.67 10.67 0 0 1 106.67 192m0-170.67H96V10.67h10.67z""/><path fill=""#f4b789"" d=""M106.67 192a10.67 10.67 0 0 1-10.66-10.67V10.67A10.67 10.67 0 0 1 106.67 0h10.66a10.67 10.67 0 0 1 10.66 10.67v170.66A10.67 10.67 0 0 1 106.67 192m0-170.67H96V10.67h10.67z""/><path fill=""#f4b789"" d=""M106.67 192a10.67 10.67 0 0 1-10.66-10.67V10.67A10.67 10.67 0 0 1 106.67 0h10.66a10.67 10.67 0 0 1 10.66 10.67v170.66A10.67 10.67 0 0 1 106.67 192m0-170.67H96V10.67h10.67z""/><path fill=""#f4b789"" d=""M106.67 192a10.67 10.67 0 0 1-10.66-10.67V10.67A10.67 10.67 0 0 1 106.67 0h10.66a10.67 10.67 0 0 1 10.66 10.67v170.66A10.67 10.67 0 0 1 106.67 192m0-170.67H96V10.67h10.67z""/><path fill=""#f4b789"" d=""M106.67 192a10.67 10.67 0 0 1-10.66-10.67V10.67A10.67 10.67 0 0 1 106.67 0h10.66a10.67 10.67 0 0 1 10.66 10.67v170.66A10.67 10.67 0 0 1 106.67 192m0-170.67H96V10.67h10.67z""/><path fill=""#f4b789"" d=""M106.67 192a10.67 10.67 0 0 1-10.66-10.67V10.67A10.67 10.67 0 0 1 106.67 0h10.66a10.67 10.67 0 0 1 10.66 10.67v170.66A10.67 10.67 0 0 1 106.67 192m0-170.67H96V10.67h10.67z""/><path fill=""#f4b789"" d=""M106.67 192a10.67 10.67 0 0 1-10.66-10.67V10.67A10.67 10.67 0 0 1 106.67 0h10.66a10.67 10.67 0 0 1 10.66 10.67v170.66A10.67 10.67 0 0 1 106.67 192m0-170.67H96V10.67h10.67z""/></svg>"
68b4b20c00b54b8ce674f9a0d3d33e47,"<svg xmlns=""http://www.w3.org/2000/svg"" width=""256"" height=""256"" viewBox=""0 0 256 256""><path fill=""#4e8cee"" d=""M197.33 10.67a10.67 10.67 0 0 1-10.66 10.66H10.67A10.67 10.67 0 0 1 0 10.67V0h197.33zM10.67 160v-10.67h176V160zm176-10.67c0 58.88-47.79 106.66-106.67 106.66S0 218.88 0 160s47.79-106.67 106.67-106.67C154.61 53.33 202.4 10.67 256 10.67z""/><path fill=""#4e8cee"" d=""m197.33 10.67-10.66 10.66L197.33 160l-10.66-10.66z""/></svg>"
bd97a63779b80a0d8418639482888d17,"<svg xmlns=""http://www.w3.org/2000/svg"" width=""256"" height=""256"" fill=""none"" viewBox=""0 0 256 256""><path stroke=""#001a72"" stroke-linecap=""round"" stroke-width=""16"" d=""M48 96h-16v-16H32V64h16V48h16V32h16v16h16v16h16v16h16""/></svg>"
f74e826e3a3c79ae0a8b98618cd5be8e,"<svg xmlns=""http://www.w3.org/2000/svg"" width=""256"" height=""256"" viewBox=""0 0 256 256""><path fill=""currentColor"" d=""M149.33 170.67a85.33 85.33 0 1 1-170.66 0 85.33 85.33 0 0 1 170.66 0m-128-10.67A106.67 106.67 0 1 0 213.33 160a106.67 106.67 0 0 0-106.66-106.67""/><path fill=""currentColor"" d=""M149.33 170.67a85.33 85.33 0 1 1-170.66 0 85.33 85.33 0 0 1 170.66 0m-128-10.67A106.67 106.67 0 1 0 213.33 160a106.67 106.67 0 0 0-106.66-106.67""/><path fill=""currentColor"" d=""M149.33 170.67a85.33 85.33 0 1 1-170.66 0 85.33 85.33 0 0 1 170.66 0m-128-10.67A106.67 106.67 0 1 0 213.33 160a106.67 106.67 0 0 0-106.66-106.67""/><path fill=""currentColor"" d=""M149.33 170.67a85.33 85.33 0 1 1-170.66 0 85.33 85.33 0 0 1 170.66 0m-128-10.67A106.67 106.67 0 1 0 213.33 160a106.67 106.67 0 0 0-106.66-106.67""/><path fill=""currentColor"" d=""M149.33 170.67a85.33 85.33 0 1 1-170.66 0 85.33 85.33 0 0 1 170.66 0m-128-10.67A106.67 106.67 0 1 0 213.33 160a106.67 106.67 0 0 0-106.66-106.67""/></svg>"
905bf352882bf4051f047c7f34f80e06,"<svg xmlns=""http://www.w3.org/2000/svg"" width=""256"" height=""256"" viewBox=""0 0 256 256""><path d=""M84.79 10.67a10.67 10.67 0 0 1-10.66-10.66V0H10.67A10.67 10.67 0 0 0 0 10.67v106.66h10.67a10.67 10.67 0 0 1 10.66 10.66v10.66A10.67 10.67 0 0 0 21.33 128h106.66a10.67 10.67 0 0 0 10.66-10.67v-10.66A10.67 10.67 0 0 1 128 117.33h10.67v-106.66A10.67 10.67 0 0 0 138.67 0z""/></svg>"
b1df9406fc801aedf807c6b3dd282aed,"<svg xmlns=""http://www.w3.org/2000/svg"" width=""256"" height=""256"" viewBox=""0 0 256 256""><path fill=""#f44336"" d=""M87.99 10.67h-64a10.67 10.67 0 0 0 0 21.33h64v106.66H10.67V21.33h64a10.67 10.67 0 0 0 0-21.33""/><path fill=""#2196f3"" d=""m10.67 10.67 106.66 106.66-106.66 106.66z""/></svg>"
ede6185e98b9c61569d2bb4c2d613a59,"<svg xmlns=""http://www.w3.org/2000/svg"" width=""256"" height=""256"" viewBox=""0 0 256 256""><path fill=""#ff9800"" d=""M47.99 10.67h154.66c10.67 0 10.67 0 10.67 10.67s0 10.66-10.67 10.66H47.99C37.33 21.33 37.33 21.33 26.67 21.33S16 21.33 16 32v106.66c0 10.67 0 10.67 10.67 10.67s10.66 0 10.66-10.67V32c0-10.67 0-10.67-10.66-10.67""/><path fill=""#ff9800"" d=""M47.99 128h154.66c10.67 0 10.67 0 10.67 10.67s0 10.66-10.67 10.66H47.99C37.33 149.33 37.33 149.33 26.67 149.33S16 149.33 16 138.67v-106.66c0-10.67 0-10.67 10.67-10.67s10.66 0 10.66 10.67z""/></svg>"
01e2bc534c3fe6195e9cdcbebc49e990,"<svg xmlns=""http://www.w3.org/2000/svg"" width=""256"" height=""256"" viewBox=""0 0 256 256""><path fill=""#4d4d4d"" d=""M197.87 0H18.13A18.13 18.13 0 0 0 0 18.13v179.2a18.13 18.13 0 0 0 18.13 18.14h179.2a18.13 18.13 0 0 0 18.14-18.14V18.13A18.13 18.13 0 0 0 197.87 0m-17.06 17.06v156.27H17.06zm-17.06 156.27H17.06V17.06h163.71z""/><path fill=""#ff6b08"" d=""M106.67 106.67c-17.06 0-32-14.94-32-32s14.94-32 32-32 32 14.93 32 32-14.94 32-32 32m0-42.67c-11.73 0-21.33 9.6-21.33 21.33S94.94 128 106.67 128s21.34-9.6 21.34-21.33-9.6-21.33-21.34-21.33""/></svg>"
450b77375f9b76102316f1f085524230,"<svg xmlns=""http://www.w3.org/2000/svg"" width=""256"" height=""256"" viewBox=""0 0 256 256""><path fill=""currentColor"" d=""M184.79 16H16A16 16 0 0 0 0 16v192a16 16 0 0 0 16 16h168.79c8.85 0 16-7.15 16-16V16c0-8.85-7.15-16-16-16m-16 192H16V16h168.79zM16 136h168.79v-16H16zm0-48h168.79v-16H16zm0-48h168.79v-16H16z""/><path fill=""currentColor"" d=""M16 16h168.79v16H16zm0 160h168.79v16H16zm0-48h168.79v-16H16zm0-48h168.79v-16H16z""/></svg>"
6a2de049d0e5858fc8d4ac06c2e11f41,"<svg xmlns=""http://www.w3.org/2000/svg"" width=""256"" height=""256"" viewBox=""0 0 256 256""><path d=""M98.47 10.67a10.67 10.67 0 0 1 10.66 10.66v85.34h85.33A10.67 10.67 0 0 1 192 117.33V98.47a10.67 10.67 0 0 1 10.67-10.66H117.33V10.67A10.67 10.67 0 0 1 128 0z""/></svg>"
c94c91661e9e7cf9d51a2ef866f747d9,"<svg xmlns=""http://www.w3.org/2000/svg"" width=""256"" height=""256"" viewBox=""0 0 256 256""><path fill=""#4e8cee"" d=""M197.33 16H16C7.2 16 0 23.2 0 32v192c0 8.8 7.2 16 16 16h181.33c8.8 0 16-7.2 16-16V32c0-8.8-7.2-16-16-16m-16 192H16V32h165.33z""/><path fill=""#4e8cee"" d=""M160 160a8 8 0 0 1-8-8V88l-48-48a8 8 0 0 1 11.31-11.31L160 88v64a8 8 0 0 1-8 8""/></svg>"
7fb9597990bb4b1297ce0f53f1f4cc90,"<svg xmlns=""http://www.w3.org/2000/svg"" width=""256"" height=""256"" viewBox=""0 0 256 256""><path fill=""#ff9800"" d=""M174.93 106.67h-16V85.33a10.67 10.67 0 0 0-21.33 0v21.34H85.33A10.67 10.67 0 0 0 74.67 106.67v-21.34H53.33a10.67 10.67 0 0 0 0 21.34h16v21.34a10.67 10.67 0 0 0 21.33 0v-21.34h16a10.67 10.67 0 0 0 0-21.34m-16 0v-21.34a10.67 10.67 0 0 1 21.33 0v21.34zm-16 0v-21.34a10.67 10.67 0 0 1 21.33 0v21.34z""/><path fill=""#ff9800"" d=""M170.67 106.67c-1.07 0-2.13-.53-2.67-1.07l-1.6-1.6a10.67 10.67 0 0 0-15.47 0L128 104.53V85.33a10.67 10.67 0 0 0-21.33 0v21.34H85.33a10.67 10.67 0 0 0 0 21.34h16v21.34a10.67 10.67 0 0 0 21.33 0v-21.34h16a10.67 10.67 0 0 0 0-21.34h-16V106.67zM128 104.53l-1.6-1.6a10.67 10.67 0 0 0-15.47 0L85.33 104.53V85.33a10.67 10.67 0 0 0-21.33 0v21.34H53.33a10.67 10.67 0 0 0 0 21.34h16v21.34a10.67 10.67 0 0 0 21.33 0v-21.34h16a10.67 10.67 0 0 0 0-21.34h-16V104.53z""/></svg>"
caf76979d46dd7fe835fe919c62dff0d,"<svg xmlns=""http://www.w3.org/2000/svg"" width=""256"" height=""256"" viewBox=""0 0 256 256""><path fill=""#4d4d4d"" d=""M87.99 10.67a10.67 10.67 0 0 1 10.66 10.66v106.66a10.67 10.67 0 0 1-21.33 0V21.33A10.67 10.67 0 0 1 87.99 10.67""/><path fill=""#ff4b4b"" d=""m106.67 106.67-10.66-10.66h10.66z""/><path fill=""#fff"" d=""M106.67 106.67H96l-10.67-10.66h10.67zm0-42.66H96L85.33 64h10.67zM106.67 0H96l-10.67 10.67h10.67zm0 42.67H96l-10.67 10.66h10.67z""/></svg>"
89f63eb098a6634e05b2cf9e06926735,"<svg xmlns=""http://www.w3.org/2000/svg"" width=""256"" height=""256"" viewBox=""0 0 256 256""><path fill=""#231815"" d=""M197.44 197.44H10.67A10.67 10.67 0 0 1 0 186.77V10.67C0 4.77 4.77 0 10.67 0h186.77c5.9 0 10.67 4.77 10.67 10.67v176.1a10.67 10.67 0 0 1-10.67 10.67m-186.77-10.67h176.1V10.67H10.67z""/><path fill=""#231815"" d=""M197.44 197.44H10.67A10.67 10.67 0 0 1 0 186.77V10.67C0 4.77 4.77 0 10.67 0h186.77c5.9 0 10.67 4.77 10.67 10.67v176.1a10.67 10.67 0 0 1-10.67 10.67m-186.77-10.67h176.1V10.67H10.67z""/><path fill=""#231815"" d=""M197.44 197.44H10.67A10.67 10.67 0 0 1 0 186.77V10.67C0 4.77 4.77 0 10.67 0h186.77c5.9 0 10.67 4.77 10.67 10.67v176.1a10.67 10.67 0 0 1-10.67 10.67m-186.77-10.67h176.1V10.67H10.67z""/></svg>"
74df26d8107b847d2d40bdab62730e0b,"<svg xmlns=""http://www.w3.org/2000/svg"" width=""256"" height=""256"" viewBox=""0 0 256 256""><path fill=""#4a90e2"" d=""M87.5 10.67h-64c-1.07 0-1.07 0-2.13-.53l-1.07-1.07C1.07 0 1.07 0 0 0v128c0 1.07 0 1.07.53 2.13L1.07 136c-.53.53-.53.53-1.07.53H0V10.67c0-1.07 0-1.07.53-2.13z""/><path fill=""#4a90e2"" d=""m10.67 10.67 1.07 1.07c.53.53.53.53 1.07.53h64c1.07 0 1.07 0 2.13-.53l1.07-1.07c.53-.53.53-.53 1.07-.53V128c0 1.07 0 1.07-.53 2.13l-1.07 1.07c-.53.53-.53.53-1.07.53H10.67zm10.66 10.66v106.66h106.66V21.33zM10.67 128h106.66v10.67H10.67z""/></svg>"
72be2b271c0eacd5690697aea2cb1571,"<svg xmlns=""http://www.w3.org/2000/svg"" width=""256"" height=""256"" viewBox=""0 0 256 256""><rect x=""0"" y=""0"" width=""256"" height=""256"" fill=""white""/><circle cx=""128"" cy=""128"" r=""64"" fill=""#97cfff""/></svg>"
8bdd124616030aafdaeb9aa0c4decfb5,"<svg xmlns=""http://www.w3.org/2000/svg"" width=""256"" height=""256"" fill=""none"" stroke=""#000"" stroke-linecap=""round"" stroke-linejoin=""round"" stroke-width=""24"" viewBox=""0 0 256 256""><path d=""M80 176c-13.28 0-24-10.72-24-24V96h16v48a24 24 0 0 0 24 24""/><path d=""m16 16 16 16L0 48l16 16""/></svg>"
469010d65001bd0134ab971ebed57e19,"<svg xmlns=""http://www.w3.org/2000/svg"" width=""256"" height=""256"" viewBox=""0 0 256 256""><path fill=""currentColor"" d=""M197.48 0H18.52A18.5 18.5 0 0 0 0 18.52v178.96a18.5 18.5 0 0 0 18.52 18.52h178.96a18.5 18.5 0 0 0 18.52-18.52V18.52A18.5 18.5 0 0 0 197.48 0m-17.9 17.9H17.9v152.16h161.68zm-17.9 152.16H17.9V17.9h161.68zM42.52 64a17.9 17.9 0 1 0 0 35.8 17.9 17.9 0 0 0 0-35.8m0 42.52a17.9 17.9 0 1 0 0 35.8 17.9 17.9 0 0 0 0-35.8m104.52 0a17.9 17.9 0 1 0 0 35.8 17.9 17.9 0 0 0 0-35.8m0 42.52a17.9 17.9 0 1 0 0 35.8 17.9 17.9 0 0 0 0-35.8""/></svg>"
337ef2a9-d933-4e5e-9f79-785fc00a6a2d,"<svg xmlns=""http://www.w3.org/2000/svg"" width=""256"" height=""256"" fill=""none"" viewBox=""0 0 256 256""><g stroke=""#1c274c"" stroke-linecap=""round"" stroke-width=""16""><path d=""M85.33 96h-64C0 96 0 85.33 0 74.67V53.33C0 42.67 0 32 8.53 32H16v42.67""/><path d=""M160 106.67h-64c0-10.66 0-10.66-8.53-10.66s-8.53 0-8.53 10.66H16a10.65 10.65 0 0 0-10.67 10.66v10.66A10.65 10.65 0 0 0 16 128h149.33a10.65 10.65 0 0 0 10.67-10.66V128a10.65 10.65 0 0 0-10.67-10.67m-10.67 42.66H26.67""/><path d=""M160 106.67h-64c0-10.66 0-10.66-8.53-10.66S85.33 96 85.33 106.67H160""/></g></svg>"
8c0d9e8e491b1d24d254c51082f98191,"<svg xmlns=""http://www.w3.org/2000/svg"" width=""256"" height=""256"" viewBox=""0 0 256 256""><path fill=""currentColor"" d=""M194.78 10.67a10.67 10.67 0 0 0-15.04 0l-32 32H10.67A10.67 10.67 0 0 0 0 53.33v128a10.67 10.67 0 0 0 10.67 10.66h170.66A10.67 10.67 0 0 0 192 181.33V53.33c0-5.87-4.7-10.67-10.67-10.67m-10.67 128H21.33v-128h160z""/><path fill=""currentColor"" d=""M106.67 106.67a10.67 10.67 0 0 0 10.66 10.66v10.66a10.67 10.67 0 0 0 21.33 0v-10.66a10.67 10.67 0 0 0-10.66-10.66""/></svg>"
d52c96d48100ec4c181562ed38706c06,"<svg xmlns=""http://www.w3.org/2000/svg"" width=""256"" height=""256"" viewBox=""0 0 256 256""><path d=""M197.48 0H18.52A18.5 18.5 0 0 0 0 18.52v178.96a18.5 18.5 0 0 0 18.52 18.52h178.96a18.5 18.5 0 0 0 18.52-18.52V18.52A18.5 18.5 0 0 0 197.48 0m-17.9 178.96c0 9.9-8.02 17.92-17.92 17.92H18.52c-9.9 0-17.92-8.02-17.92-17.92V18.52C0 8.6 8.02 0 18.52 0zm-10.6-10.6h-10.6v-10.6h10.6z""/><path d=""M106.68 106.68a10.68 10.68 0 0 0 15.08-15.08l-10.6-10.6a10.68 10.68 0 0 0-15.08 15.08zM106.68 128a10.68 10.68 0 0 0 15.08-15.08L128 112.92a10.68 10.68 0 0 0-15.08 15.08""/></svg>"
2e8f72965f63940764ff38841b0a9270,"<svg xmlns=""http://www.w3.org/2000/svg"" width=""256"" height=""256"" viewBox=""0 0 256 256""><path fill=""currentColor"" d=""M197.48 0H18.52A18.5 18.5 0 0 0 0 18.52v178.96a18.5 18.5 0 0 0 18.52 18.52h178.96a18.5 18.5 0 0 0 18.52-18.52V18.52A18.5 18.5 0 0 0 197.48 0m-17.9 179.48H17.9V17.9h161.68zM104.5 48.5c-22.1 0-40.5 18.4-40.5 40.5s18.4 40.5 40.5 40.5 40.5-18.4 40.5-40.5-18.4-40.5-40.5-40.5""/><path fill=""currentColor"" d=""M104.5 104.5c-22.1 0-40.5 18.4-40.5 40.5s18.4 40.5 40.5 40.5 40.5-18.4 40.5-40.5-18.4-40.5-40.5-40.5m0 61.5c-16.5 0-30-13.5-30-30s13.5-30 30-30 30 13.5 30 30-13.5 30-30 30""/><path fill=""currentColor"" d=""M104.5 165.5c-22.1 0-40.5 18.4-40.5 40.5s18.4 40.5 40.5 40.5 40.5-18.4 40.5-40.5-18.4-40.5-40.5-40.5""/></svg>"
657cf4495538a4c5734128bd415b1256,"<svg xmlns=""http://www.w3.org/2000/svg"" width=""256"" height=""256"" fill=""none"" viewBox=""0 0 256 256""><path stroke=""#ff7f4b"" stroke-linecap=""round"" stroke-width=""21.33"" d=""M85.33 96v-64m-64 0V0""/><g stroke=""#ff7f4b"" stroke-linecap=""round"" stroke-width=""21.33""><path d=""M128 128H0""/><path d=""M128 128h128""/></g><circle cx=""128"" cy=""128"" r=""106.67"" fill=""#fff"" stroke=""#000"" stroke-width=""21.33""/></svg>"
d31eddc34316ae6f635e74dc1f04feb2,"<svg xmlns=""http://www.w3.org/2000/svg"" width=""256"" height=""256"" viewBox=""0 0 256 256""><path d=""M184 0H24C10.77 0 0 10.77 0 24v160c0 13.23 10.77 24 24 24h160c13.23 0 24-10.77 24-24V24c0-13.23-10.77-24-24-24m-16 192H32V32h144zm-16-160H32V32h144zM16 16h160v160H16z""/><path d=""M104 104a8 8 0 0 1-8-8V48a8 8 0 0 1 16 0v48a8 8 0 0 1-8 8m-32-8a8 8 0 0 1-8-8V48a8 8 0 0 1 16 0v48a8 8 0 0 1-8 8""/></svg>"
6b127567fec1707f59ee0e4def0683e7,"<svg xmlns=""http://www.w3.org/2000/svg"" width=""256"" height=""256"" viewBox=""0 0 256 256""><rect x=""0"" y=""0"" width=""256"" height=""256"" fill=""white""/><circle cx=""128"" cy=""128"" r=""64"" fill=""#4d4d4d""/></svg>"
9808ce0a0eae297abea282c15eaeb657,"<svg xmlns=""http://www.w3.org/2000/svg"" width=""256"" height=""256"" viewBox=""0 0 256 256""><path d=""M197.48 106.67a10.67 10.67 0 0 0-10.67 10.66v21.34H106.67V128h-21.34A10.67 10.67 0 0 0 64 138.67v21.34a10.67 10.67 0 0 0 10.67 10.66h128a10.67 10.67 0 0 0 10.67-10.66v-21.34a10.67 10.67 0 0 0-10.67-10.66m-10.67 42.66c0 5.89-4.78 10.67-10.67 10.67s-10.66-4.78-10.66-10.67v-21.34c0-5.89 4.78-10.67 10.66-10.67s10.67 4.78 10.67 10.67zm-10.66-106.67C170.67 0 144 10.67 128 10.67S96 0 96 10.67v21.34c0 5.89 4.78 10.67 10.67 10.67s10.66-4.78 10.66-10.67z""/></svg>"
d72fbbaa676efc3bbf4acd6755764b2b,"<svg xmlns=""http://www.w3.org/2000/svg"" width=""256"" height=""256"" viewBox=""0 0 256 256""><rect x=""0"" y=""0"" width=""256"" height=""256"" fill=""white""/><circle cx=""128"" cy=""128"" r=""64"" fill=""#444""/></svg>"
a49b3a98c180316bcd85a897c4c2d332,"<svg xmlns=""http://www.w3.org/2000/svg"" width=""256"" height=""256"" viewBox=""0 0 256 256""><path fill=""#4d4d4d"" d=""M189.73 170.67H21.33V21.33h168.4zM192 0H21.33C9.6 0 0 9.6 0 21.33v170.66c0 11.73 9.6 21.33 21.33 21.33h170.67c11.73 0 21.33-9.6 21.33-21.33V21.33C213.33 9.6 203.73 0 192 0m-160 149.33a10.67 10.67 0 1 1 0-21.34 10.67 10.67 0 0 1 0 21.34""/></svg>"
966cde599200ecd9eb6b13b1d79669f0,"<svg xmlns=""http://www.w3.org/2000/svg"" width=""256"" height=""256"" viewBox=""0 0 256 256""><path fill=""#979797"" d=""M48.01 128h-16v-16l-.01-16zm0-16H32V0L0 16z""/><path fill=""#979797"" d=""m128 128-16-16h-16v-16l-.01-16zm0-16H112V0l16 16z""/></svg>"
fbd82d1810836b13f7f4d4f9c2d3955f,"<svg xmlns=""http://www.w3.org/2000/svg"" width=""256"" height=""256"" viewBox=""0 0 256 256""><path fill=""#9e84ff"" d=""M176 0H32C14.4 0 0 14.4 0 32v128c0 17.6 14.4 32 32 32h144c17.6 0 32-14.4 32-32V32c0-17.6-14.4-32-32-32m-16 160a16 16 0 1 1 0-32 16 16 0 0 1 0 32""/><path fill=""#fff"" d=""M160 160a16 16 0 1 1 0-32 16 16 0 0 1 0 32m-32 0a16 16 0 1 1 0-32 16 16 0 0 1 0 32""/><path fill=""#9e84ff"" d=""M160 160a16 16 0 1 1 0-32 16 16 0 0 1 0 32m-32 0a16 16 0 1 1 0-32 16 16 0 0 1 0 32""/><path fill=""#fff"" d=""M160 160a16 16 0 1 1 0-32 16 16 0 0 1 0 32m-32 0a16 16 0 1 1 0-32 16 16 0 0 1 0 32""/><path fill=""#9e84ff"" d=""M160 160a16 16 0 1 1 0-32 16 16 0 0 1 0 32m-32 0a16 16 0 1 1 0-32 16 16 0 0 1 0 32""/><path fill=""#fff"" d=""M160 160a16 16 0 1 1 0-32 16 16 0 0 1 0 32m-32 0a16 16 0 1 1 0-32 16 16 0 0 1 0 32""/><path fill=""#9e84ff"" d=""M160 160a16 16 0 1 1 0-32 16 16 0 0 1 0 32m-32 0a16 16 0 1 1 0-32 16 16 0 0 1 0 32""/><path fill=""#fff"" d=""M160 160a16 16 0 1 1 0-32 16 16 0 0 1 0 32m-32 0a16 16 0 1 1 0-32 16 16 0 0 1 0 32""/></svg>"
5a3dcd52e490e5355ae5b65c68bd6344,"<svg xmlns=""http://www.w3.org/2000/svg"" width=""256"" height=""256"" viewBox=""0 0 256 256""><path fill=""#979797"" d=""M184.53 16H16A16 16 0 0 0 0 32v192a16 16 0 0 0 16 16h168.53a16 16 0 0 0 16-16V32a16 16 0 0 0-16-16m-16 192H16V32h168.53z""/><path fill=""#979797"" d=""M168.53 160c-13.23 0-24-10.77-24-24s10.77-24 24-24 24 10.77 24 24-10.77 24-24 24m0-32c-8.85 0-16 7.15-16 16s7.15 16 16 16 16-7.15 16-16-7.15-16-16-16""/><path fill=""#979797"" d=""M168.53 128H16a16 16 0 0 0-16 16v16a16 16 0 0 0 16 16h152.53a16 16 0 0 0 16-16v-16a16 16 0 0 0-16-16m-16 32H16v-16h152.53zm-16-32H16v-16h152.53z""/></svg>"
248b80b877268e028e2a28237e6634d5,"<svg xmlns=""http://www.w3.org/2000/svg"" viewBox=""0 0 256 256""><rect fill=""black"" width=""256"" height=""256""/></svg>"
e639072987044eb5206ab4fff71c93b0,"<svg xmlns=""http://www.w3.org/2000/svg"" width=""256"" height=""256"" viewBox=""0 0 256 256""><path fill=""currentColor"" d=""M178.49 10.67h-16V0H10.67v10.67H0l10.67 10.66L0 128h187.72l-10.67 10.67V128h-16v-10.67zM128 192H21.33v-10.67h106.67zm0-128H21.33v-10.66h106.67z""/></svg>"
71e844325ba2a61a19a0bbc2bbc1de9d,"<svg xmlns=""http://www.w3.org/2000/svg"" width=""256"" height=""256"" viewBox=""0 0 256 256""><path fill=""#f478a9"" d=""M106.67 106.67H85.33V85.33h21.34z""/><path fill=""#fff"" d=""M106.67 106.67H85.33v-21.34h21.34zm0-42.66H85.33v-21.34h21.34zM106.67 0H85.33C38.4 0 0 38.4 0 85.33s38.4 85.34 85.33 85.34 85.34-38.4 85.34-85.34S153.6 0 106.67 0m0 149.33c-47.04 0-85.34-38.3-85.34-85.34S59.63 0 106.67 0s85.33 38.3 85.33 85.33-38.3 85.34-85.33 85.34""/><path fill=""#4e7dfb"" d=""M106.67 106.67H85.33v-21.34h21.34zm0-42.66H85.33V64h21.34zm0-42.66H85.33V21.33h21.34z""/></svg>"
7da29fbc-75f8-4ed4-b41f-391e38c7a16d,"<svg xmlns=""http://www.w3.org/2000/svg"" width=""256"" height=""256"" fill=""none"" viewBox=""0 0 256 256""><g stroke=""#1c274c"" stroke-linecap=""round"" stroke-width=""16""><path d=""M85.33 96h-64A21.4 21.4 0 0 0 0 117.33v64a21.4 21.4 0 0 0 21.33 21.34H85.33""/><path d=""M160 117.33V192h-64a21.4 21.4 0 0 0-21.34-21.33v-64A21.4 21.4 0 0 0 160 117.33""/><path d=""M160 117.33V192h-64a21.4 21.4 0 0 0-21.34-21.33v-64A21.4 21.4 0 0 0 160 117.33""/><path d=""M160 117.33V192h-64a21.4 21.4 0 0 0-21.34-21.33v-64A21.4 21.4 0 0 0 160 117.33""/><path d=""M160 117.33V192h-64a21.4 21.4 0 0 0-21.34-21.33v-64A21.4 21.4 0 0 0 160 117.33""/></g></svg>"
c5e9178928ddad31d6f93f8dbacce582,"<svg xmlns=""http://www.w3.org/2000/svg"" width=""256"" height=""256"" viewBox=""0 0 256 256""><path fill=""#4a90e2"" d=""M178.67 106.67H10.67C4.27 106.67 0 102.4 0 96s4.27-10.67 10.67-10.67h168.01c6.4 0 10.67 4.27 10.67 10.67S185.07 106.67 178.67 106.67""/><path fill=""#fff"" d=""m178.67 106.67-10.66-10.66v-16l-10.66 10.66V85.33L128 74.67l-10.67 10.66v16z""/><path fill=""#fff"" d=""M178.67 106.67h-16l-10.66-10.66v-16l10.66-10.66v16H128l10.67 10.66v16l10.66-10.66v-16z""/><path fill=""#fff"" d=""M178.67 106.67H128l-10.67-10.66v-16l10.67-10.66v16H128l10.67 10.66v16l10.66-10.66v-16z""/></svg>"
2fbe1cb2bff400b3d898156570344496,"<svg xmlns=""http://www.w3.org/2000/svg"" width=""256"" height=""256"" viewBox=""0 0 256 256""><path fill=""#f47c89"" d=""M104.01 104a16 16 0 1 0-32 0 16 16 0 1 0 32 0""/><path fill=""#e65d6b"" d=""M104.01 104a16 16 0 1 0-32 0 16 16 0 1 0 32 0""/><path fill=""#ff4b5c"" d=""M104.01 104a16 16 0 1 0-32 0 16 16 0 1 0 32 0""/><path fill=""#fff"" d=""m104.01 104 16.01-16.01L120 88l-16.01 16.01z""/><path fill=""#fff"" d=""M104.01 104h16v16H104zm0-16h16v16H104zM104.01 104h16v16H104z""/></svg>"
c154848399a4f841032152a8fd110853,"<svg xmlns=""http://www.w3.org/2000/svg"" width=""256"" height=""256"" viewBox=""0 0 256 256""><path fill=""#4d4d4d"" d=""M178.93 10.67a10.67 10.67 0 0 1-10.66 10.66H10.67A10.67 10.67 0 0 1 0 10.67V0h178.93zm0 192a10.67 10.67 0 0 1-10.66 10.67H10.67A10.67 10.67 0 0 1 0 202.67v-10.66h178.93zM10.67 10.67h158.06v10.66H10.67z""/><path fill=""#4d4d4d"" d=""M10.67 106.67a10.67 10.67 0 1 0 21.33 0 10.67 10.67 0 1 0-21.33 0m106.66 0a10.67 10.67 0 1 0 21.33 0 10.67 10.67 0 1 0-21.33 0""/></svg>"
thesantatitan_deepseek-svg-dataset_0001861,"<svg xmlns=""http://www.w3.org/2000/svg"" width=""256"" height=""256"" viewBox=""0 0 256 256""><rect width=""256"" height=""256""/><g transform=""translate(128 128)""><circle r=""19.2"" fill=""#fff""/><path fill=""red"" d=""M44.8 76.8q-12.8 12.8-25.6 0t-25.6-12.8Q0 76.8 0 64q0-12.8 12.8-25.6T25.6 0q12.8 12.8 25.6 0t25.6 12.8q12.8-12.8 25.6 0t25.6 12.8q12.8 12.8 0 25.6t-25.6 12.8""/><path fill=""red"" d=""M44.8 76.8q-12.8 12.8-25.6 0t-25.6-12.8Q0 76.8 0 64q0-12.8 12.8-25.6T25.6 0q12.8 12.8 25.6 0t25.6 12.8q12.8 12.8 0 25.6t-25.6 12.8""/><path fill=""red"" d=""M44.8 76.8q-12.8 12.8-25.6 0t-25.6-12.8Q0 76.8 0 64q0-12.8 12.8-25.6T25.6 0q12.8 12.8 25.6 0t25.6 12.8q12.8 12.8 0 25.6t-25.6 12.8""/></g></svg>"
9dfcadfbe77e3a9d344fa097e4011604,"<svg xmlns=""http://www.w3.org/2000/svg"" width=""256"" height=""256"" viewBox=""0 0 256 256""><path d=""M84.79 17.07c-1.71 0-3.41-.53-4.8-1.7a10.7 10.7 0 0 0-7.47-7.47L1.71 1.7C.53 0 .53 0 0 0s0 .53 0 1.7l84.8 84.8c.53.53 1.7.53 2.24.53h.53v.53c0 .53.53.53 1.07.53 1.71 0 3.41-.53 4.8-1.71l84.8-84.8c.53-.53.53-1.07.53-2.24V1.7c0-1.71-.53-3.41-1.71-4.8m-1.71 1.71L1.71 84.8c-.53.53-1.07.53-2.24.53H0c-.53 0-.53 0-1.07-.53V1.7c0-.53 0-1.07.53-1.71z""/><path d=""M106.67 106.67a10.67 10.67 0 1 0 21.33 0 10.67 10.67 0 1 0-21.33 0""/></svg>"
460970e97a0b99580b580b281a8cdfec,"<svg xmlns=""http://www.w3.org/2000/svg"" width=""256"" height=""256"" viewBox=""0 0 256 256""><rect fill=""white"" height=""256"" width=""256""/><path fill=""currentColor"" d=""M94.78 10.67a85.33 85.33 0 1 0-170.67 0A85.33 85.33 0 0 0 94.78 10.67m0-10.67C42.67 0 0 42.67 0 94.78s42.67 94.77 94.78 94.77c52.11 0 94.77-42.67 94.77-94.77S146.89 0 94.78 0""/><path fill=""currentColor"" d=""M106.67 106.67h-64v-64l64-64 64 64z""/></svg>"
1c40e611bf221a4887d15aa63dfeab4a,"<svg xmlns=""http://www.w3.org/2000/svg"" width=""256"" height=""256"" viewBox=""0 0 256 256""><rect fill=""black"" height=""256"" width=""256""/></svg>"
aef27254394502ec4f6ee6a1a33f792d,"<svg xmlns=""http://www.w3.org/2000/svg"" width=""256"" height=""256"" viewBox=""0 0 256 256""><path fill=""#979797"" d=""M148.8 102.4H128V89.6h-12.8v12.8zm-12.8 12.8H128v12.8h-12.8v-12.8zM128 0H89.6v12.8H76.8V0zm-12.8 12.8H76.8v12.8H64V12.8zm-12.8 12.8H64v12.8H44.8V12.8zm-12.8 12.8H44.8v12.8H32V12.8z""/></svg>"
3faa14ab6e4926a2801762d051f6be07,"<svg xmlns=""http://www.w3.org/2000/svg"" width=""256"" height=""256"" viewBox=""0 0 256 256""><path fill=""#49e8d7"" d=""M0 128a128 128 0 1 0 256 0 128 128 0 1 0-256 0""/><path fill=""#fff"" d=""m192.01 128-16.01-16c-1.6-1.6-3.2-3.2-4.8-4.8l-16-16c-1.6-1.6-3.2-3.2-4.8-4.8s-3.2-1.6-4.8-4.8L96.01 64H64v16h32V64h32v16h32z""/></svg>"
f94696acd9611124d18e698ea470ec87,"<svg xmlns=""http://www.w3.org/2000/svg"" width=""256"" height=""256"" viewBox=""0 0 256 256""><path fill=""#040000"" d=""M197.82 10.67a10.67 10.67 0 0 0-15.04 0l-45.23 45.23L128 10.67l-45.23 45.23a10.67 10.67 0 0 0 0 15.04l45.23 45.23L128 182.4l45.23 45.23a10.67 10.67 0 0 0 15.04 0l45.23-45.23 45.23 45.23a10.67 10.67 0 0 0 15.04-15.04z""/></svg>"
thesantatitan_deepseek-svg-dataset_0000834,"<svg xmlns=""http://www.w3.org/2000/svg"" width=""256"" height=""256"" fill=""none"" stroke=""#fff"" stroke-width=""21.33"" viewBox=""0 0 256 256""><circle cx=""128"" cy=""128"" r=""106.67""/><path d=""M42.67 0h-32v96h32z""/></svg>"
53080b81994859ccab1868b3112d4ecf,"<svg xmlns=""http://www.w3.org/2000/svg"" width=""256"" height=""256"" viewBox=""0 0 256 256""><path d=""M178.94 10.67a10.67 10.67 0 0 1 10.66 10.66v128a10.67 10.67 0 0 1-10.66 10.66H10.67A10.67 10.67 0 0 1 0 146.67V21.33a10.67 10.67 0 0 1 10.67-10.66zm-16 16h-128l-.01-128h128z""/><path d=""m106.67 106.67-16-16L128 64l-21.33 21.33z""/></svg>"
a3d61defc645633b80ed8e138723ed53,"<svg xmlns=""http://www.w3.org/2000/svg"" width=""256"" height=""256"" viewBox=""0 0 256 256""><path fill=""#9e8eff"" d=""M174.93 16H16v16h158.93zM16 16v16h158.93V16zm-16 16v160a16 16 0 0 0 16 16h149.33a16 16 0 0 0 16-16V16z""/><path fill=""#9e8eff"" d=""M16 16v160a16 16 0 0 0 16 16h149.33a16 16 0 0 0 16-16V16z""/></svg>"
ad2cd3935f935daeff53d85105d1247f,"<svg xmlns=""http://www.w3.org/2000/svg"" width=""256"" height=""256"" viewBox=""0 0 256 256""><rect x=""0"" y=""0"" width=""256"" height=""256"" fill=""white""/><circle cx=""128"" cy=""128"" r=""64"" fill=""black""/></svg>"
f6d1ad64-70d5-481f-b013-143d63450b5d,"<svg xmlns=""http://www.w3.org/2000/svg"" width=""256"" height=""256"" fill=""none"" viewBox=""0 0 256 256""><g stroke=""#1c274c"" stroke-linecap=""round"" stroke-width=""16""><path d=""M85.33 96a42.67 42.67 0 1 0 0-85.33A42.67 42.67 0 0 0 85.33 96""/><path d=""m106.67 106.67-16-16""/></g></svg>"
648c48fa335d04ef08ced6789d73e7b6,"<svg xmlns=""http://www.w3.org/2000/svg"" width=""256"" height=""256"" fill=""none"" viewBox=""0 0 256 256""><path stroke=""#fff"" stroke-linecap=""round"" stroke-linejoin=""round"" stroke-width=""21.33"" d=""M74.67 85.33H96m-21.33 0h21.34""/></svg>"
8920d6b6-6849-4b3e-abe9-a367a192dece,"<svg xmlns=""http://www.w3.org/2000/svg"" width=""256"" height=""256"" fill=""none"" viewBox=""0 0 256 256""><g stroke=""#1c274c"" stroke-linecap=""round"" stroke-width=""16""><path d=""M96 181.33C42.67 181.33 0 138.67 0 96S42.67 0 96 0s96 42.67 96 96-42.67 96-96 96""/><circle cx=""128"" cy=""128"" r=""106.67""/></g></svg>"
272c4b74-97c0-4724-9b63-5c8405c2eeb6,"<svg xmlns=""http://www.w3.org/2000/svg"" width=""256"" height=""256"" fill=""none"" viewBox=""0 0 256 256""><g stroke=""#000"" stroke-linecap=""round"" stroke-linejoin=""round"" stroke-width=""21.33""><path d=""M85.33 42.67h-64C0 42.67 0 32 0 19.2V19.2c0-12.8 0-19.2 19.2-19.2H85.33""/><path d=""M192 192v-64c0-12.8 0-19.2-19.2-19.2H192""/><path d=""m192 192-64-64""/></g></svg>"
279659873728db818ccc4144460423e0,"<svg xmlns=""http://www.w3.org/2000/svg"" width=""256"" height=""256"" fill=""none"" viewBox=""0 0 256 256""><g stroke=""#000"" stroke-linecap=""round"" stroke-linejoin=""round"" stroke-width=""21.33""><path d=""M85.33 42.67a42.67 42.67 0 1 0-85.33 0""/><path d=""m96 106.67 10.67-10.66L128 96l-10.67 10.67z""/><path d=""M128 106.67c-21.33 0-42.66-10.66-58.66-26.66C42.67 64 64 42.67 85.33 42.67s42.66 21.34 58.66 42.67c-16 16-37.33 26.66-58.66 26.66""/></g></svg>"
c3f57d7a317d8718fd68ae4e98529616,"<svg xmlns=""http://www.w3.org/2000/svg"" width=""256"" height=""256"" viewBox=""0 0 256 256""><path fill=""#4897b7"" d=""M128 0C57.31 0 0 57.31 0 128s57.31 128 128 128 128-57.31 128-128S198.69 0 128 0m0 234.67c-58.88 0-106.67-47.79-106.67-106.67S69.12 21.33 128 21.33 234.67 69.12 234.67 128 186.88 234.67 128 234.67""/><path fill=""#2ca9bc"" d=""M128 106.67a21.33 21.33 0 1 0 0 42.66 21.33 21.33 0 0 0 0-42.66""/></svg>"
3c13d552c99343e6bf3956ba074a1de1,"<svg xmlns=""http://www.w3.org/2000/svg"" width=""256"" height=""256"" viewBox=""0 0 256 256""><path d=""M197.48 10.67a10.67 10.67 0 0 0-15.04 0l-32 32L106.67 0v106.67h10.66V10.67zm-10.66 10.66H106.67v106.66h10.66z""/></svg>"
f55f5c3e8b53f31e4579bb7b6e27e641,"<svg xmlns=""http://www.w3.org/2000/svg"" width=""256"" height=""256"" viewBox=""0 0 256 256""><path fill=""currentColor"" d=""M184.79 16H16C7.17 16 0 23.17 0 32v192c0 8.83 7.17 16 16 16h168.79a16 16 0 0 0 16-16V32c0-8.83-7.17-16-16-16m-16 192H16V32h152.79zM160 160H32v-16h128zm-16-32H32v-16h128z""/><path fill=""currentColor"" d=""M160 160H32v-16h128zm-16-32H32v-16h128z""/></svg>"
74a8caac68ce9de269ecea0d1cbb6ec1,"<svg xmlns=""http://www.w3.org/2000/svg"" width=""256"" height=""256"" viewBox=""0 0 256 256""><path fill=""#4a90e2"" d=""M178.24 109.12c-1.28 0-2.56-.64-3.2-1.28l-1.28-1.28C174.08 96.64 168 96 160 96s-14.08 0-21.76 1.28L108.8 109.12c-1.28 0-2.56-.64-3.2-1.28S96 108.64 96 108v-1.28c0-1.28 0-2.56.64-3.2l1.28-1.28C108.8 96 112 96 112 96s14.08 0 21.76 1.28l1.28 1.28c1.28 0 2.56.64 3.2 1.28s1.28 1.28 1.28 3.2V108c0 1.28 0 2.56-.64 3.2m-12.8 0c-1.28 0-2.56-.64-3.2-1.28l-1.28-1.28C108.8 96 112 96 112 96s14.08 0 21.76 1.28l1.28 1.28c1.28 0 2.56-.64 3.2-1.28s1.28-1.28 1.28-3.2V108c0-1.28 0-2.56-.64-3.2l-1.28-1.28c-1.28 0-2.56-.64-3.2-1.28s-1.28-1.28-1.28-3.2zm-12.8 0c-1.28 0-2.56-.64-3.2-1.28l-1.28-1.28C108.8 96 112 96 112 96s14.08 0 21.76 1.28l1.28 1.28c1.28 0 2.56-.64 3.2-1.28s1.28-1.28 1.28-3.2V108c0-1.28 0-2.56-.64-3.2l-1.28-1.28c-1.28 0-2.56-.64-3.2-1.28s-1.28-1.28-1.28-3.2zM108.8 0C48.64 0 0 48.64 0 108.8s48.64 108.8 108.8 108.8 108.8-48.64 108.8-108.8S168.96 0 108.8 0m0 192c-52.48 0-96-43.52-96-96s43.52-96 96-96 96 43.52 96 96-43.52 96-96 96""/></svg>"
b87359632ddd854d536864cabe9f7300,"<svg xmlns=""http://www.w3.org/2000/svg"" width=""256"" height=""256"" viewBox=""0 0 256 256""><path fill=""#4a4a4a"" d=""M178.93 109.47c-1.6 0-3.2-.53-4.8-1.6l-16.53-16.53a10.67 10.67 0 0 0-15.47 0L109.47 96 92.8 80.53a10.67 10.67 0 0 0-15.47 0L76.8 96 60.27 80.53a10.67 10.67 0 0 0-15.47 0L42.67 96v-16C42.67 42.67 85.33 0 128 0s85.33 42.67 85.33 85.33v16zm-10.67 0H128V128h53.33zM128 160c-53.01 0-96-42.99-96-96S74.99 16 128 16s96 42.99 96 96-42.99 96-96 96m0-160c-44.11 0-80 35.89-80 80s35.89 80 80 80 80-35.89 80-80-35.89-80-80-80""/></svg>"
3fd4d7fc4a414ed435f0e59263a18e9b,"<svg xmlns=""http://www.w3.org/2000/svg"" width=""256"" height=""256"" viewBox=""0 0 256 256""><rect x=""0"" y=""0"" width=""256"" height=""256"" fill=""white""/><circle cx=""128"" cy=""128"" r=""64"" fill=""#fff""/></svg>"
1c80d7f120424b69ab1877ec41c68ee7,"<svg xmlns=""http://www.w3.org/2000/svg"" width=""256"" height=""256"" viewBox=""0 0 256 256""><rect x=""0"" y=""0"" width=""256"" height=""256"" fill=""white""/><circle cx=""128"" cy=""128"" r=""64"" fill=""#ff9800""/></svg>"
2c76d7441a10f524ef326b042b097306,"<svg xmlns=""http://www.w3.org/2000/svg"" width=""256"" height=""256"" viewBox=""0 0 256 256""><path fill=""#333"" d=""M197.48 0H18.52C8.2 0 0 8.2 0 18.52v178.96c0 10.32 8.2 18.52 18.52 18.52h178.96c10.32 0 18.52-8.2 18.52-18.52V18.52C215.99 8.2 207.79 0 197.48 0m-17.9 197.48H17.9V17.9h169.68zM103.99 128a8.5 8.5 0 0 1-8.52-8.52V85.48a8.5 8.5 0 0 1 8.52-8.52 8.5 8.5 0 0 1 8.52 8.52v34.02a8.5 8.5 0 0 1-8.52 8.52""/><path fill=""#333"" d=""M103.99 103.99a8.5 8.5 0 0 1-8.52-8.52V56.99a8.5 8.5 0 0 1 8.52-8.52 8.5 8.5 0 0 1 8.52 8.52v40.48a8.5 8.5 0 0 1-8.52 8.52m0-40.48a8.5 8.5 0 0 1-8.52-8.52V56.99a8.5 8.5 0 0 1 8.52-8.52 8.5 8.5 0 0 1 8.52 8.52v15.99a8.5 8.5 0 0 1-8.52 8.52m0-40.48a8.5 8.5 0 0 1-8.52-8.52V56.99a8.5 8.5 0 0 1 8.52-8.52 8.5 8.5 0 0 1 8.52 8.52v15.99a8.5 8.5 0 0 1-8.52 8.52""/></svg>"
f49f1c737a56daff341433cb60b7924d,"<svg xmlns=""http://www.w3.org/2000/svg"" width=""256"" height=""256"" viewBox=""0 0 256 256""><rect x=""0"" y=""0"" width=""256"" height=""256"" fill=""white""/><circle cx=""128"" cy=""128"" r=""64"" fill=""#444""/></svg>"
7503ff288bff8e874e73449a51813e7d,"<svg xmlns=""http://www.w3.org/2000/svg"" width=""256"" height=""256"" viewBox=""0 0 256 256""><path d=""M184.79 16H16v-8a8 8 0 0 0-8-8h-.1l-.01-.01V8c0-4.41 3.59-8 8-8h168c4.41 0 8 3.59 8 8v16h16.1l.01.01zM16 16v160h168V16zm168 160H16V16h168z""/><path d=""m168.01 160-16-16h-16v-16h16L160 16h16v16h16l-16 16z""/></svg>"
9e01777dfb2f3e224a79d3cd87af2b62,"<svg xmlns=""http://www.w3.org/2000/svg"" width=""256"" height=""256"" viewBox=""0 0 256 256""><path d=""M197.48 0H10.52C4.7 0 0 4.7 0 10.52v176.9c0 5.82 4.7 10.52 10.52 10.52h186.96c5.82 0 10.52-4.7 10.52-10.52V10.52C208 4.7 203.3 0 197.48 0m-18.28 186.9c0 5.82-4.7 10.52-10.52 10.52H10.52c-5.82 0-10.52-4.7-10.52-10.52V10.52c0-5.82 4.7-10.52 10.52-10.52h186.96c5.82 0 10.52 4.7 10.52 10.52z""/><path d=""M105.2 105.2a30.1 30.1 0 0 1-30.08-30.08 30.1 30.1 0 0 1 30.08-30.08 30.1 30.1 0 0 1 30.08 30.08 30.1 30.1 0 0 1-30.08 30.08m0-45.28a15.2 15.2 0 0 0-15.16 15.16 15.2 15.2 0 0 0 15.16 15.16 15.2 15.2 0 0 0 15.16-15.16 15.2 15.2 0 0 0-15.16-15.16""/><path d=""M140.42 105.2a15.2 15.2 0 0 0-15.16 15.16 15.2 15.2 0 0 0 15.16 15.16 15.2 15.2 0 0 0 15.16-15.16 15.2 15.2 0 0 0-15.16-15.16m0-45.28a30.1 30.1 0 0 1-30.08 30.08 30.1 30.1 0 0 1 30.08 30.08 30.1 30.1 0 0 1 30.08-30.08 30.1 30.1 0 0 1-30.08-30.08""/></svg>"
4f1015a98aa9e51b1d2e67e949839841,"<svg xmlns=""http://www.w3.org/2000/svg"" width=""256"" height=""256"" viewBox=""0 0 256 256""><path fill=""#4d4d4d"" d=""M197.87 0H10.13C4.53 0 0 4.53 0 10.13v187.74c0 5.6 4.53 10.13 10.13 10.13h187.74c5.6 0 10.13-4.53 10.13-10.13V10.13C208 4.53 203.47 0 197.87 0m-18.67 197.87a8.5 8.5 0 0 1-8.53 8.53H10.13a8.5 8.5 0 0 1-8.53-8.53V10.13a8.5 8.5 0 0 1 8.53-8.53h187.74a8.5 8.5 0 0 1 8.53 8.53z""/><path fill=""#4d4d4d"" d=""M101.33 101.33a8.5 8.5 0 0 1-8.53-8.53V8.53a8.5 8.5 0 0 1 8.53-8.53 8.5 8.5 0 0 1 8.53 8.53v84.27a8.5 8.5 0 0 1-8.53 8.53m0-16a24.5 24.5 0 0 0-24.53 24.53 24.5 24.5 0 0 0 24.53 24.54 24.5 24.5 0 0 0 24.53-24.54 24.5 24.5 0 0 0-24.53-24.53m0-16a40.5 40.5 0 0 1 40.53 40.53 40.5 40.5 0 0 1-40.53 40.54 40.5 40.5 0 0 1-40.53-40.54 40.5 40.5 0 0 1 40.53-40.53m0-16a56.5 56.5 0 0 0-56.53 56.53 56.5 56.5 0 0 0 56.53 56.54 56.5 56.5 0 0 0 56.53-56.54 56.5 56.5 0 0 0-56.53-56.53""/></svg>"
4d93502307889b04bd949f31e69c6023,"<svg xmlns=""http://www.w3.org/2000/svg"" width=""256"" height=""256"" viewBox=""0 0 256 256""><path fill=""currentColor"" d=""M178.49 10.67a10.67 10.67 0 0 1-15.08 15.08L10.67 178.49l-.01.01A10.67 10.67 0 0 1 .01 163.41l10.67-10.67v-128A10.67 10.67 0 0 1 21.33 0h128a10.67 10.67 0 0 1 10.66 10.67zm-160 160H10.67V21.33h128zM10.67 10.67v128h128V10.67z""/><path fill=""currentColor"" d=""m10.67 10.67 10.66 10.66v128H10.67z""/></svg>"
47af911fcf29bf61fdf8ea81ef955d3b,"<svg xmlns=""http://www.w3.org/2000/svg"" width=""256"" height=""256"" viewBox=""0 0 256 256""><rect x=""0"" y=""0"" width=""256"" height=""256"" fill=""white""/><circle cx=""128"" cy=""128"" r=""64"" fill=""#272636""/></svg>"
0d47341b2c8035885544353725467f5a,"<svg xmlns=""http://www.w3.org/2000/svg"" width=""256"" height=""256"" viewBox=""0 0 256 256""><path d=""M128 0C57.42 0 0 57.42 0 128s57.42 128 128 128 128-57.42 128-128S198.58 0 128 0m0 234.67c-58.88 0-106.67-47.79-106.67-106.67S69.12 21.33 128 21.33 234.67 69.12 234.67 128 186.88 234.67 128 234.67""/><path d=""M128 106.67a10.67 10.67 0 0 1 10.67 10.66v42.66H128V128h-21.33v42.67a10.67 10.67 0 0 1-21.34 0V128H74.67v42.67a10.67 10.67 0 0 1-21.34 0V128H32v-42.67a10.67 10.67 0 0 1 10.67-10.66zm0-10.67a10.67 10.67 0 0 0-10.67 10.67v42.66H128V128h-21.33v42.67a10.67 10.67 0 0 0 21.33 0V128h21.34v42.67a10.67 10.67 0 0 0 21.34 0V128h21.33z""/></svg>"
b788e6e0dcd0937da8a32b74843093ac,"<svg xmlns=""http://www.w3.org/2000/svg"" width=""256"" height=""256"" viewBox=""0 0 256 256""><path fill=""#4d4d4d"" d=""M189.73 189.73H0V0h189.73zM10.67 179.07v-179h168.54v168.54z""/></svg>"
e45de9de342015e87c2e0f6b9ac79681,"<svg xmlns=""http://www.w3.org/2000/svg"" width=""256"" height=""256"" viewBox=""0 0 256 256""><path d=""M104 0C46.72 0 0 46.72 0 104s46.72 104 104 104 104-46.72 104-104S161.28 0 104 0m0 192c-48.32 0-88-39.68-88-88s39.68-88 88-88 88 39.68 88 88-39.68 88-88 88""/><path d=""M104 16a8 8 0 0 0-8 8v112h-16V24a8 8 0 0 0-16 0v112H24a8 8 0 0 0 0 16h112v16H24a8 8 0 0 0 0 16h112v16a8 8 0 0 0 16 0v-112h16v112a8 8 0 0 0 8 8""/></svg>"
9fe2535b5fbcbfae159f688d4020aebe,"<svg xmlns=""http://www.w3.org/2000/svg"" width=""256"" height=""256"" viewBox=""0 0 256 256""><path fill=""#4d4d4d"" d=""M87.99 10.67a10.67 10.67 0 1 0 21.33 0 10.67 10.67 0 1 0-21.33 0""/><path fill=""#4d4d4d"" d=""M175.99 10.67a10.67 10.67 0 1 0 21.33 0 10.67 10.67 0 1 0-21.33 0""/><path fill=""#4d4d4d"" d=""M10.67 10.67a10.67 10.67 0 1 0 21.33 0 10.67 10.67 0 1 0-21.33 0""/></svg>"
f7986b254fccd375bccb3f49786ec8b9,"<svg xmlns=""http://www.w3.org/2000/svg"" width=""256"" height=""256"" viewBox=""0 0 256 256""><path fill=""currentColor"" d=""M128 0C57.42 0 0 57.42 0 128s57.42 128 128 128 128-57.42 128-128S198.58 0 128 0m0 234.67c-58.88 0-106.67-47.79-106.67-106.67S69.12 21.33 128 21.33 234.67 69.12 234.67 128 186.88 234.67 128 234.67""/><path fill=""currentColor"" d=""M128 106.67a10.67 10.67 0 0 1-10.67-10.66V64H96v32A10.67 10.67 0 0 1 85.33 96h32v-10.67zm-10.67 0v-32H96v32z""/></svg>"
e105c7946f35f0183b584184b94257ef,"<svg xmlns=""http://www.w3.org/2000/svg"" width=""256"" height=""256"" viewBox=""0 0 256 256""><path d=""M197.48 10.67a10.67 10.67 0 0 1 .13 21.33H10.67A10.67 10.67 0 0 1 0 21.33v149.34a10.67 10.67 0 0 1-21.33 0V21.33A21.33 21.33 0 0 1 21.33 0h165.32a10.67 10.67 0 0 1 10.66 10.67m-186.66 149.34h165.32c5.89 0 10.66 4.77 10.66 10.67s-4.77 10.66-10.66 10.66H21.33c-5.89 0-10.66-4.77-10.66-10.66s4.77-10.67 10.66-10.67""/><path d=""M197.48 10.67a10.67 10.67 0 0 1 .13 21.33H10.67A10.67 10.67 0 0 1 0 21.33v149.34a10.67 10.67 0 0 1 21.33 0V21.33a21.33 21.33 0 0 1 21.33 21.33h165.32a10.67 10.67 0 0 1 10.66 10.66 10.67 10.67 0 0 1-10.66 10.67H21.33a10.67 10.67 0 0 1-10.66-10.67 10.67 10.67 0 0 1 10.66-10.66z""/></svg>"
ee2648b55e124267dd840bf2e7216da8,"<svg xmlns=""http://www.w3.org/2000/svg"" width=""256"" height=""256"" viewBox=""0 0 256 256""><path fill=""currentColor"" d=""M149.33 85.33h-74.66V64H128v21.33h-21.33V64H96v21.33H74.67V64H53.33v21.33H32V64H10.67A10.67 10.67 0 0 0 0 74.67v106.66a10.67 10.67 0 0 0 10.67 10.66h128a10.67 10.67 0 0 0 10.66-10.66V74.67a10.67 10.67 0 0 0-10.66-10.66m-128 106.66h128V192H21.33z""/><path fill=""currentColor"" d=""M128 106.67c-17.71 0-32-14.29-32-32s14.29-32 32-32 32 14.29 32 32-14.29 32-32 32""/></svg>"
782410b459147b8f4b4068e24d1ae9d9,"<svg xmlns=""http://www.w3.org/2000/svg"" width=""256"" height=""256"" viewBox=""0 0 256 256""><rect width=""256"" height=""256"" fill=""black""/><path fill=""#fff"" d=""M94.78 182.8a87.5 87.5 0 0 1-61.02-26.72A87.5 87.5 0 0 1 0 94.78a87.5 87.5 0 0 1 26.72-61.02A87.5 87.5 0 0 1 94.78 10.76c35.2 0 64 28.8 64 64s-28.8 64-64 64m0-128a39.5 39.5 0 0 0-39.48 39.48 39.5 39.5 0 0 0 39.48 39.48 39.5 39.5 0 0 0 39.48-39.48 39.5 39.5 0 0 0-39.48-39.48""/><path fill=""#fff"" d=""M153.22 182.8a87.5 87.5 0 0 1-61.02-26.72A87.5 87.5 0 0 1 0 94.78a87.5 87.5 0 0 1 26.72-61.02A87.5 87.5 0 0 1 94.78 10.76c35.2 0 64 28.8 64 64s-28.8 64-64 64m0-128a39.5 39.5 0 0 0-39.48 39.48 39.5 39.5 0 0 0 39.48 39.48 39.5 39.5 0 0 0 39.48-39.48 39.5 39.5 0 0 0-39.48-39.48""/><path fill=""#fff"" d=""M153.22 182.8a87.5 87.5 0 0 1-61.02-26.72A87.5 87.5 0 0 1 0 94.78a87.5 87.5 0 0 1 26.72-61.02A87.5 87.5 0 0 1 94.78 10.76c35.2 0 64 28.8 64 64s-28.8 64-64 64m0-128a39.5 39.5 0 0 0-39.48 39.48 39.5 39.5 0 0 0 39.48 39.48 39.5 39.5 0 0 0 39.48-39.48 39.5 39.5 0 0 0-39.48-39.48""/></svg>"
